#ifdef __has_include
    #if __has_include("lvgl.h")
        #ifndef LV_LVGL_H_INCLUDE_SIMPLE
            #define LV_LVGL_H_INCLUDE_SIMPLE
        #endif
    #endif
#endif

#if defined(LV_LVGL_H_INCLUDE_SIMPLE)
    #include "lvgl.h"
#else
    #include "lvgl/lvgl.h"
#endif


#ifndef LV_ATTRIBUTE_MEM_ALIGN
#define LV_ATTRIBUTE_MEM_ALIGN
#endif

#ifndef LV_ATTRIBUTE_IMG_NEW_DD_TRICKS
#define LV_ATTRIBUTE_IMG_NEW_DD_TRICKS
#endif

const LV_ATTRIBUTE_MEM_ALIGN LV_ATTRIBUTE_LARGE_CONST LV_ATTRIBUTE_IMG_NEW_DD_TRICKS uint8_t new_dd_tricks_map[] = {
  0x27, 0x27, 0x27, 0xff, 	/*Color of index 0*/
  0x22, 0x22, 0x22, 0xff, 	/*Color of index 1*/
  0x1b, 0x1b, 0x1b, 0xff, 	/*Color of index 2*/
  0x15, 0x15, 0x15, 0xff, 	/*Color of index 3*/
  0x12, 0x12, 0x12, 0xff, 	/*Color of index 4*/
  0x0e, 0x0e, 0x0e, 0xff, 	/*Color of index 5*/
  0x20, 0x1f, 0x27, 0xff, 	/*Color of index 6*/
  0x19, 0x1d, 0x29, 0xff, 	/*Color of index 7*/
  0x13, 0x15, 0x1a, 0xff, 	/*Color of index 8*/
  0x09, 0x0c, 0x14, 0xff, 	/*Color of index 9*/
  0x00, 0x04, 0x12, 0xff, 	/*Color of index 10*/
  0x00, 0x01, 0x09, 0xff, 	/*Color of index 11*/
  0xa3, 0xd1, 0xe0, 0xff, 	/*Color of index 12*/
  0x99, 0xca, 0xe2, 0xff, 	/*Color of index 13*/
  0xa2, 0xc9, 0xd9, 0xff, 	/*Color of index 14*/
  0x93, 0xc9, 0xdd, 0xff, 	/*Color of index 15*/
  0x8a, 0xc8, 0xdd, 0xff, 	/*Color of index 16*/
  0x98, 0xc6, 0xd8, 0xff, 	/*Color of index 17*/
  0x8c, 0xc7, 0xd5, 0xff, 	/*Color of index 18*/
  0x8c, 0xc4, 0xdf, 0xff, 	/*Color of index 19*/
  0x91, 0xc3, 0xda, 0xff, 	/*Color of index 20*/
  0xa4, 0xc3, 0xd2, 0xff, 	/*Color of index 21*/
  0x8a, 0xc3, 0xd8, 0xff, 	/*Color of index 22*/
  0x9a, 0xc1, 0xd2, 0xff, 	/*Color of index 23*/
  0x92, 0xc1, 0xd3, 0xff, 	/*Color of index 24*/
  0x84, 0xc0, 0xd9, 0xff, 	/*Color of index 25*/
  0x8b, 0xc0, 0xd4, 0xff, 	/*Color of index 26*/
  0x93, 0xbd, 0xd9, 0xff, 	/*Color of index 27*/
  0x84, 0xc0, 0xd3, 0xff, 	/*Color of index 28*/
  0x8a, 0xbd, 0xd7, 0xff, 	/*Color of index 29*/
  0xa1, 0xbe, 0xcb, 0xff, 	/*Color of index 30*/
  0x7d, 0xbe, 0xd7, 0xff, 	/*Color of index 31*/
  0x93, 0xbd, 0xd2, 0xff, 	/*Color of index 32*/
  0x7b, 0xbf, 0xd3, 0xff, 	/*Color of index 33*/
  0x83, 0xbd, 0xd7, 0xff, 	/*Color of index 34*/
  0x88, 0xbd, 0xd2, 0xff, 	/*Color of index 35*/
  0x99, 0xbd, 0xcb, 0xff, 	/*Color of index 36*/
  0x75, 0xbb, 0xd9, 0xff, 	/*Color of index 37*/
  0x83, 0xbb, 0xd2, 0xff, 	/*Color of index 38*/
  0x92, 0xbb, 0xcc, 0xff, 	/*Color of index 39*/
  0x7c, 0xba, 0xd2, 0xff, 	/*Color of index 40*/
  0x8a, 0xba, 0xcd, 0xff, 	/*Color of index 41*/
  0x63, 0xba, 0xd8, 0xff, 	/*Color of index 42*/
  0x83, 0xb9, 0xcd, 0xff, 	/*Color of index 43*/
  0x75, 0xb9, 0xd1, 0xff, 	/*Color of index 44*/
  0x95, 0xb9, 0xc5, 0xff, 	/*Color of index 45*/
  0x7c, 0xb8, 0xce, 0xff, 	/*Color of index 46*/
  0x83, 0xb6, 0xd0, 0xff, 	/*Color of index 47*/
  0x93, 0xb5, 0xca, 0xff, 	/*Color of index 48*/
  0x8b, 0xb7, 0xc5, 0xff, 	/*Color of index 49*/
  0x7b, 0xb5, 0xcf, 0xff, 	/*Color of index 50*/
  0x8a, 0xb4, 0xcb, 0xff, 	/*Color of index 51*/
  0x72, 0xb5, 0xcf, 0xff, 	/*Color of index 52*/
  0x81, 0xb4, 0xca, 0xff, 	/*Color of index 53*/
  0x95, 0xb3, 0xc3, 0xff, 	/*Color of index 54*/
  0x79, 0xb3, 0xcb, 0xff, 	/*Color of index 55*/
  0x8b, 0xb2, 0xc3, 0xff, 	/*Color of index 56*/
  0x73, 0xb2, 0xca, 0xff, 	/*Color of index 57*/
  0x6b, 0xb2, 0xcb, 0xff, 	/*Color of index 58*/
  0x82, 0xb2, 0xc3, 0xff, 	/*Color of index 59*/
  0x7c, 0xb0, 0xc5, 0xff, 	/*Color of index 60*/
  0x82, 0xae, 0xc9, 0xff, 	/*Color of index 61*/
  0x73, 0xb0, 0xc5, 0xff, 	/*Color of index 62*/
  0x92, 0xaf, 0xbc, 0xff, 	/*Color of index 63*/
  0x6a, 0xb0, 0xc6, 0xff, 	/*Color of index 64*/
  0x72, 0xae, 0xc8, 0xff, 	/*Color of index 65*/
  0x79, 0xad, 0xc7, 0xff, 	/*Color of index 66*/
  0x83, 0xad, 0xc2, 0xff, 	/*Color of index 67*/
  0x6b, 0xad, 0xc8, 0xff, 	/*Color of index 68*/
  0x89, 0xac, 0xbd, 0xff, 	/*Color of index 69*/
  0x65, 0xac, 0xc9, 0xff, 	/*Color of index 70*/
  0x79, 0xaa, 0xc2, 0xff, 	/*Color of index 71*/
  0x72, 0xaa, 0xc4, 0xff, 	/*Color of index 72*/
  0x6c, 0xaa, 0xc3, 0xff, 	/*Color of index 73*/
  0x52, 0xaa, 0xca, 0xff, 	/*Color of index 74*/
  0x83, 0xa9, 0xba, 0xff, 	/*Color of index 75*/
  0x64, 0xa9, 0xc3, 0xff, 	/*Color of index 76*/
  0x75, 0xa9, 0xbd, 0xff, 	/*Color of index 77*/
  0x6a, 0xa9, 0xbe, 0xff, 	/*Color of index 78*/
  0x35, 0xab, 0xc9, 0xff, 	/*Color of index 79*/
  0x7b, 0xa6, 0xbb, 0xff, 	/*Color of index 80*/
  0x6b, 0xa6, 0xc0, 0xff, 	/*Color of index 81*/
  0x8d, 0xa6, 0xb1, 0xff, 	/*Color of index 82*/
  0x61, 0xa5, 0xc1, 0xff, 	/*Color of index 83*/
  0x72, 0xa3, 0xbd, 0xff, 	/*Color of index 84*/
  0x6c, 0xa2, 0xba, 0xff, 	/*Color of index 85*/
  0x80, 0xa2, 0xb3, 0xff, 	/*Color of index 86*/
  0x59, 0xa2, 0xbf, 0xff, 	/*Color of index 87*/
  0x73, 0xa1, 0xb4, 0xff, 	/*Color of index 88*/
  0x64, 0xa0, 0xbb, 0xff, 	/*Color of index 89*/
  0x40, 0xa1, 0xc1, 0xff, 	/*Color of index 90*/
  0x1e, 0xa2, 0xc3, 0xff, 	/*Color of index 91*/
  0x79, 0x9d, 0xae, 0xff, 	/*Color of index 92*/
  0x73, 0x9b, 0xb6, 0xff, 	/*Color of index 93*/
  0x68, 0x9c, 0xb5, 0xff, 	/*Color of index 94*/
  0x83, 0x9b, 0xaa, 0xff, 	/*Color of index 95*/
  0x63, 0x99, 0xb3, 0xff, 	/*Color of index 96*/
  0x59, 0x9a, 0xb3, 0xff, 	/*Color of index 97*/
  0x72, 0x98, 0xaa, 0xff, 	/*Color of index 98*/
  0x1e, 0x9b, 0xbb, 0xff, 	/*Color of index 99*/
  0x7b, 0x96, 0xa2, 0xff, 	/*Color of index 100*/
  0x6c, 0x94, 0xab, 0xff, 	/*Color of index 101*/
  0x0b, 0x98, 0xbd, 0xff, 	/*Color of index 102*/
  0x62, 0x93, 0xad, 0xff, 	/*Color of index 103*/
  0x33, 0x95, 0xb5, 0xff, 	/*Color of index 104*/
  0x6f, 0x93, 0xa1, 0xff, 	/*Color of index 105*/
  0x56, 0x90, 0xa9, 0xff, 	/*Color of index 106*/
  0x62, 0x8e, 0xa4, 0xff, 	/*Color of index 107*/
  0x1f, 0x8f, 0xb0, 0xff, 	/*Color of index 108*/
  0x6a, 0x8b, 0xa3, 0xff, 	/*Color of index 109*/
  0x5c, 0x8a, 0xa2, 0xff, 	/*Color of index 110*/
  0x71, 0x8b, 0x97, 0xff, 	/*Color of index 111*/
  0x0a, 0x8e, 0xaf, 0xff, 	/*Color of index 112*/
  0x34, 0x8b, 0xa6, 0xff, 	/*Color of index 113*/
  0x51, 0x88, 0xa1, 0xff, 	/*Color of index 114*/
  0x63, 0x88, 0x98, 0xff, 	/*Color of index 115*/
  0x62, 0x84, 0x9d, 0xff, 	/*Color of index 116*/
  0x5a, 0x83, 0x9b, 0xff, 	/*Color of index 117*/
  0x69, 0x82, 0x8f, 0xff, 	/*Color of index 118*/
  0x12, 0x84, 0xa5, 0xff, 	/*Color of index 119*/
  0x51, 0x80, 0x9b, 0xff, 	/*Color of index 120*/
  0x27, 0x82, 0xa2, 0xff, 	/*Color of index 121*/
  0x43, 0x80, 0x9a, 0xff, 	/*Color of index 122*/
  0x5a, 0x7e, 0x94, 0xff, 	/*Color of index 123*/
  0x62, 0x7e, 0x8c, 0xff, 	/*Color of index 124*/
  0x54, 0x7a, 0x91, 0xff, 	/*Color of index 125*/
  0x47, 0x7a, 0x92, 0xff, 	/*Color of index 126*/
  0x5b, 0x79, 0x87, 0xff, 	/*Color of index 127*/
  0x29, 0x78, 0x97, 0xff, 	/*Color of index 128*/
  0x53, 0x75, 0x8c, 0xff, 	/*Color of index 129*/
  0x5d, 0x74, 0x81, 0xff, 	/*Color of index 130*/
  0x49, 0x72, 0x8d, 0xff, 	/*Color of index 131*/
  0x14, 0x74, 0x95, 0xff, 	/*Color of index 132*/
  0x40, 0x71, 0x8a, 0xff, 	/*Color of index 133*/
  0x50, 0x71, 0x81, 0xff, 	/*Color of index 134*/
  0x5b, 0x6e, 0x7b, 0xff, 	/*Color of index 135*/
  0x33, 0x6e, 0x88, 0xff, 	/*Color of index 136*/
  0x4e, 0x6c, 0x83, 0xff, 	/*Color of index 137*/
  0x41, 0x6d, 0x83, 0xff, 	/*Color of index 138*/
  0x52, 0x6c, 0x77, 0xff, 	/*Color of index 139*/
  0x1e, 0x6b, 0x86, 0xff, 	/*Color of index 140*/
  0x3a, 0x69, 0x81, 0xff, 	/*Color of index 141*/
  0x4a, 0x68, 0x78, 0xff, 	/*Color of index 142*/
  0x4e, 0x65, 0x7a, 0xff, 	/*Color of index 143*/
  0x3f, 0x63, 0x7a, 0xff, 	/*Color of index 144*/
  0x2e, 0x63, 0x7b, 0xff, 	/*Color of index 145*/
  0x54, 0x61, 0x71, 0xff, 	/*Color of index 146*/
  0x48, 0x61, 0x71, 0xff, 	/*Color of index 147*/
  0x42, 0x5e, 0x73, 0xff, 	/*Color of index 148*/
  0x3b, 0x5b, 0x73, 0xff, 	/*Color of index 149*/
  0x1b, 0x5c, 0x78, 0xff, 	/*Color of index 150*/
  0x30, 0x5b, 0x74, 0xff, 	/*Color of index 151*/
  0x4e, 0x5a, 0x6c, 0xff, 	/*Color of index 152*/
  0x40, 0x5b, 0x6a, 0xff, 	/*Color of index 153*/
  0x04, 0x5b, 0x7d, 0xff, 	/*Color of index 154*/
  0x21, 0x56, 0x71, 0xff, 	/*Color of index 155*/
  0x40, 0x54, 0x6a, 0xff, 	/*Color of index 156*/
  0x32, 0x55, 0x6b, 0xff, 	/*Color of index 157*/
  0x4a, 0x53, 0x67, 0xff, 	/*Color of index 158*/
  0x44, 0x53, 0x61, 0xff, 	/*Color of index 159*/
  0x3a, 0x54, 0x60, 0xff, 	/*Color of index 160*/
  0x21, 0x52, 0x6b, 0xff, 	/*Color of index 161*/
  0x31, 0x51, 0x60, 0xff, 	/*Color of index 162*/
  0x3a, 0x4d, 0x63, 0xff, 	/*Color of index 163*/
  0x43, 0x4c, 0x5e, 0xff, 	/*Color of index 164*/
  0x1c, 0x4b, 0x63, 0xff, 	/*Color of index 165*/
  0x30, 0x49, 0x62, 0xff, 	/*Color of index 166*/
  0x30, 0x4b, 0x5a, 0xff, 	/*Color of index 167*/
  0x3b, 0x47, 0x5b, 0xff, 	/*Color of index 168*/
  0x1e, 0x46, 0x5b, 0xff, 	/*Color of index 169*/
  0x08, 0x45, 0x61, 0xff, 	/*Color of index 170*/
  0x30, 0x42, 0x5b, 0xff, 	/*Color of index 171*/
  0x36, 0x44, 0x52, 0xff, 	/*Color of index 172*/
  0x29, 0x45, 0x51, 0xff, 	/*Color of index 173*/
  0x15, 0x41, 0x5a, 0xff, 	/*Color of index 174*/
  0x20, 0x40, 0x52, 0xff, 	/*Color of index 175*/
  0x35, 0x3f, 0x4e, 0xff, 	/*Color of index 176*/
  0x2b, 0x3f, 0x4b, 0xff, 	/*Color of index 177*/
  0x15, 0x3b, 0x51, 0xff, 	/*Color of index 178*/
  0x1f, 0x3a, 0x4c, 0xff, 	/*Color of index 179*/
  0x08, 0x39, 0x53, 0xff, 	/*Color of index 180*/
  0x2d, 0x39, 0x41, 0xff, 	/*Color of index 181*/
  0x1e, 0x39, 0x44, 0xff, 	/*Color of index 182*/
  0x23, 0x35, 0x44, 0xff, 	/*Color of index 183*/
  0x0f, 0x34, 0x4a, 0xff, 	/*Color of index 184*/
  0x03, 0x32, 0x4c, 0xff, 	/*Color of index 185*/
  0x1a, 0x32, 0x42, 0xff, 	/*Color of index 186*/
  0x25, 0x30, 0x39, 0xff, 	/*Color of index 187*/
  0x0f, 0x2e, 0x43, 0xff, 	/*Color of index 188*/
  0x19, 0x2e, 0x39, 0xff, 	/*Color of index 189*/
  0x29, 0x2e, 0x31, 0xff, 	/*Color of index 190*/
  0x04, 0x2b, 0x42, 0xff, 	/*Color of index 191*/
  0x13, 0x2b, 0x3b, 0xff, 	/*Color of index 192*/
  0x22, 0x29, 0x34, 0xff, 	/*Color of index 193*/
  0x26, 0x2a, 0x2b, 0xff, 	/*Color of index 194*/
  0x0c, 0x27, 0x3a, 0xff, 	/*Color of index 195*/
  0x1b, 0x27, 0x31, 0xff, 	/*Color of index 196*/
  0x1a, 0x28, 0x2c, 0xff, 	/*Color of index 197*/
  0x12, 0x27, 0x32, 0xff, 	/*Color of index 198*/
  0x02, 0x23, 0x37, 0xff, 	/*Color of index 199*/
  0x0d, 0x23, 0x33, 0xff, 	/*Color of index 200*/
  0x22, 0x24, 0x28, 0xff, 	/*Color of index 201*/
  0x13, 0x23, 0x2b, 0xff, 	/*Color of index 202*/
  0x1b, 0x22, 0x29, 0xff, 	/*Color of index 203*/
  0x07, 0x21, 0x2b, 0xff, 	/*Color of index 204*/
  0x12, 0x20, 0x24, 0xff, 	/*Color of index 205*/
  0x11, 0x1d, 0x29, 0xff, 	/*Color of index 206*/
  0x0a, 0x1c, 0x2b, 0xff, 	/*Color of index 207*/
  0x02, 0x1c, 0x2d, 0xff, 	/*Color of index 208*/
  0x1b, 0x1d, 0x20, 0xff, 	/*Color of index 209*/
  0x13, 0x1b, 0x22, 0xff, 	/*Color of index 210*/
  0x0b, 0x1b, 0x23, 0xff, 	/*Color of index 211*/
  0x03, 0x19, 0x24, 0xff, 	/*Color of index 212*/
  0x0c, 0x18, 0x1d, 0xff, 	/*Color of index 213*/
  0x00, 0x14, 0x28, 0xff, 	/*Color of index 214*/
  0x0a, 0x15, 0x21, 0xff, 	/*Color of index 215*/
  0x00, 0x14, 0x21, 0xff, 	/*Color of index 216*/
  0x0b, 0x12, 0x1a, 0xff, 	/*Color of index 217*/
  0x02, 0x12, 0x1c, 0xff, 	/*Color of index 218*/
  0x02, 0x0f, 0x13, 0xff, 	/*Color of index 219*/
  0x00, 0x0c, 0x1c, 0xff, 	/*Color of index 220*/
  0x01, 0x09, 0x12, 0xff, 	/*Color of index 221*/
  0x03, 0x09, 0x0c, 0xff, 	/*Color of index 222*/
  0x00, 0x01, 0x02, 0xff, 	/*Color of index 223*/
  0x1c, 0x26, 0x24, 0xff, 	/*Color of index 224*/
  0x1f, 0x20, 0x20, 0xff, 	/*Color of index 225*/
  0x17, 0x19, 0x19, 0xff, 	/*Color of index 226*/
  0x0c, 0x13, 0x13, 0xff, 	/*Color of index 227*/
  0x01, 0x07, 0x05, 0xff, 	/*Color of index 228*/
  0x24, 0x26, 0x24, 0xff, 	/*Color of index 229*/
  0x1b, 0x20, 0x1d, 0xff, 	/*Color of index 230*/
  0x14, 0x20, 0x19, 0xff, 	/*Color of index 231*/
  0x16, 0x17, 0x16, 0xff, 	/*Color of index 232*/
  0x0e, 0x16, 0x12, 0xff, 	/*Color of index 233*/
  0x0c, 0x14, 0x0e, 0xff, 	/*Color of index 234*/
  0x1f, 0x1f, 0x1e, 0xff, 	/*Color of index 235*/
  0x18, 0x18, 0x17, 0xff, 	/*Color of index 236*/
  0x10, 0x10, 0x0f, 0xff, 	/*Color of index 237*/
  0x2b, 0x27, 0x25, 0xff, 	/*Color of index 238*/
  0x2e, 0x25, 0x23, 0xff, 	/*Color of index 239*/
  0x27, 0x20, 0x1e, 0xff, 	/*Color of index 240*/
  0x1f, 0x1a, 0x17, 0xff, 	/*Color of index 241*/
  0x08, 0x07, 0x05, 0xff, 	/*Color of index 242*/
  0x2e, 0x2a, 0x2b, 0xff, 	/*Color of index 243*/
  0x25, 0x24, 0x24, 0xff, 	/*Color of index 244*/
  0x26, 0x1d, 0x1d, 0xff, 	/*Color of index 245*/
  0x1e, 0x1d, 0x1d, 0xff, 	/*Color of index 246*/
  0x08, 0x00, 0x02, 0xff, 	/*Color of index 247*/
  0x26, 0x25, 0x26, 0xff, 	/*Color of index 248*/
  0x28, 0x1d, 0x23, 0xff, 	/*Color of index 249*/
  0x1f, 0x17, 0x1d, 0xff, 	/*Color of index 250*/
  0x1a, 0x15, 0x19, 0xff, 	/*Color of index 251*/
  0x16, 0x0e, 0x14, 0xff, 	/*Color of index 252*/
  0x0f, 0x09, 0x0d, 0xff, 	/*Color of index 253*/
  0x20, 0x1d, 0x21, 0xff, 	/*Color of index 254*/
  0x09, 0x05, 0x0a, 0xff, 	/*Color of index 255*/

  0xeb, 0xeb, 0xeb, 0xeb, 0xeb, 0xeb, 0xeb, 0xeb, 0xeb, 0xeb, 0xeb, 0xeb, 0xeb, 0xeb, 0xeb, 0xeb, 0xeb, 0xeb, 0xeb, 0xeb, 0xeb, 0xeb, 0xeb, 0xeb, 0xf6, 0xf6, 0xf6, 0xf6, 0xf6, 0xf6, 0xf6, 0xf6, 0x02, 0x02, 0x02, 0x02, 0x02, 0x02, 0x02, 0x02, 0x02, 0x02, 0x02, 0x02, 0x02, 0x02, 0x02, 0x02, 0x02, 0x02, 0x02, 0x02, 0x02, 0x02, 0x02, 0x02, 0x02, 0x02, 0x02, 0x02, 0x02, 0x02, 0x02, 0x02, 0x02, 0x02, 0x02, 0x02, 0x02, 0x02, 0x02, 0x02, 0x02, 0x02, 0x02, 0x02, 0x02, 0x02, 0x02, 0x02, 0x02, 0x02, 0x02, 0x02, 0x02, 0x02, 0x02, 0x02, 0x02, 0x02, 0x02, 0x02, 0x02, 0x02, 0x02, 0x02, 0x02, 0x02, 0x02, 0x02, 0x02, 0x02, 0x02, 0x02, 0x02, 0x02, 0x02, 0x02, 0x02, 0x02, 0x02, 0x02, 0xf1, 0xfa, 0xf1, 0xfa, 0xf1, 0xfa, 0xf1, 0xfa, 0xf1, 0xfa, 0xf1, 0xfa, 0xf1, 0xfa, 0xf1, 0xe2, 0x02, 0xe2, 0x02, 0xe2, 0x02, 0xe2, 0x02, 0xe2, 0xe2, 0xe2, 0xe2, 0xe2, 0xe2, 0xe2, 0xe2, 0xe2, 0xf1, 0xe2, 0xf1, 0xe2, 0xf1, 0xe2, 0xf1, 0xe2, 0xe2, 0xe2, 0xe2, 0xe2, 0xe2, 0xe2, 0xe2, 0xf1, 0xec, 0xf1, 0xec, 0xf1, 0xec, 0xf1, 0xec, 0xec, 0xec, 0xec, 0xec, 0xec, 0xec, 0xec, 0xec, 0xec, 0xec, 0xec, 0xec, 0xec, 0xec, 0xec, 0xec, 0xec, 0xec, 0xe8, 0xec, 0xe8, 0xec, 0xe8, 0xec, 0xe8, 0xe8, 0xe8, 0xe8, 0xe8, 0xe8, 0xe8, 0xe8, 0xe8, 0xe8, 0xe8, 0xe8, 0xe8, 0xe8, 0xe8, 0xe8, 0xe8, 0x03, 0x03, 0x03, 0x03, 0x03, 0x03, 0x03, 0x03, 0x03, 0x03, 0x03, 0x03, 0x03, 0x03, 0x03, 0x03, 0x03, 0x03, 0x03, 0x03, 0x03, 0x03, 0x03, 0x03, 0x03, 0x03, 0x03, 0x03, 0x03, 0x03, 0x03, 0x03, 0xe9, 0x03, 0xe9, 0xe3, 0xe3, 0xe3, 0xe3, 0xe3, 0xe9, 0xe9, 0xe3, 0xe9, 0xe3, 0xe9, 0xe3, 0xe9, 0xe3, 0x04, 0x04, 0x04, 0x04, 0x04, 0x04, 0x04, 0x04, 0x04, 0x04, 0x04, 0xfc, 0xed, 0xfc, 0xed, 0x04, 0x04, 0x04, 0x04, 0x04, 0x04, 0x04, 0x04, 0xed, 0xed, 0xed, 0xed, 0xed, 0xed, 0xed, 0xed, 0xed, 0xed, 0xed, 0xed, 0xed, 0xed, 0xed, 0xed, 0xed, 0xed, 0xed, 0xed, 0xed, 0xed, 0xed, 0xed, 0x05, 0x05, 0x05, 0x05, 0x05, 0x05, 0x05, 0x05, 0x05, 0x05, 0x05, 0x05, 0x05, 0x05, 0x05, 0x05, 
  0xeb, 0xeb, 0xeb, 0xeb, 0xeb, 0xeb, 0xeb, 0xeb, 0xeb, 0xeb, 0xeb, 0xeb, 0xeb, 0xeb, 0xeb, 0xeb, 0xf6, 0xf6, 0xf6, 0xf6, 0xf6, 0xf6, 0xf6, 0xf6, 0xf6, 0xf6, 0xf6, 0xf6, 0xf6, 0xf6, 0xf6, 0xf6, 0x02, 0xf6, 0x02, 0xf6, 0x02, 0xf6, 0x02, 0xf6, 0x02, 0xf6, 0x02, 0xf6, 0x02, 0xf6, 0x02, 0xf6, 0x02, 0x02, 0x02, 0x02, 0x02, 0x02, 0x02, 0xf6, 0x02, 0xf6, 0x02, 0xf6, 0x02, 0xf6, 0x02, 0xf6, 0x02, 0xf6, 0x02, 0xf6, 0x02, 0xf6, 0x02, 0xf6, 0x02, 0x02, 0x02, 0x02, 0x02, 0x02, 0x02, 0x02, 0x02, 0x02, 0x02, 0x02, 0x02, 0x02, 0x02, 0x02, 0x02, 0x02, 0x02, 0x02, 0x02, 0x02, 0x02, 0x02, 0x02, 0x02, 0x02, 0x02, 0x02, 0x02, 0x02, 0x02, 0x02, 0xe2, 0x02, 0xe2, 0x02, 0xe2, 0x02, 0xe2, 0x02, 0xf1, 0x02, 0xf1, 0x02, 0xf1, 0xfa, 0xf1, 0xfa, 0xf1, 0xfa, 0x02, 0xf1, 0x02, 0x02, 0xe2, 0x02, 0xe2, 0x02, 0x02, 0x02, 0x02, 0x02, 0x02, 0xe2, 0xe2, 0xe2, 0xe2, 0xe2, 0xe2, 0xe2, 0xe2, 0xe2, 0xe2, 0xe2, 0xf1, 0xe2, 0xf1, 0xe2, 0xf1, 0xe2, 0xf1, 0xe2, 0xf1, 0xe2, 0xf1, 0xe2, 0xe2, 0xe2, 0xec, 0xf1, 0xec, 0xf1, 0xec, 0xe2, 0xf1, 0xe2, 0xf1, 0xe2, 0xf1, 0xe2, 0xf1, 0xe2, 0xf1, 0xec, 0xf1, 0xec, 0xf1, 0xec, 0xf1, 0xec, 0xf1, 0xe8, 0xec, 0xe8, 0xec, 0xe8, 0xec, 0xe8, 0xec, 0xe8, 0xec, 0xe8, 0xe8, 0xe8, 0xe8, 0xe8, 0xe8, 0xe8, 0xe8, 0xe8, 0xe8, 0xe8, 0xe8, 0xe8, 0xec, 0x03, 0xe8, 0xe8, 0xe8, 0xe8, 0xe8, 0xe8, 0xe8, 0x03, 0x03, 0x03, 0x03, 0x03, 0x03, 0x03, 0x03, 0x03, 0x03, 0x03, 0x03, 0x03, 0x03, 0x03, 0x03, 0x03, 0x04, 0x03, 0x04, 0x03, 0x04, 0x03, 0x04, 0x03, 0xe3, 0x03, 0xe3, 0x03, 0xe3, 0x03, 0xe3, 0xe3, 0xe3, 0xe9, 0xe3, 0xe3, 0xe3, 0xe3, 0xe9, 0x04, 0x03, 0xe3, 0x03, 0xe3, 0x03, 0x04, 0x03, 0xed, 0x04, 0xed, 0x04, 0xed, 0x04, 0xed, 0xfc, 0x04, 0xed, 0x04, 0xed, 0x04, 0xed, 0x04, 0xed, 0xed, 0xed, 0xed, 0xed, 0xed, 0xed, 0xed, 0xed, 0xed, 0xed, 0xed, 0xed, 0xed, 0x05, 0xed, 0x05, 0xed, 0x05, 0xed, 0x05, 0xed, 0x05, 0xed, 0x05, 0x05, 0x05, 0x05, 0x05, 0x05, 0x05, 0x05, 0x05, 0x05, 0x05, 0x05, 0x05, 0x05, 0x05, 0x05, 0x05, 
  0xeb, 0xe1, 0xeb, 0xe1, 0xeb, 0xe1, 0xeb, 0xe1, 0xeb, 0xe1, 0xeb, 0xe1, 0xeb, 0xe1, 0xeb, 0xe1, 0xeb, 0xeb, 0xeb, 0xeb, 0xeb, 0xeb, 0xeb, 0xf6, 0xf6, 0xf6, 0xf6, 0xf6, 0xf6, 0xf6, 0xf6, 0xf6, 0xf6, 0xf6, 0xf6, 0xf6, 0xf6, 0xf6, 0xf6, 0xf6, 0xf6, 0xf6, 0xf6, 0xf6, 0xf6, 0xf6, 0xf6, 0xf6, 0xf6, 0x02, 0xf6, 0x02, 0xf6, 0x02, 0xf6, 0x02, 0xf6, 0x02, 0xf6, 0x02, 0xf6, 0x02, 0xf6, 0x02, 0xf6, 0x02, 0xf6, 0x02, 0xf6, 0x02, 0xf6, 0x02, 0x02, 0x02, 0x02, 0x02, 0x02, 0x02, 0x02, 0x02, 0x02, 0x02, 0x02, 0x02, 0x02, 0x02, 0x02, 0x02, 0x02, 0x02, 0x02, 0x02, 0x02, 0x02, 0x02, 0x02, 0x02, 0x02, 0x02, 0x02, 0x02, 0x02, 0x02, 0x02, 0xe2, 0x02, 0x02, 0x02, 0x02, 0x02, 0x02, 0x02, 0xe2, 0x02, 0xe2, 0x02, 0xe2, 0x02, 0xe2, 0x02, 0xe2, 0x02, 0xe2, 0x02, 0xe2, 0x02, 0xe2, 0x02, 0xe2, 0x02, 0x02, 0xe2, 0x02, 0xe2, 0x02, 0xe2, 0x02, 0x02, 0x02, 0x02, 0x02, 0x02, 0x02, 0xe2, 0x02, 0x02, 0x02, 0xe2, 0x02, 0xe2, 0x02, 0xe2, 0x02, 0xe2, 0x02, 0xe2, 0x02, 0xe2, 0x02, 0x02, 0xe2, 0xe2, 0xd5, 0xe2, 0xd5, 0xe2, 0xd5, 0xe2, 0xd5, 0xe2, 0xd5, 0xe2, 0xd5, 0xe2, 0xd5, 0xe2, 0xe2, 0xec, 0xe2, 0xec, 0xe2, 0xec, 0xe2, 0xec, 0xe8, 0xec, 0xe8, 0xec, 0xe8, 0xec, 0xe8, 0xe8, 0xfb, 0xfb, 0xfb, 0xfb, 0xfb, 0xfb, 0xfb, 0xfb, 0xfb, 0xfb, 0xfb, 0xfb, 0xfb, 0xfb, 0xfb, 0xfb, 0xe8, 0x08, 0x03, 0x08, 0x03, 0x08, 0x03, 0x08, 0xe9, 0x08, 0xe9, 0x08, 0xe9, 0x08, 0xe9, 0x08, 0xe9, 0x03, 0xe9, 0x03, 0xe9, 0x03, 0xe9, 0x08, 0xe9, 0x03, 0xe9, 0x03, 0xe9, 0x03, 0xe9, 0x03, 0xfb, 0x04, 0xfb, 0x04, 0xfc, 0x04, 0xfc, 0x04, 0x04, 0x04, 0x04, 0x04, 0x04, 0x03, 0x04, 0x04, 0x04, 0x04, 0x04, 0x04, 0x04, 0x04, 0x04, 0x04, 0x04, 0x04, 0x04, 0xed, 0x04, 0xed, 0x04, 0x04, 0xed, 0x04, 0x04, 0x04, 0x04, 0x04, 0x04, 0x04, 0xed, 0xed, 0xed, 0xed, 0xed, 0xed, 0xed, 0xed, 0xed, 0xed, 0xed, 0xed, 0x05, 0xed, 0xed, 0xed, 0xed, 0xed, 0xed, 0xed, 0xed, 0xed, 0xed, 0xed, 0x05, 0x05, 0x05, 0x05, 0x05, 0x05, 0x05, 0x05, 0x05, 0x05, 0x05, 0x05, 0x05, 0x05, 0x05, 0x05, 
  0xeb, 0xeb, 0xe1, 0xeb, 0xe1, 0xeb, 0xe1, 0xeb, 0xe1, 0xeb, 0xe1, 0xeb, 0xe1, 0xeb, 0xe1, 0xeb, 0xf6, 0xf6, 0xf6, 0xf6, 0xf6, 0xf6, 0xeb, 0xf6, 0xeb, 0xf6, 0xf6, 0xf6, 0xf6, 0xf6, 0xf6, 0xf6, 0xf6, 0xf6, 0xf6, 0xf6, 0xf6, 0xf6, 0xf6, 0xf6, 0xf6, 0xf6, 0xf6, 0xf6, 0xf6, 0xf6, 0xf6, 0xf6, 0x02, 0xf6, 0x02, 0xf6, 0x02, 0xf6, 0x02, 0xf6, 0x02, 0xf6, 0x02, 0xf6, 0x02, 0xf6, 0x02, 0xf6, 0x02, 0xf6, 0x02, 0xf6, 0x02, 0xf6, 0x02, 0xf6, 0x02, 0x02, 0x02, 0x02, 0x02, 0x02, 0x02, 0x02, 0x02, 0x02, 0x02, 0x02, 0x02, 0x02, 0x02, 0x02, 0x02, 0x02, 0x02, 0x02, 0x02, 0x02, 0x02, 0x02, 0x02, 0x02, 0x02, 0x02, 0x02, 0x02, 0x02, 0x02, 0x02, 0x02, 0x02, 0x02, 0x02, 0x02, 0x02, 0x02, 0xe7, 0x02, 0xe7, 0x02, 0xe7, 0x02, 0xe7, 0x02, 0xe7, 0x02, 0xe7, 0x02, 0xe7, 0x02, 0xe7, 0x02, 0xe7, 0xf1, 0x02, 0x02, 0x02, 0x02, 0x02, 0x02, 0xf1, 0xe2, 0xf1, 0xe2, 0xf1, 0xe2, 0xf1, 0x02, 0xe2, 0xfa, 0xe2, 0xfa, 0x02, 0xfa, 0x02, 0xfa, 0x02, 0xfa, 0x02, 0xfa, 0x02, 0xfa, 0x02, 0xe2, 0xd5, 0xe2, 0xd5, 0xe2, 0xe2, 0xe2, 0xe2, 0xe2, 0xe2, 0xe2, 0xe2, 0xe2, 0xe2, 0xe2, 0xe2, 0xe2, 0xe2, 0xe2, 0xe2, 0xe2, 0xe2, 0xe2, 0xe2, 0xe2, 0xe2, 0xe2, 0xe2, 0xe2, 0xe2, 0xe2, 0xe2, 0xe2, 0xec, 0xfb, 0xfa, 0xfb, 0xfa, 0xfb, 0xfa, 0xfb, 0xfb, 0xfb, 0xfb, 0xfb, 0xfb, 0xfb, 0xfb, 0xfb, 0xe8, 0x08, 0xe8, 0x08, 0xe8, 0x08, 0xe8, 0x08, 0x03, 0x03, 0x08, 0xe9, 0x08, 0xe9, 0x08, 0xe9, 0x08, 0x08, 0x08, 0x08, 0x08, 0x08, 0x08, 0x03, 0xe3, 0x08, 0xe3, 0x08, 0xe3, 0x08, 0xe3, 0x08, 0xfc, 0xfb, 0xfc, 0xfb, 0xfc, 0xfb, 0xfc, 0xfb, 0xfc, 0xfb, 0xfc, 0xfb, 0xfc, 0xfc, 0xfb, 0xfc, 0x03, 0x04, 0x03, 0x04, 0x03, 0x04, 0x03, 0x04, 0x04, 0x04, 0x04, 0x04, 0x04, 0x04, 0x04, 0x04, 0x04, 0xed, 0x04, 0xed, 0x04, 0xed, 0x04, 0xed, 0xed, 0xed, 0xed, 0xed, 0xed, 0xed, 0xed, 0xed, 0xed, 0xed, 0xed, 0xed, 0xed, 0x05, 0xed, 0x05, 0xed, 0x05, 0xed, 0x05, 0xed, 0x05, 0xed, 0x05, 0x05, 0x05, 0x05, 0x05, 0x05, 0x05, 0x05, 0x05, 0x05, 0x05, 0x05, 0x05, 0x05, 0x05, 0x05, 0x05, 
  0xeb, 0xe1, 0xeb, 0xe1, 0xeb, 0xe1, 0xeb, 0xe1, 0xeb, 0xe1, 0xeb, 0xe1, 0xeb, 0xe1, 0xeb, 0xe1, 0xeb, 0xe1, 0xeb, 0xe1, 0xeb, 0xe1, 0xeb, 0xe1, 0xf6, 0xeb, 0xeb, 0xeb, 0xeb, 0xeb, 0xeb, 0xf6, 0xf6, 0xf6, 0xf6, 0xf6, 0xf6, 0xf6, 0xf6, 0xf6, 0xf6, 0xf6, 0xf6, 0xf6, 0xf6, 0xf6, 0xf6, 0xf6, 0xf6, 0x02, 0xf6, 0x02, 0xf6, 0x02, 0xf6, 0x02, 0xf6, 0x02, 0xf6, 0x02, 0xf6, 0x02, 0xf6, 0x02, 0xf6, 0x02, 0xf6, 0x02, 0xf6, 0x02, 0xf6, 0x02, 0x02, 0x02, 0x02, 0x02, 0x02, 0x02, 0x02, 0x02, 0x02, 0x02, 0x02, 0x02, 0x02, 0x02, 0x02, 0x02, 0x02, 0x02, 0x02, 0x02, 0x02, 0x02, 0x02, 0x02, 0x02, 0x02, 0x02, 0x02, 0x02, 0x02, 0x02, 0x02, 0x02, 0x02, 0x02, 0x02, 0x02, 0x02, 0x02, 0x02, 0x02, 0x02, 0xe7, 0x02, 0xe7, 0x02, 0xe7, 0x02, 0xe7, 0x02, 0xe7, 0x02, 0xe7, 0x02, 0xe7, 0x02, 0xf1, 0x02, 0xf1, 0x02, 0xf1, 0x02, 0xf1, 0x02, 0xf1, 0xf1, 0x02, 0xf1, 0x02, 0xf1, 0xf1, 0xf1, 0x02, 0xfa, 0xe2, 0xfa, 0xe2, 0xfa, 0xe2, 0xfa, 0xe2, 0xfa, 0xe2, 0xfa, 0xe2, 0xfa, 0xe2, 0xfa, 0xfa, 0xfa, 0xfa, 0xfa, 0xfa, 0xfa, 0xfa, 0xfa, 0xfa, 0xfa, 0xfa, 0xfa, 0xfa, 0xfa, 0xfa, 0xfa, 0xe2, 0xe2, 0xe2, 0xe2, 0xe2, 0xe2, 0xe2, 0xe2, 0xec, 0xd5, 0xec, 0xd5, 0xe8, 0xe2, 0x08, 0xe2, 0xfb, 0xfa, 0xfb, 0xfa, 0xfb, 0xfa, 0xfb, 0xfb, 0xfb, 0xfb, 0xfb, 0xfb, 0xfb, 0xfb, 0xfb, 0xfb, 0x03, 0xfb, 0x03, 0xfb, 0x03, 0xfb, 0x03, 0xfb, 0x03, 0xfb, 0x03, 0xfb, 0x03, 0xfb, 0x03, 0xfb, 0x03, 0x03, 0x03, 0x03, 0x03, 0x03, 0x03, 0x03, 0xfb, 0x04, 0xfb, 0x04, 0xfb, 0x04, 0x03, 0xfc, 0xfb, 0xfc, 0xfb, 0xfc, 0xfc, 0xfc, 0xfc, 0xfc, 0xfc, 0xfc, 0xfc, 0xfc, 0x04, 0xfb, 0xfc, 0x04, 0x04, 0x04, 0x04, 0x04, 0x04, 0x04, 0x04, 0x04, 0x04, 0x04, 0x04, 0x04, 0x04, 0x04, 0x04, 0x04, 0xed, 0x04, 0x04, 0x04, 0x04, 0x04, 0x04, 0x04, 0xed, 0xed, 0xed, 0xed, 0xed, 0xed, 0xed, 0xed, 0xed, 0xed, 0xed, 0xed, 0x05, 0xed, 0xed, 0xed, 0xed, 0xed, 0xed, 0xed, 0xed, 0xed, 0xed, 0xed, 0x05, 0x05, 0x05, 0x05, 0x05, 0x05, 0x05, 0x05, 0x05, 0x05, 0x05, 0x05, 0x05, 0x05, 0x05, 0x05, 
  0xe1, 0xe1, 0xe1, 0xe1, 0xe1, 0xe1, 0xe1, 0xe1, 0xe1, 0xe1, 0xe1, 0xe1, 0xe1, 0xe1, 0xe1, 0xe1, 0xeb, 0xeb, 0xe1, 0xeb, 0xe1, 0xeb, 0xe1, 0xeb, 0xeb, 0xf6, 0xf6, 0xf6, 0xf6, 0xf6, 0xeb, 0xf6, 0xeb, 0xf6, 0xf6, 0xf6, 0xf6, 0xf6, 0xf6, 0xf6, 0xf6, 0xf6, 0xf6, 0xf6, 0xf6, 0xf6, 0xf6, 0xf6, 0xf6, 0xf6, 0xf6, 0xf6, 0xf6, 0xf6, 0xf6, 0xf6, 0x02, 0xf6, 0x02, 0xf6, 0x02, 0xf6, 0x02, 0xf6, 0x02, 0xf6, 0x02, 0xf6, 0x02, 0xf6, 0x02, 0xf6, 0x02, 0xf6, 0x02, 0xf6, 0x02, 0xf6, 0x02, 0xf6, 0x02, 0xf6, 0x02, 0xf6, 0x02, 0xf6, 0x02, 0xf6, 0x02, 0xf6, 0x02, 0xf6, 0x02, 0xf6, 0x02, 0xf6, 0x02, 0xf6, 0x02, 0xf6, 0x02, 0xf6, 0x02, 0xf6, 0x02, 0x02, 0x02, 0x02, 0x02, 0x02, 0x02, 0x02, 0x02, 0x02, 0x02, 0x02, 0x02, 0x02, 0x02, 0x02, 0x02, 0x02, 0x02, 0x02, 0x02, 0x02, 0x02, 0x02, 0x02, 0xf1, 0xf1, 0xf1, 0xf1, 0xf1, 0xf1, 0xf1, 0xf1, 0xf1, 0xf1, 0xf1, 0xf1, 0xf1, 0xf1, 0x02, 0xfa, 0x02, 0xfa, 0x02, 0xfa, 0x02, 0xfa, 0x02, 0xfa, 0x02, 0xfa, 0x02, 0xfa, 0x02, 0xfa, 0x02, 0xfa, 0xfa, 0xfa, 0xfa, 0xfa, 0xfa, 0xfa, 0xfa, 0xfa, 0xfa, 0xfa, 0xfa, 0xfa, 0xfa, 0xfa, 0xfa, 0xfa, 0xe2, 0xe2, 0xe2, 0xe2, 0xe2, 0xe2, 0xe2, 0xe2, 0xec, 0xe2, 0xec, 0xe2, 0xe2, 0xe2, 0xe2, 0xec, 0xec, 0xec, 0xec, 0xec, 0xec, 0xfa, 0xec, 0xfb, 0xfb, 0xfb, 0xfb, 0xfb, 0xfb, 0xfb, 0xfb, 0xfb, 0xfb, 0xfb, 0xfb, 0xfb, 0xfb, 0xfb, 0xfb, 0xfb, 0xfb, 0xfb, 0xfb, 0xfb, 0xfb, 0xfb, 0xfb, 0xfb, 0xfb, 0xfb, 0xfb, 0xfb, 0xfb, 0xfb, 0x04, 0xfb, 0x04, 0xfb, 0x04, 0xfb, 0x04, 0xfb, 0x04, 0xfb, 0xfc, 0xfb, 0xfc, 0xfb, 0xfc, 0xfb, 0xfc, 0xfb, 0xfc, 0xfb, 0x04, 0xfc, 0x04, 0x04, 0xfb, 0x04, 0x03, 0x04, 0x03, 0x04, 0x03, 0x04, 0x03, 0x04, 0x04, 0x04, 0x04, 0x04, 0x04, 0x04, 0x04, 0x04, 0xed, 0x04, 0xed, 0x04, 0xed, 0x04, 0xed, 0xed, 0xed, 0xed, 0xed, 0xed, 0xed, 0xed, 0xed, 0xed, 0xed, 0xed, 0xed, 0xed, 0x05, 0xed, 0x05, 0xed, 0x05, 0xed, 0x05, 0xed, 0x05, 0xed, 0x05, 0x05, 0x05, 0x05, 0x05, 0x05, 0x05, 0x05, 0x05, 0x05, 0x05, 0x05, 0x05, 0x05, 0x05, 0x05, 0x05, 
  0xe1, 0xe1, 0xe1, 0xe1, 0xe1, 0xe1, 0xe1, 0xe1, 0xe1, 0xe1, 0xe1, 0xe1, 0xe1, 0xe1, 0xe1, 0xe1, 0xeb, 0xe1, 0xeb, 0xe1, 0xeb, 0xe1, 0xeb, 0xe1, 0xeb, 0xe1, 0xeb, 0xe1, 0xeb, 0xe1, 0xeb, 0xe1, 0xf6, 0xeb, 0xeb, 0xeb, 0xeb, 0xeb, 0xeb, 0xeb, 0xeb, 0xeb, 0xeb, 0xeb, 0xeb, 0xeb, 0xeb, 0xf6, 0xf6, 0xf6, 0xf6, 0xf6, 0xf6, 0xf6, 0xf6, 0xf6, 0xf6, 0x02, 0xf6, 0x02, 0xf6, 0x02, 0xf6, 0x02, 0xf6, 0x02, 0xf6, 0x02, 0xf6, 0x02, 0xf6, 0x02, 0xf6, 0x02, 0xf6, 0x02, 0xf6, 0x02, 0xf6, 0x02, 0xf6, 0x02, 0xf6, 0x02, 0xf6, 0x02, 0xf6, 0x02, 0xf6, 0x02, 0xf6, 0x02, 0xf6, 0x02, 0xf6, 0x02, 0xf6, 0x02, 0xf6, 0x02, 0xf6, 0x02, 0xf6, 0x02, 0x02, 0x02, 0x02, 0x02, 0x02, 0x02, 0xf6, 0x02, 0xf5, 0xfa, 0xf5, 0x02, 0xf5, 0x02, 0xf6, 0x02, 0xf6, 0x02, 0xf5, 0x02, 0xf5, 0xfa, 0xf5, 0xf1, 0xf5, 0xf1, 0xeb, 0xf1, 0xeb, 0xf1, 0xeb, 0xf1, 0xf6, 0xf1, 0xf6, 0xf1, 0xf6, 0xf1, 0xf6, 0xf1, 0x02, 0x02, 0x02, 0xfa, 0x02, 0x02, 0xfa, 0x02, 0xfa, 0x02, 0xfa, 0x02, 0xfa, 0x02, 0xfa, 0x02, 0xe2, 0x02, 0x02, 0x02, 0xfa, 0x02, 0xfa, 0xf1, 0xfa, 0xf1, 0xfa, 0xfa, 0xfa, 0xfa, 0xfa, 0xf1, 0xe2, 0xe2, 0xe2, 0xe2, 0xe2, 0xe2, 0xe2, 0xe2, 0xe2, 0xe2, 0xe2, 0xe2, 0xe2, 0xe2, 0xec, 0xe2, 0xe2, 0xe2, 0xe2, 0xe2, 0xe2, 0xe2, 0xe2, 0xe2, 0xe8, 0xec, 0xec, 0xec, 0xec, 0xec, 0xec, 0xec, 0xe8, 0xec, 0xec, 0xec, 0xec, 0xec, 0xec, 0xec, 0xe8, 0x03, 0xe8, 0x03, 0xe8, 0x03, 0xe8, 0x03, 0xfb, 0x04, 0xfb, 0x04, 0xfb, 0x04, 0x03, 0xfb, 0x04, 0xfb, 0x04, 0xfb, 0x04, 0xfb, 0x04, 0x03, 0x04, 0x03, 0x03, 0x04, 0x04, 0xe3, 0x04, 0xe3, 0xe3, 0xe3, 0x04, 0xe3, 0xe3, 0x03, 0xe3, 0x04, 0x04, 0x04, 0x04, 0x04, 0x04, 0x04, 0x04, 0x04, 0x04, 0x04, 0x04, 0xe3, 0x04, 0xe3, 0xe3, 0xe3, 0xed, 0x04, 0x04, 0x04, 0x04, 0x04, 0x04, 0x04, 0xed, 0xed, 0xed, 0xed, 0xed, 0xed, 0xed, 0xed, 0xed, 0xed, 0xed, 0xed, 0x05, 0xed, 0xed, 0xed, 0xed, 0xed, 0xed, 0xed, 0xed, 0xed, 0xed, 0xed, 0x05, 0x05, 0x05, 0x05, 0x05, 0x05, 0x05, 0x05, 0x05, 0x05, 0x05, 0x05, 0x05, 0x05, 0x05, 0x05, 
  0xe1, 0xe1, 0xe1, 0xe1, 0xe1, 0xe1, 0xe1, 0xe1, 0xe1, 0xe1, 0xe1, 0xe1, 0xe1, 0xe1, 0xe1, 0xe1, 0xeb, 0xeb, 0xe1, 0xeb, 0xe1, 0xeb, 0xe1, 0xeb, 0xe1, 0xeb, 0xe1, 0xeb, 0xe1, 0xeb, 0xe1, 0xeb, 0xeb, 0xf6, 0xf6, 0xf6, 0xf6, 0xf6, 0xf6, 0xf6, 0xf6, 0xf6, 0xf6, 0xf6, 0xf6, 0xf6, 0xeb, 0xf6, 0xf6, 0xf6, 0xf6, 0xf6, 0xf6, 0xf6, 0xf6, 0xf6, 0x02, 0xf6, 0x02, 0xf6, 0x02, 0xf6, 0x02, 0xf6, 0x02, 0xf6, 0x02, 0xf6, 0x02, 0xf6, 0x02, 0xf6, 0x02, 0xf6, 0x02, 0xf6, 0x02, 0xf6, 0x02, 0xf6, 0x02, 0xf6, 0x02, 0xf6, 0x02, 0xf6, 0x02, 0xf6, 0x02, 0xf6, 0x02, 0xf6, 0x02, 0xf6, 0x02, 0xf6, 0x02, 0xf6, 0x02, 0xf6, 0x02, 0xf6, 0x02, 0xf6, 0x02, 0xf6, 0x02, 0xf6, 0x02, 0xf6, 0x02, 0x02, 0xfa, 0xf5, 0xfa, 0xfa, 0xfa, 0xfe, 0xfa, 0xfe, 0xfa, 0xfe, 0xfa, 0xfe, 0xfa, 0xf5, 0xfa, 0xf5, 0x02, 0xf6, 0xf6, 0xf6, 0xf6, 0xf6, 0xf6, 0xf6, 0x02, 0x02, 0x02, 0x02, 0x02, 0x02, 0x02, 0x02, 0x02, 0xfa, 0x02, 0x02, 0x02, 0xfa, 0x02, 0x02, 0x02, 0xfa, 0x02, 0xfa, 0x02, 0xfa, 0xf6, 0xfa, 0x02, 0xe2, 0x02, 0xe2, 0x02, 0x02, 0xe2, 0x02, 0x02, 0x02, 0x02, 0xf1, 0x02, 0xf1, 0xfa, 0xf1, 0xf1, 0xf1, 0xf1, 0xf1, 0xf1, 0xf1, 0xf1, 0xf1, 0xf1, 0xf1, 0xf1, 0xf1, 0xf1, 0xf1, 0xec, 0xf1, 0xe2, 0x02, 0xe2, 0xe2, 0xe2, 0xe2, 0xe2, 0xe2, 0xec, 0xec, 0xe8, 0xec, 0xe8, 0xec, 0xe8, 0xe8, 0xe8, 0xec, 0xe8, 0xec, 0xe8, 0xec, 0xe8, 0xec, 0xe8, 0xe8, 0xe8, 0xe8, 0xe8, 0xe8, 0xe8, 0xe8, 0x03, 0xe8, 0x03, 0xe8, 0x03, 0xe8, 0x03, 0x03, 0x03, 0xe9, 0x03, 0xe9, 0x03, 0xe9, 0x03, 0x03, 0xe9, 0xe9, 0xe3, 0xe9, 0xe3, 0xe9, 0xe9, 0xe9, 0xe9, 0xe9, 0xe9, 0xe9, 0xe3, 0xe9, 0xe3, 0xe9, 0x04, 0x03, 0x04, 0x03, 0x04, 0x03, 0x04, 0x03, 0x04, 0x03, 0xe3, 0x04, 0xe9, 0x03, 0xe3, 0x03, 0xed, 0x04, 0xed, 0x04, 0xed, 0x04, 0xed, 0x04, 0xed, 0xed, 0xed, 0xed, 0xed, 0xed, 0xed, 0xed, 0xed, 0xed, 0xed, 0xed, 0xed, 0x05, 0xed, 0x05, 0xed, 0x05, 0xed, 0x05, 0xed, 0x05, 0xed, 0x05, 0x05, 0x05, 0x05, 0x05, 0x05, 0x05, 0x05, 0x05, 0x05, 0x05, 0x05, 0x05, 0x05, 0x05, 0x05, 0x05, 
  0x01, 0xe1, 0xe1, 0xe1, 0xe1, 0xeb, 0xeb, 0xeb, 0xe1, 0xe1, 0xe1, 0xe1, 0xe1, 0xe1, 0xe1, 0xe1, 0xeb, 0xe1, 0xeb, 0xe1, 0xeb, 0xe1, 0xeb, 0xe1, 0xf6, 0xeb, 0xf6, 0xeb, 0xf6, 0xeb, 0xf6, 0xeb, 0xf6, 0xeb, 0xeb, 0xeb, 0xeb, 0xeb, 0xeb, 0xeb, 0xeb, 0xeb, 0xeb, 0xeb, 0xeb, 0xf6, 0xeb, 0xf6, 0xf6, 0xf6, 0xf6, 0xf6, 0xf6, 0xf6, 0xf6, 0xf6, 0xf6, 0xf6, 0xf6, 0xf6, 0xf6, 0xf6, 0xf6, 0xf6, 0xf6, 0x02, 0xf6, 0x02, 0xf6, 0x02, 0xf6, 0x02, 0xf6, 0xf6, 0xf6, 0xf6, 0xf6, 0xf6, 0xf6, 0xf6, 0xf6, 0x02, 0xf6, 0x02, 0xf6, 0x02, 0xf6, 0x02, 0x02, 0x02, 0x02, 0x02, 0x02, 0x02, 0x02, 0x02, 0x02, 0x02, 0x02, 0x02, 0x02, 0x02, 0x02, 0x02, 0xf6, 0x02, 0x02, 0x02, 0x02, 0xf6, 0xf6, 0xd1, 0xf9, 0xfb, 0xd2, 0xfa, 0x07, 0x08, 0x06, 0xfe, 0xd5, 0xfa, 0xd2, 0xfa, 0xfa, 0xfb, 0xfa, 0x06, 0x02, 0xd1, 0xd1, 0xe2, 0xe2, 0x02, 0xe6, 0xe6, 0xd1, 0x02, 0xd1, 0x02, 0xd1, 0x02, 0x02, 0x02, 0xd1, 0x02, 0x02, 0x02, 0xe2, 0xe2, 0xe2, 0xe2, 0xf6, 0xe1, 0xf6, 0x02, 0xec, 0xec, 0xe2, 0xeb, 0xe0, 0xe9, 0x01, 0xe7, 0xed, 0xe7, 0x02, 0xeb, 0xe6, 0x03, 0xf6, 0xeb, 0x03, 0xe2, 0xe1, 0xec, 0xf1, 0xec, 0xf1, 0xec, 0xf1, 0xf1, 0xf1, 0xf1, 0x02, 0xf5, 0x02, 0xf1, 0xec, 0xe8, 0xf1, 0xec, 0xf1, 0xec, 0xec, 0xe8, 0xec, 0xe2, 0xf1, 0xe2, 0x02, 0x02, 0xe2, 0xec, 0xe8, 0xe8, 0xe9, 0xe9, 0xe2, 0xe7, 0xe2, 0xe2, 0xe2, 0xe9, 0xe9, 0xe9, 0xe9, 0xe9, 0xe9, 0xe9, 0xe9, 0xe9, 0xe9, 0xe9, 0xe9, 0xe9, 0xe9, 0xe9, 0xe9, 0xe9, 0xe2, 0xe9, 0xe9, 0xe9, 0xe9, 0xe9, 0xe2, 0xe9, 0xe2, 0xe2, 0xec, 0xe8, 0xe9, 0xe9, 0xe9, 0xe8, 0xe9, 0xea, 0xe9, 0xe9, 0xe9, 0xe9, 0xe9, 0xe9, 0xe9, 0xe9, 0x05, 0x03, 0x04, 0x03, 0x04, 0xec, 0x04, 0x05, 0x04, 0xe3, 0x04, 0xe3, 0x04, 0xe3, 0xe3, 0xed, 0x04, 0x04, 0x04, 0x04, 0x04, 0x04, 0x04, 0xed, 0x04, 0x04, 0x04, 0x04, 0x04, 0x04, 0x04, 0x04, 0xed, 0xed, 0xed, 0xed, 0xed, 0xed, 0xed, 0xed, 0xed, 0xed, 0xed, 0xed, 0xed, 0xed, 0xed, 0xed, 0xed, 0xed, 0xed, 0xed, 0xed, 0xed, 0xed, 0xed, 0x05, 0x05, 0x05, 0x05, 0x05, 0x05, 0x05, 0x05, 
  0x01, 0xe1, 0xe1, 0xe1, 0xe1, 0xe1, 0xe1, 0xeb, 0xe1, 0xe1, 0xe1, 0xe1, 0xe1, 0xe1, 0xe1, 0xe1, 0xeb, 0xeb, 0xe1, 0xeb, 0xe1, 0xeb, 0xe1, 0xeb, 0xe1, 0xeb, 0xe1, 0xeb, 0xe1, 0xeb, 0xe1, 0xeb, 0xeb, 0xf6, 0xf6, 0xf6, 0xf6, 0xf6, 0xf6, 0xf6, 0xf6, 0xf6, 0xf6, 0xf6, 0xeb, 0xf6, 0xeb, 0xf6, 0xf6, 0xf6, 0xf6, 0xf6, 0xf6, 0xf6, 0xf6, 0xf6, 0xf6, 0xf6, 0xf6, 0xf6, 0xf6, 0xf6, 0xf6, 0xf6, 0x02, 0xf6, 0x02, 0xf6, 0x02, 0xf6, 0x02, 0xf6, 0xf6, 0xf6, 0xf6, 0xf6, 0xf6, 0xf6, 0xf6, 0xf6, 0x02, 0xf6, 0x02, 0xf6, 0x02, 0xf6, 0x02, 0xf6, 0x02, 0x02, 0x02, 0x02, 0x02, 0x02, 0x02, 0x02, 0x02, 0x02, 0x02, 0x02, 0x02, 0x02, 0x02, 0x02, 0xf6, 0x02, 0x02, 0x02, 0x02, 0xf6, 0xf6, 0x02, 0xd9, 0xc4, 0xcb, 0xd7, 0xce, 0xd7, 0xca, 0xd7, 0xca, 0xce, 0xd3, 0xd3, 0xd3, 0xd7, 0xd7, 0xd5, 0xce, 0xcd, 0xcd, 0xd3, 0xd5, 0xd5, 0xd5, 0xda, 0xd5, 0xd5, 0xd5, 0xd3, 0xd3, 0xd3, 0xcd, 0xcd, 0xd5, 0xd5, 0xd5, 0x02, 0xd3, 0xe6, 0xd2, 0xe6, 0xdb, 0xe8, 0xe2, 0xe1, 0xd1, 0xd1, 0xe2, 0xe2, 0xe8, 0xe3, 0x02, 0xd1, 0xe2, 0x02, 0xe8, 0xe9, 0xe2, 0x03, 0xe2, 0x02, 0xe8, 0xe2, 0xf6, 0x02, 0x02, 0x02, 0x02, 0xf1, 0x02, 0xe2, 0xec, 0xec, 0x03, 0x03, 0x03, 0xe8, 0xec, 0xec, 0xf1, 0x02, 0xec, 0xec, 0xec, 0xf1, 0xe2, 0x02, 0x02, 0xf6, 0x04, 0x03, 0x03, 0xec, 0xec, 0x02, 0x02, 0xeb, 0xea, 0xea, 0xea, 0xe9, 0xe9, 0xe7, 0xe7, 0xe7, 0xe2, 0xe7, 0xec, 0xe7, 0xe9, 0xe7, 0xec, 0xe7, 0xe2, 0xe7, 0xe8, 0xe7, 0xe9, 0xe9, 0xea, 0xe9, 0xec, 0xe9, 0xec, 0xe9, 0xe9, 0xea, 0xea, 0xea, 0xea, 0xed, 0xed, 0xea, 0xea, 0xea, 0xea, 0xea, 0xe8, 0xe9, 0xe8, 0xe9, 0x03, 0xe9, 0x03, 0x03, 0x04, 0xe3, 0x03, 0x05, 0x05, 0x04, 0x03, 0x03, 0xe3, 0x04, 0x03, 0x04, 0x04, 0x04, 0x04, 0xe3, 0x04, 0xed, 0x04, 0xed, 0x04, 0xed, 0x04, 0x04, 0xed, 0x04, 0xed, 0x04, 0xed, 0x04, 0xed, 0x04, 0xed, 0xed, 0xed, 0xed, 0xed, 0xed, 0xed, 0xed, 0xed, 0xed, 0xed, 0xed, 0xed, 0x05, 0xed, 0x05, 0xed, 0x05, 0xed, 0x05, 0xed, 0x05, 0xed, 0x05, 0x05, 0x05, 0x05, 0x05, 0x05, 0x05, 0x05, 0x05, 
  0xe1, 0x01, 0x01, 0xe1, 0xe1, 0xe1, 0xe1, 0xe1, 0xe1, 0xe1, 0xe1, 0xe1, 0xe1, 0xe1, 0xe1, 0xe1, 0xe1, 0xe1, 0xe1, 0xe1, 0xe1, 0xe1, 0xe1, 0xe1, 0xeb, 0xe1, 0xeb, 0xe1, 0xeb, 0xe1, 0xeb, 0xe1, 0xf6, 0xeb, 0xeb, 0xeb, 0xeb, 0xeb, 0xeb, 0xeb, 0xeb, 0xeb, 0xeb, 0xf6, 0xeb, 0xf6, 0xeb, 0xf6, 0xf6, 0xf6, 0xf6, 0xf6, 0xf6, 0xf6, 0xf6, 0xf6, 0xf6, 0xf6, 0xf6, 0xf6, 0xf6, 0xf6, 0xf6, 0xf6, 0xf6, 0xf6, 0xf6, 0xf6, 0xf6, 0xf6, 0xf6, 0xf6, 0xf6, 0xf6, 0xf6, 0xf6, 0xf6, 0xf6, 0xf6, 0xf6, 0xf6, 0xf6, 0xf6, 0xf6, 0xf6, 0xf6, 0xf6, 0xf6, 0xf6, 0x02, 0xf6, 0x02, 0xf6, 0x02, 0xf6, 0x02, 0xf6, 0x02, 0xf6, 0x02, 0xf6, 0x02, 0xf6, 0x02, 0xf6, 0x02, 0x02, 0x02, 0xf6, 0xf6, 0xf6, 0xd2, 0xca, 0x7f, 0x7c, 0x7f, 0x7f, 0x86, 0x86, 0x8e, 0x99, 0x99, 0x9d, 0xa0, 0xa2, 0xa7, 0xb1, 0xb3, 0xc6, 0xbd, 0xbd, 0xc0, 0xc6, 0xc8, 0xcc, 0xcc, 0xcc, 0xcc, 0xcc, 0xd0, 0xd3, 0xd4, 0xd4, 0xd4, 0xcc, 0xcd, 0xcd, 0xcd, 0xd3, 0xd5, 0xd5, 0xd5, 0xcd, 0xcd, 0xcd, 0xd3, 0xcd, 0xd2, 0xd3, 0xd5, 0xd2, 0xe1, 0xd5, 0xe2, 0xd1, 0x02, 0xd2, 0xd1, 0x08, 0x02, 0xd2, 0xe2, 0xd1, 0xd2, 0xe2, 0xd1, 0xe2, 0x02, 0xe2, 0xe2, 0xe2, 0xe2, 0x02, 0x02, 0x01, 0xe1, 0xe1, 0xd1, 0xd1, 0xe2, 0xe2, 0xec, 0xfe, 0x02, 0xfa, 0xfb, 0xfb, 0xfb, 0x04, 0x04, 0xfe, 0xf5, 0x02, 0xfa, 0xfb, 0xfb, 0x04, 0x04, 0x02, 0x02, 0xe2, 0xec, 0x03, 0x04, 0x04, 0xed, 0x03, 0x03, 0x03, 0x03, 0xe8, 0x03, 0x03, 0xe8, 0xed, 0x04, 0xea, 0x03, 0xec, 0xf1, 0x02, 0xf1, 0xea, 0x03, 0xe9, 0xe8, 0xec, 0xf1, 0x02, 0xf1, 0xf1, 0xf1, 0xec, 0xe8, 0xe8, 0xf1, 0x03, 0x03, 0x03, 0x03, 0x04, 0x03, 0x04, 0x04, 0x04, 0xed, 0x03, 0xe9, 0xe8, 0xec, 0xe9, 0xed, 0xed, 0xe3, 0x04, 0xe3, 0x04, 0xe3, 0x04, 0x04, 0x04, 0x04, 0xed, 0x04, 0x04, 0x04, 0x04, 0x04, 0x04, 0xed, 0x04, 0x04, 0x04, 0x04, 0x04, 0x04, 0x04, 0x04, 0xed, 0xed, 0xed, 0xed, 0xed, 0xed, 0xed, 0xed, 0xed, 0xed, 0xed, 0xed, 0x05, 0xed, 0xed, 0xed, 0xed, 0xed, 0xed, 0xed, 0xed, 0xed, 0xed, 0xed, 0x05, 0x05, 0x05, 0x05, 0x05, 0x05, 0x05, 0x05, 
  0x01, 0xe1, 0x01, 0xe1, 0xe1, 0xe1, 0xe1, 0xe1, 0x01, 0x01, 0x01, 0x01, 0x01, 0x01, 0x01, 0x01, 0xe1, 0xe1, 0xe1, 0xe1, 0xe1, 0xe1, 0xe1, 0xe1, 0xeb, 0xeb, 0xe1, 0xeb, 0xe1, 0xeb, 0xe1, 0xeb, 0xeb, 0xf6, 0xf6, 0xf6, 0xf6, 0xf6, 0xf6, 0xf6, 0xf6, 0xf6, 0xeb, 0xf6, 0xeb, 0xf6, 0xeb, 0xf6, 0xeb, 0xf6, 0xf6, 0xf6, 0xf6, 0xf6, 0xf6, 0xf6, 0xf6, 0xf6, 0xf6, 0xf6, 0xf6, 0xf6, 0xf6, 0xf6, 0xf6, 0xf6, 0xf6, 0xf6, 0xf6, 0xf6, 0xf6, 0xf6, 0xf6, 0xf6, 0xf6, 0xf6, 0xf6, 0xf6, 0xf6, 0xf6, 0xf6, 0xf6, 0xf6, 0xf6, 0xf6, 0xf6, 0xf6, 0xf6, 0x02, 0xf6, 0x02, 0xf6, 0x02, 0xf6, 0x02, 0xf6, 0x02, 0xf6, 0x02, 0xf6, 0x02, 0xf6, 0x02, 0xf6, 0xf6, 0x02, 0xf6, 0x02, 0xf6, 0xf6, 0x02, 0xd2, 0xba, 0x27, 0x17, 0x18, 0x18, 0x31, 0x2b, 0x31, 0x21, 0x27, 0x2b, 0x27, 0x3b, 0x56, 0x62, 0x6b, 0x45, 0x38, 0x2d, 0x31, 0x36, 0x31, 0x3f, 0x45, 0x56, 0x5c, 0x5c, 0x62, 0x69, 0x69, 0x73, 0x6f, 0x7f, 0x82, 0x86, 0x8b, 0x8b, 0x8e, 0x93, 0x93, 0xa2, 0xa7, 0xad, 0xad, 0xb6, 0xb6, 0xbd, 0xc6, 0xca, 0xbb, 0xd5, 0xd4, 0xca, 0xd7, 0xcd, 0xd4, 0xd5, 0xca, 0xd3, 0xd7, 0xd3, 0xd5, 0xdb, 0xd4, 0xd3, 0xcd, 0xd3, 0xd3, 0xd5, 0xd5, 0xd8, 0xd5, 0xdb, 0xda, 0xda, 0xd5, 0xd5, 0xd3, 0xcd, 0xd3, 0xd9, 0xd9, 0xfb, 0x08, 0xfa, 0xd2, 0xfe, 0x07, 0xfb, 0x08, 0x08, 0xfa, 0xd5, 0xfa, 0xd2, 0xfa, 0x08, 0xfa, 0xfa, 0xfa, 0xfa, 0xf6, 0xfe, 0xfe, 0xfb, 0xfb, 0xfb, 0xfb, 0xfb, 0xfb, 0xfb, 0xfb, 0xfb, 0xfb, 0xfb, 0xfb, 0x04, 0xfc, 0x04, 0xfc, 0xfa, 0xfb, 0xfb, 0x04, 0xfc, 0x04, 0xfc, 0xed, 0xfb, 0x03, 0x04, 0x04, 0x04, 0x04, 0xfc, 0xed, 0x04, 0xfb, 0x04, 0xfb, 0x04, 0x04, 0x04, 0x03, 0xde, 0xde, 0x05, 0xe3, 0x03, 0xe9, 0xe3, 0xe8, 0xe3, 0x04, 0x03, 0x04, 0x04, 0x04, 0x04, 0x04, 0x04, 0x04, 0x04, 0x04, 0x04, 0x04, 0x04, 0x04, 0x04, 0xed, 0x04, 0xed, 0x04, 0xed, 0x04, 0xed, 0xed, 0xed, 0xed, 0xed, 0xed, 0xed, 0xed, 0xed, 0xed, 0xed, 0xed, 0xed, 0xed, 0x05, 0xed, 0x05, 0xed, 0x05, 0xed, 0x05, 0xed, 0x05, 0xed, 0x05, 0x05, 0x05, 0x05, 0x05, 0x05, 0x05, 0x05, 0x05, 
  0x01, 0x01, 0x01, 0x01, 0x01, 0x01, 0xe1, 0xe1, 0xe1, 0x01, 0xe1, 0x01, 0xe1, 0x01, 0xe1, 0x01, 0xe1, 0xe1, 0xe1, 0xe1, 0xe1, 0xe1, 0xe1, 0xe1, 0xeb, 0xe1, 0xeb, 0xe1, 0xeb, 0xe1, 0xeb, 0xe1, 0xeb, 0xe1, 0xeb, 0xe1, 0xeb, 0xe1, 0xeb, 0xe1, 0xeb, 0xe1, 0xeb, 0xe1, 0xeb, 0xe1, 0xeb, 0xe1, 0xf6, 0xeb, 0xeb, 0xeb, 0xeb, 0xeb, 0xeb, 0xeb, 0xeb, 0xeb, 0xeb, 0xeb, 0xeb, 0xeb, 0xeb, 0xf6, 0xf6, 0xf6, 0xf6, 0xf6, 0xf6, 0xf6, 0xf6, 0xf6, 0xf6, 0xf6, 0xf6, 0xf6, 0xf6, 0xf6, 0xf6, 0xf6, 0xf6, 0xf6, 0xf6, 0xf6, 0xf6, 0xf6, 0xf6, 0xf6, 0xf6, 0x02, 0xf6, 0x02, 0xf6, 0x02, 0xf6, 0x02, 0xf6, 0x02, 0xf6, 0x02, 0xf6, 0x02, 0xf6, 0x02, 0xf6, 0xf6, 0x02, 0xf6, 0xf6, 0xf6, 0x02, 0xd5, 0xaf, 0x23, 0x3e, 0x47, 0x2e, 0x39, 0x2e, 0x21, 0x2b, 0x2c, 0x2b, 0x28, 0x35, 0x4e, 0x58, 0x58, 0x4d, 0x3c, 0x33, 0x2f, 0x29, 0x2f, 0x2b, 0x35, 0x2b, 0x29, 0x2b, 0x2b, 0x35, 0x35, 0x35, 0x35, 0x29, 0x29, 0x2d, 0x29, 0x31, 0x31, 0x31, 0x31, 0x31, 0x2d, 0x2d, 0x38, 0x38, 0x5c, 0x6b, 0x7b, 0x56, 0x43, 0x64, 0x62, 0x52, 0x58, 0x56, 0x5c, 0x6b, 0x62, 0x69, 0x73, 0x73, 0x75, 0x7d, 0x73, 0x8b, 0x8e, 0x8e, 0x93, 0x99, 0x99, 0xa0, 0xa0, 0xa7, 0xad, 0xb3, 0xb6, 0xba, 0xc3, 0xcc, 0xd0, 0xd4, 0xd3, 0xd4, 0xd4, 0xd7, 0xd8, 0xda, 0xda, 0xd4, 0xd4, 0xd4, 0xd4, 0xd7, 0xd7, 0xd8, 0xd7, 0xd7, 0xd9, 0xd9, 0xd9, 0xd9, 0xdc, 0xfc, 0xdc, 0xfa, 0xd7, 0xfa, 0xd7, 0xd9, 0xd9, 0xd9, 0xd9, 0xfb, 0xd9, 0xfb, 0xfb, 0xfb, 0xfa, 0xfb, 0xfa, 0xfb, 0xfa, 0xfb, 0xfa, 0xfa, 0xfa, 0x08, 0xfa, 0x04, 0xd9, 0xd9, 0x08, 0x08, 0xfa, 0x08, 0xfa, 0xd9, 0xfb, 0x08, 0xfb, 0x08, 0xfb, 0xfb, 0x04, 0xe0, 0xe2, 0xe9, 0xe3, 0xe9, 0xe3, 0xe8, 0xe9, 0x03, 0x04, 0x04, 0x04, 0x04, 0x04, 0x04, 0x04, 0x04, 0x04, 0x04, 0x04, 0x04, 0x04, 0x04, 0x04, 0xed, 0x04, 0x04, 0x04, 0x04, 0x04, 0x04, 0x04, 0xed, 0xed, 0xed, 0xed, 0xed, 0xed, 0xed, 0xed, 0xed, 0xed, 0xed, 0xed, 0x05, 0xed, 0xed, 0xed, 0xed, 0xed, 0xed, 0xed, 0xed, 0xed, 0xed, 0xed, 0x05, 0x05, 0x05, 0x05, 0x05, 0x05, 0x05, 0x05, 
  0x01, 0x01, 0x01, 0xe1, 0x01, 0xe1, 0x01, 0x01, 0x01, 0x01, 0x01, 0x01, 0x01, 0x01, 0x01, 0xe1, 0x01, 0x01, 0x01, 0x01, 0x01, 0x01, 0x01, 0x01, 0xe1, 0xe1, 0xe1, 0xe1, 0xe1, 0xe1, 0xe1, 0xe1, 0xeb, 0xeb, 0xe1, 0xeb, 0xe1, 0xeb, 0xe1, 0xeb, 0xe1, 0xeb, 0xe1, 0xeb, 0xe1, 0xeb, 0xe1, 0xeb, 0xeb, 0xf6, 0xf6, 0xf6, 0xf6, 0xf6, 0xf6, 0xf6, 0xf6, 0xf6, 0xf6, 0xf6, 0xf6, 0xf6, 0xeb, 0xf6, 0xeb, 0xf6, 0xf6, 0xf6, 0xf6, 0xf6, 0xf6, 0xf6, 0xf6, 0xf6, 0xf6, 0xf6, 0xf6, 0xf6, 0xf6, 0xf6, 0xf6, 0xf6, 0xf6, 0xf6, 0xf6, 0xf6, 0xf6, 0xf6, 0xf6, 0xf6, 0xf6, 0xf6, 0xf6, 0xf6, 0xf6, 0xf6, 0xf6, 0xf6, 0xf6, 0xf6, 0xf6, 0xf6, 0xf6, 0xf6, 0xf6, 0xf6, 0xf6, 0xf6, 0xf6, 0xf6, 0x02, 0xd5, 0xa5, 0x35, 0x5e, 0x6a, 0x39, 0x2e, 0x34, 0x34, 0x34, 0x34, 0x34, 0x37, 0x39, 0x47, 0x39, 0x32, 0x42, 0x32, 0x28, 0x28, 0x26, 0x26, 0x26, 0x32, 0x2f, 0x32, 0x2f, 0x32, 0x2b, 0x2f, 0x2e, 0x2f, 0x2e, 0x32, 0x2e, 0x32, 0x2b, 0x2e, 0x2f, 0x2f, 0x35, 0x37, 0x35, 0x35, 0x47, 0x54, 0x62, 0x6a, 0x65, 0x67, 0x75, 0x7a, 0x6b, 0x55, 0x31, 0x2e, 0x3b, 0x2e, 0x2b, 0x2e, 0x2b, 0x3e, 0x3e, 0x3e, 0x2b, 0x31, 0x35, 0x3b, 0x3b, 0x43, 0x43, 0x43, 0x3b, 0x3b, 0x3b, 0x3b, 0x3b, 0x31, 0x3c, 0x45, 0x45, 0x4b, 0x4b, 0x56, 0x5c, 0x62, 0x69, 0x6d, 0x73, 0x7b, 0x7c, 0x81, 0x86, 0x8a, 0x8e, 0x90, 0x98, 0x99, 0x9e, 0xa3, 0xa8, 0xac, 0xaf, 0xb0, 0xc0, 0xc0, 0xc3, 0xc8, 0xc8, 0xcf, 0xcf, 0xd4, 0xda, 0xda, 0xda, 0xd8, 0xd7, 0xd8, 0xd7, 0xd7, 0xda, 0xd8, 0xda, 0xd8, 0xda, 0xd7, 0xd7, 0xd7, 0xd4, 0xd7, 0xda, 0xd8, 0xda, 0xda, 0xda, 0xdc, 0xd9, 0xda, 0xd9, 0xdc, 0xd9, 0xdc, 0xdc, 0xdb, 0xdb, 0xdb, 0xea, 0xdb, 0xe9, 0xe9, 0xe3, 0x05, 0xe3, 0x04, 0x03, 0x04, 0x04, 0x04, 0xfc, 0x04, 0x04, 0x04, 0x04, 0x04, 0x04, 0x04, 0x04, 0x04, 0x04, 0xed, 0x04, 0xed, 0x04, 0xed, 0x04, 0xed, 0xed, 0xed, 0xed, 0xed, 0xed, 0xed, 0xed, 0xed, 0xed, 0xed, 0xed, 0xed, 0xed, 0x05, 0xed, 0x05, 0xed, 0x05, 0xed, 0x05, 0xed, 0x05, 0xed, 0x05, 0x05, 0x05, 0x05, 0x05, 0x05, 0x05, 0x05, 0x05, 
  0x01, 0x01, 0x01, 0x01, 0x01, 0x01, 0x01, 0xe1, 0x01, 0x01, 0x01, 0x01, 0x01, 0x01, 0x01, 0x01, 0xe1, 0x01, 0xe1, 0x01, 0xe1, 0x01, 0xe1, 0x01, 0xe1, 0xe1, 0xe1, 0xe1, 0xe1, 0xe1, 0xe1, 0xe1, 0xeb, 0xe1, 0xeb, 0xe1, 0xeb, 0xe1, 0xeb, 0xe1, 0xeb, 0xe1, 0xeb, 0xe1, 0xeb, 0xe1, 0xeb, 0xe1, 0xeb, 0xe1, 0xeb, 0xe1, 0xeb, 0xe1, 0xeb, 0xe1, 0xeb, 0xe1, 0xeb, 0xe1, 0xeb, 0xe1, 0xeb, 0xe1, 0xf6, 0xeb, 0xeb, 0xeb, 0xeb, 0xeb, 0xeb, 0xf6, 0xf6, 0xf6, 0xf6, 0xf6, 0xf6, 0xf6, 0xf6, 0xf6, 0xeb, 0xeb, 0xeb, 0xeb, 0xeb, 0xeb, 0xeb, 0xf6, 0xf6, 0xf6, 0xf6, 0xf6, 0xf6, 0xf6, 0xf6, 0xf6, 0xf6, 0xf6, 0xf6, 0xf6, 0xf6, 0xf6, 0xf6, 0xf6, 0xf6, 0xf6, 0xf6, 0xeb, 0xf6, 0xf6, 0x02, 0xd5, 0x9d, 0x41, 0x54, 0x7a, 0x51, 0x28, 0x34, 0x34, 0x25, 0x28, 0x28, 0x22, 0x2f, 0x32, 0x3d, 0x37, 0x41, 0x34, 0x32, 0x2c, 0x34, 0x2c, 0x2c, 0x34, 0x2c, 0x2c, 0x2c, 0x34, 0x34, 0x34, 0x34, 0x34, 0x34, 0x2c, 0x34, 0x34, 0x34, 0x34, 0x34, 0x34, 0x25, 0x28, 0x32, 0x39, 0x48, 0x41, 0x41, 0x37, 0x6a, 0x78, 0x85, 0x8a, 0x7e, 0x60, 0x42, 0x42, 0x60, 0x59, 0x37, 0x19, 0x28, 0x21, 0x28, 0x2e, 0x32, 0x37, 0x2e, 0x32, 0x2e, 0x2e, 0x2e, 0x2e, 0x2e, 0x32, 0x39, 0x37, 0x37, 0x39, 0x42, 0x4e, 0x51, 0x4e, 0x47, 0x3e, 0x3c, 0x37, 0x37, 0x37, 0x37, 0x35, 0x39, 0x37, 0x37, 0x37, 0x3c, 0x37, 0x47, 0x3e, 0x43, 0x3e, 0x43, 0x3e, 0x43, 0x3e, 0x3b, 0x3b, 0x3c, 0x3c, 0x4d, 0x4d, 0x4d, 0x4d, 0x58, 0x5c, 0x5c, 0x69, 0x6b, 0x73, 0x73, 0x7b, 0x7f, 0x86, 0x8a, 0x8e, 0x91, 0x99, 0x9d, 0xa2, 0xad, 0xaf, 0xb1, 0xb6, 0xb6, 0xba, 0xbc, 0xbd, 0xcc, 0xcc, 0xcf, 0xd0, 0xd4, 0xd4, 0xd8, 0xd8, 0xea, 0xd5, 0xe7, 0xea, 0xdb, 0xe3, 0xe8, 0xed, 0x03, 0x04, 0x04, 0x03, 0xfc, 0x04, 0x04, 0x04, 0x04, 0x04, 0x04, 0x04, 0x04, 0x04, 0x04, 0x04, 0xed, 0x04, 0x04, 0x04, 0x04, 0x04, 0x04, 0x04, 0xed, 0xed, 0xed, 0xed, 0xed, 0xed, 0xed, 0xed, 0xed, 0xed, 0xed, 0xed, 0x05, 0xed, 0xed, 0xed, 0xed, 0xed, 0xed, 0xed, 0xed, 0xed, 0xed, 0xed, 0x05, 0x05, 0x05, 0x05, 0x05, 0x05, 0x05, 0x05, 
  0x01, 0x01, 0x01, 0x01, 0x01, 0xe1, 0x01, 0x01, 0x01, 0x01, 0x01, 0x01, 0x01, 0x01, 0x01, 0x01, 0x01, 0x01, 0x01, 0x01, 0x01, 0x01, 0x01, 0xe1, 0xe1, 0xe1, 0xe1, 0xe1, 0xe1, 0xe1, 0xe1, 0xe1, 0xeb, 0xeb, 0xe1, 0xeb, 0xe1, 0xeb, 0xe1, 0xeb, 0xe1, 0xeb, 0xe1, 0xeb, 0xe1, 0xeb, 0xe1, 0xeb, 0xe1, 0xeb, 0xe1, 0xeb, 0xe1, 0xeb, 0xe1, 0xeb, 0xe1, 0xeb, 0xe1, 0xeb, 0xe1, 0xeb, 0xe1, 0xeb, 0xeb, 0xf6, 0xf6, 0xf6, 0xf6, 0xf6, 0xeb, 0xf6, 0xf6, 0xf6, 0xf6, 0xf6, 0xf6, 0xf6, 0xf6, 0xf6, 0xf6, 0xf6, 0xf6, 0xf6, 0xf6, 0xf6, 0xeb, 0xf6, 0xf6, 0xf6, 0xf6, 0xf6, 0xf6, 0xf6, 0xf6, 0xf6, 0xf6, 0xf6, 0xf6, 0xf6, 0xf6, 0xf6, 0xf6, 0xf6, 0xf6, 0xf6, 0xf6, 0xeb, 0xeb, 0xf6, 0xe2, 0xd5, 0x90, 0x2f, 0x42, 0x8d, 0x72, 0x53, 0x37, 0x1f, 0x32, 0x34, 0x32, 0x28, 0x32, 0x51, 0x60, 0x6e, 0x34, 0x2c, 0x25, 0x2c, 0x2c, 0x25, 0x25, 0x25, 0x25, 0x25, 0x25, 0x25, 0x25, 0x25, 0x25, 0x25, 0x34, 0x34, 0x2c, 0x2c, 0x2c, 0x2c, 0x25, 0x2c, 0x34, 0x34, 0x2c, 0x32, 0x34, 0x37, 0x32, 0x2f, 0x3d, 0x5e, 0x54, 0x67, 0x67, 0x42, 0x54, 0x59, 0x83, 0x7a, 0x59, 0x32, 0x32, 0x32, 0x25, 0x41, 0x2c, 0x2c, 0x34, 0x34, 0x34, 0x39, 0x34, 0x39, 0x32, 0x34, 0x37, 0x34, 0x32, 0x34, 0x39, 0x44, 0x40, 0x3a, 0x3a, 0x34, 0x34, 0x3a, 0x39, 0x40, 0x3a, 0x40, 0x39, 0x40, 0x40, 0x40, 0x44, 0x40, 0x39, 0x34, 0x40, 0x39, 0x40, 0x39, 0x40, 0x40, 0x40, 0x40, 0x40, 0x40, 0x40, 0x40, 0x40, 0x40, 0x3e, 0x3e, 0x3e, 0x3e, 0x3e, 0x4e, 0x3e, 0x4e, 0x40, 0x4e, 0x3e, 0x4e, 0x4e, 0x4e, 0x4e, 0x4d, 0x4d, 0x4b, 0x4d, 0x50, 0x50, 0x50, 0x50, 0x58, 0x4d, 0x50, 0x58, 0x58, 0x5c, 0x62, 0x65, 0x69, 0x6f, 0x6f, 0x8b, 0xb5, 0xe9, 0xdb, 0x03, 0xe3, 0x04, 0x04, 0x03, 0x04, 0x04, 0x04, 0xfc, 0x04, 0x04, 0x03, 0x04, 0x03, 0x04, 0x03, 0x04, 0x03, 0x04, 0xed, 0x04, 0xed, 0x04, 0xed, 0x04, 0xed, 0xed, 0xed, 0xed, 0xed, 0xed, 0xed, 0xed, 0xed, 0xed, 0xed, 0xed, 0xed, 0xed, 0x05, 0xed, 0x05, 0xed, 0x05, 0xed, 0x05, 0xed, 0x05, 0xed, 0x05, 0x05, 0x05, 0x05, 0x05, 0x05, 0x05, 0x05, 0x05, 
  0x01, 0x01, 0x01, 0x01, 0xe1, 0x01, 0x01, 0xe1, 0x01, 0x01, 0x01, 0x01, 0x01, 0x01, 0x01, 0x01, 0xe1, 0xeb, 0xe1, 0xeb, 0xe1, 0xeb, 0xe1, 0xe1, 0xe1, 0xe1, 0xe1, 0xe1, 0xe1, 0xe1, 0xe1, 0xe1, 0xe1, 0xe1, 0xe1, 0xe1, 0xe1, 0xe1, 0xe1, 0xe1, 0xf6, 0xeb, 0xf6, 0xeb, 0xf6, 0xeb, 0xf6, 0xeb, 0xf6, 0xeb, 0xf6, 0xeb, 0xf6, 0xeb, 0xf6, 0xeb, 0xf6, 0xeb, 0xf6, 0xeb, 0xf6, 0xeb, 0xf6, 0xeb, 0xf6, 0xeb, 0xeb, 0xeb, 0xeb, 0xf6, 0xeb, 0xf6, 0xeb, 0xf6, 0xf6, 0xf6, 0xf6, 0xf6, 0xf6, 0xf6, 0xeb, 0xeb, 0xeb, 0xeb, 0xeb, 0xf6, 0xeb, 0xf6, 0xf6, 0xf6, 0xf6, 0xf6, 0xf6, 0xf6, 0xf6, 0xf6, 0xf6, 0xf6, 0xf6, 0xf6, 0xd1, 0xe6, 0xd1, 0xf6, 0xeb, 0xf6, 0xec, 0xf8, 0xf6, 0xe8, 0x01, 0xdb, 0x7b, 0x2f, 0x35, 0x41, 0x48, 0x39, 0x41, 0x28, 0x1f, 0x2c, 0x2e, 0x22, 0x28, 0x48, 0x6a, 0x7a, 0x48, 0x39, 0x28, 0x28, 0x28, 0x2c, 0x2e, 0x21, 0x2c, 0x28, 0x2c, 0x28, 0x2c, 0x28, 0x2c, 0x28, 0x28, 0x2c, 0x32, 0x39, 0x34, 0x34, 0x2c, 0x28, 0x25, 0x22, 0x34, 0x2f, 0x25, 0x42, 0x32, 0x1d, 0x28, 0x37, 0x2f, 0x51, 0x60, 0x42, 0x6e, 0x91, 0x7e, 0x78, 0x51, 0x2f, 0x32, 0x32, 0x42, 0x22, 0x3a, 0x25, 0x41, 0x25, 0x34, 0x28, 0x37, 0x32, 0x37, 0x32, 0x39, 0x37, 0x26, 0x32, 0x37, 0x2e, 0x2c, 0x39, 0x53, 0x4e, 0x34, 0x2c, 0x40, 0x3a, 0x32, 0x34, 0x39, 0x39, 0x41, 0x41, 0x41, 0x3e, 0x39, 0x40, 0x39, 0x40, 0x3a, 0x40, 0x3a, 0x40, 0x40, 0x40, 0x40, 0x40, 0x40, 0x40, 0x3a, 0x40, 0x44, 0x48, 0x49, 0x49, 0x49, 0x44, 0x49, 0x44, 0x48, 0x49, 0x49, 0x48, 0x49, 0x49, 0x49, 0x49, 0x4e, 0x4e, 0x4e, 0x4e, 0x4e, 0x51, 0x4e, 0x41, 0x51, 0x49, 0x49, 0x51, 0x51, 0x4e, 0x51, 0x58, 0x67, 0x8a, 0xad, 0xcf, 0xd9, 0xfc, 0xfc, 0xfb, 0x04, 0x03, 0xea, 0xe9, 0xe3, 0xe9, 0x04, 0x03, 0x04, 0x04, 0x04, 0x04, 0x04, 0x04, 0x04, 0x04, 0x04, 0x04, 0x04, 0x04, 0x04, 0x04, 0x04, 0x04, 0x04, 0x04, 0x04, 0x04, 0x04, 0x04, 0x04, 0x04, 0xed, 0xed, 0xed, 0xed, 0xed, 0xed, 0xed, 0xed, 0xed, 0xed, 0xed, 0xed, 0xed, 0xed, 0xed, 0xed, 0xed, 0xed, 0xed, 0xed, 0xed, 0xed, 0xed, 0xed, 
  0x01, 0x01, 0x01, 0x01, 0x01, 0x01, 0x01, 0x01, 0x01, 0xe1, 0x01, 0xe1, 0x01, 0xe1, 0x01, 0xe1, 0xe1, 0xe1, 0xe1, 0xe1, 0xe1, 0xe1, 0xe1, 0xe1, 0xe1, 0xe1, 0xe1, 0xe1, 0xe1, 0xe1, 0xe1, 0xe1, 0xe1, 0xe1, 0xe1, 0xe1, 0xe1, 0xe1, 0xe1, 0xe1, 0xeb, 0xe1, 0xeb, 0xe1, 0xeb, 0xe1, 0xeb, 0xe1, 0xeb, 0xe1, 0xeb, 0xe1, 0xeb, 0xe1, 0xeb, 0xe1, 0xeb, 0xf6, 0xeb, 0xf6, 0xeb, 0xf6, 0xeb, 0xf6, 0xeb, 0xf6, 0xf6, 0xf6, 0xeb, 0xf6, 0xeb, 0xf6, 0xeb, 0xf6, 0xeb, 0xeb, 0xeb, 0xeb, 0xeb, 0xeb, 0xf6, 0xf6, 0xf6, 0xf6, 0xeb, 0xf6, 0xeb, 0xf6, 0xf6, 0xf6, 0xf6, 0xf6, 0xf6, 0xf6, 0xf6, 0xf6, 0xf5, 0x02, 0xf6, 0xf6, 0xe6, 0x02, 0xe7, 0xd1, 0xe6, 0xf6, 0xec, 0x01, 0x02, 0xe2, 0xe0, 0xdb, 0x75, 0x2f, 0x26, 0x2f, 0x28, 0x2f, 0x28, 0x1f, 0x3e, 0x39, 0x28, 0x28, 0x37, 0x48, 0x39, 0x2f, 0x2e, 0x2f, 0x28, 0x26, 0x28, 0x28, 0x28, 0x2c, 0x28, 0x2c, 0x21, 0x2c, 0x21, 0x2c, 0x21, 0x2c, 0x28, 0x2e, 0x32, 0x2c, 0x34, 0x2c, 0x2c, 0x2c, 0x34, 0x2c, 0x39, 0x28, 0x26, 0x2f, 0x26, 0x37, 0x39, 0x41, 0x5e, 0x61, 0x3c, 0x22, 0x6a, 0x88, 0x3d, 0x51, 0x2f, 0x37, 0x37, 0x2f, 0x34, 0x32, 0x34, 0x25, 0x34, 0x25, 0x32, 0x25, 0x32, 0x28, 0x32, 0x26, 0x32, 0x42, 0x39, 0x48, 0x59, 0x51, 0x40, 0x3a, 0x40, 0x40, 0x39, 0x40, 0x3e, 0x2e, 0x40, 0x41, 0x49, 0x41, 0x3e, 0x37, 0x37, 0x37, 0x40, 0x39, 0x40, 0x3e, 0x40, 0x39, 0x40, 0x40, 0x40, 0x40, 0x40, 0x40, 0x40, 0x3a, 0x40, 0x3a, 0x49, 0x46, 0x44, 0x46, 0x44, 0x46, 0x44, 0x46, 0x46, 0x46, 0x46, 0x49, 0x4c, 0x4c, 0x49, 0x4c, 0x44, 0x4e, 0x4c, 0x40, 0x46, 0x4c, 0x53, 0x59, 0x53, 0x4c, 0x53, 0x61, 0x53, 0x51, 0x6a, 0x80, 0xaa, 0xaa, 0xb8, 0xd0, 0xdc, 0xfc, 0xfc, 0xfd, 0xfb, 0x04, 0xe9, 0xe9, 0xea, 0xe3, 0x04, 0x04, 0x04, 0x03, 0x04, 0x03, 0x04, 0x03, 0x04, 0x03, 0x04, 0x04, 0x04, 0x04, 0x04, 0x04, 0x04, 0x04, 0x04, 0xed, 0x04, 0xed, 0x04, 0xed, 0x04, 0xed, 0xed, 0xed, 0xed, 0xed, 0xed, 0xed, 0xed, 0xed, 0xed, 0xed, 0xed, 0xed, 0xed, 0x05, 0xed, 0x05, 0xed, 0x05, 0xed, 0x05, 0xed, 0x05, 0xed, 0x05, 
  0x01, 0x01, 0x01, 0x01, 0x01, 0x01, 0x01, 0x01, 0xe1, 0x01, 0x01, 0x01, 0x01, 0x01, 0x01, 0x01, 0xe1, 0xe1, 0xe1, 0xe1, 0xe1, 0xe1, 0xe1, 0xe1, 0xe1, 0xe1, 0xe1, 0xe1, 0xe1, 0xe1, 0xe1, 0xe1, 0xe1, 0xe1, 0xe1, 0xe1, 0xe1, 0xe1, 0xe1, 0xe1, 0xe1, 0xeb, 0xe1, 0xeb, 0xe1, 0xeb, 0xe1, 0xeb, 0xe1, 0xeb, 0xe1, 0xeb, 0xe1, 0xeb, 0xe1, 0xeb, 0xf6, 0xeb, 0xf6, 0xeb, 0xf6, 0xeb, 0xf6, 0xeb, 0xf6, 0xeb, 0xeb, 0xf6, 0xeb, 0xf6, 0xeb, 0xf6, 0xeb, 0xf6, 0xeb, 0xf6, 0xf6, 0xf6, 0xf6, 0xf6, 0xeb, 0xeb, 0xeb, 0xf6, 0xeb, 0xf6, 0xeb, 0xf6, 0xf6, 0xf6, 0xf6, 0xf6, 0xf6, 0xf6, 0xf6, 0xf6, 0x02, 0xf5, 0xf6, 0xe6, 0xd1, 0xe7, 0xd1, 0xf6, 0xeb, 0xeb, 0x02, 0xf5, 0xe6, 0x02, 0xe0, 0xdb, 0x7d, 0x47, 0x2f, 0x32, 0x1d, 0x28, 0x22, 0x28, 0x10, 0x1f, 0x37, 0x32, 0x19, 0x19, 0x26, 0x32, 0x28, 0x2e, 0x32, 0x32, 0x28, 0x28, 0x28, 0x21, 0x28, 0x28, 0x2c, 0x28, 0x2c, 0x28, 0x2c, 0x28, 0x2c, 0x2c, 0x2c, 0x2c, 0x2c, 0x2c, 0x2a, 0x21, 0x2c, 0x25, 0x2c, 0x21, 0x2c, 0x2c, 0x34, 0x6a, 0x59, 0x4e, 0x61, 0x67, 0x39, 0x55, 0x6a, 0x6a, 0x28, 0x48, 0x2c, 0x32, 0x3a, 0x25, 0x2c, 0x3a, 0x34, 0x34, 0x44, 0x32, 0x39, 0x28, 0x37, 0x32, 0x39, 0x22, 0x32, 0x48, 0x49, 0x49, 0x51, 0x51, 0x2e, 0x49, 0x59, 0x4e, 0x28, 0x34, 0x40, 0x34, 0x44, 0x49, 0x4c, 0x49, 0x39, 0x34, 0x34, 0x39, 0x39, 0x41, 0x39, 0x41, 0x41, 0x41, 0x41, 0x39, 0x41, 0x41, 0x41, 0x40, 0x41, 0x40, 0x41, 0x40, 0x44, 0x46, 0x46, 0x46, 0x46, 0x46, 0x46, 0x46, 0x46, 0x46, 0x49, 0x46, 0x4c, 0x46, 0x4c, 0x4c, 0x57, 0x40, 0x4c, 0x59, 0x59, 0x44, 0x39, 0x53, 0x44, 0x59, 0x51, 0x39, 0x60, 0x8c, 0xaa, 0xae, 0xb8, 0xb4, 0xbf, 0xdc, 0x0a, 0xfd, 0xfc, 0xfc, 0xed, 0x04, 0xea, 0xe9, 0xea, 0xe3, 0x04, 0x04, 0x04, 0x04, 0x04, 0x04, 0x04, 0x04, 0x04, 0x04, 0x04, 0x04, 0x04, 0x04, 0x04, 0x04, 0x04, 0x04, 0xed, 0x04, 0x04, 0x04, 0x04, 0x04, 0x04, 0x04, 0xed, 0xed, 0xed, 0xed, 0xed, 0xed, 0xed, 0xed, 0xed, 0xed, 0xed, 0xed, 0x05, 0xed, 0xed, 0xed, 0xed, 0xed, 0xed, 0xed, 0xed, 0xed, 0xed, 0xed, 
  0x01, 0x01, 0x01, 0x01, 0x01, 0x01, 0x01, 0x01, 0x01, 0xe1, 0x01, 0xe1, 0x01, 0xe1, 0x01, 0xe1, 0x01, 0x01, 0x01, 0x01, 0x01, 0x01, 0x01, 0x01, 0x01, 0x01, 0x01, 0x01, 0x01, 0x01, 0x01, 0x01, 0xe1, 0xe1, 0xe1, 0xe1, 0xe1, 0xe1, 0xe1, 0xe1, 0xeb, 0xe1, 0xeb, 0xe1, 0xeb, 0xe1, 0xeb, 0xe1, 0xeb, 0xe1, 0xeb, 0xe1, 0xeb, 0xe1, 0xeb, 0xe1, 0xeb, 0xf6, 0xeb, 0xf6, 0xeb, 0xf6, 0xeb, 0xf6, 0xeb, 0xf6, 0xeb, 0xf6, 0xeb, 0xf6, 0xeb, 0xf6, 0xeb, 0xf6, 0xeb, 0xf6, 0xeb, 0xeb, 0xeb, 0xeb, 0xf6, 0xf6, 0xeb, 0xf6, 0xeb, 0xf6, 0xeb, 0xf6, 0xeb, 0xf6, 0xf6, 0xf6, 0xf6, 0xf6, 0xeb, 0xeb, 0xf5, 0xf6, 0xeb, 0xd1, 0xe6, 0xd1, 0xe6, 0xe6, 0x02, 0xe1, 0xf5, 0xd1, 0xeb, 0xe6, 0xe7, 0xda, 0x7d, 0x59, 0x35, 0x41, 0x19, 0x37, 0x22, 0x34, 0x39, 0x37, 0x28, 0x22, 0x28, 0x32, 0x32, 0x26, 0x28, 0x28, 0x2e, 0x2e, 0x28, 0x28, 0x28, 0x28, 0x28, 0x28, 0x28, 0x28, 0x28, 0x28, 0x28, 0x28, 0x2c, 0x21, 0x21, 0x21, 0x2c, 0x21, 0x2c, 0x2c, 0x21, 0x21, 0x21, 0x2c, 0x34, 0x2c, 0x40, 0x80, 0x4e, 0x2c, 0x49, 0x44, 0x39, 0x61, 0x51, 0x1f, 0x41, 0x40, 0x1f, 0x19, 0x34, 0x21, 0x21, 0x34, 0x2c, 0x39, 0x39, 0x32, 0x34, 0x28, 0x37, 0x34, 0x41, 0x2e, 0x44, 0x59, 0x53, 0x3e, 0x39, 0x39, 0x39, 0x59, 0x6a, 0x61, 0x4e, 0x49, 0x51, 0x40, 0x3a, 0x44, 0x46, 0x44, 0x3a, 0x3a, 0x3a, 0x3a, 0x41, 0x39, 0x41, 0x39, 0x41, 0x39, 0x41, 0x41, 0x41, 0x39, 0x41, 0x41, 0x41, 0x41, 0x41, 0x44, 0x46, 0x46, 0x46, 0x46, 0x46, 0x46, 0x46, 0x46, 0x46, 0x46, 0x46, 0x46, 0x4c, 0x4c, 0x4c, 0x4c, 0x40, 0x53, 0x4c, 0x3a, 0x3e, 0x59, 0x5e, 0x48, 0x47, 0x54, 0x6e, 0x91, 0xae, 0xb9, 0xb4, 0xb9, 0xa5, 0xb2, 0xd4, 0x0b, 0x0b, 0xfd, 0xfb, 0xfc, 0x04, 0xea, 0xea, 0xea, 0xe3, 0x04, 0x04, 0xfc, 0x04, 0x04, 0x04, 0x04, 0x04, 0x04, 0x04, 0x04, 0x04, 0x04, 0x04, 0x04, 0x04, 0x04, 0x04, 0x04, 0x04, 0xed, 0x04, 0xed, 0x04, 0xed, 0x04, 0xed, 0xed, 0xed, 0xed, 0xed, 0xed, 0xed, 0xed, 0xed, 0xed, 0xed, 0xed, 0xed, 0xed, 0x05, 0xed, 0x05, 0xed, 0x05, 0xed, 0x05, 0xed, 0x05, 0xed, 0x05, 
  0x01, 0x01, 0x01, 0x01, 0x01, 0x01, 0x01, 0x01, 0x01, 0x01, 0x01, 0x01, 0x01, 0x01, 0x01, 0x01, 0xe1, 0x01, 0xe1, 0x01, 0xe1, 0x01, 0xe1, 0x01, 0xe1, 0x01, 0xe1, 0x01, 0xe1, 0x01, 0xe1, 0x01, 0xe1, 0xe1, 0xe1, 0xe1, 0xe1, 0xe1, 0xe1, 0xe1, 0xe1, 0xeb, 0xe1, 0xeb, 0xe1, 0xeb, 0xe1, 0xeb, 0xe1, 0xeb, 0xe1, 0xeb, 0xe1, 0xeb, 0xe1, 0xeb, 0xe1, 0xeb, 0xe1, 0xeb, 0xe1, 0xeb, 0xe1, 0xeb, 0xe1, 0xeb, 0xe1, 0xeb, 0xe1, 0xeb, 0xe1, 0xeb, 0xe1, 0xeb, 0xe1, 0xeb, 0xe1, 0xeb, 0xeb, 0xeb, 0xeb, 0xeb, 0xf6, 0xeb, 0xf6, 0xeb, 0xf6, 0xeb, 0xf6, 0xeb, 0xeb, 0xeb, 0xeb, 0xeb, 0xf6, 0xd1, 0xf5, 0xf6, 0xeb, 0xe6, 0xe6, 0xe6, 0xe6, 0xd1, 0x02, 0xeb, 0xe1, 0xeb, 0xe1, 0xe6, 0xd5, 0xd5, 0x6b, 0x49, 0x2f, 0x39, 0x26, 0x39, 0x19, 0x39, 0x22, 0x1f, 0x19, 0x22, 0x32, 0x37, 0x2f, 0x19, 0x2e, 0x28, 0x19, 0x1f, 0x28, 0x2e, 0x2c, 0x28, 0x28, 0x28, 0x28, 0x28, 0x28, 0x28, 0x21, 0x28, 0x26, 0x28, 0x28, 0x26, 0x26, 0x26, 0x26, 0x26, 0x2e, 0x2e, 0x2e, 0x26, 0x2e, 0x21, 0x2b, 0x7a, 0x2e, 0x42, 0x4e, 0x3c, 0x32, 0x5e, 0x2e, 0x28, 0x2e, 0x32, 0x28, 0x21, 0x39, 0x40, 0x21, 0x39, 0x28, 0x48, 0x28, 0x28, 0x28, 0x22, 0x2c, 0x28, 0x2c, 0x32, 0x53, 0x6a, 0x5e, 0x44, 0x3a, 0x41, 0x41, 0x41, 0x48, 0x49, 0x48, 0x59, 0x51, 0x25, 0x41, 0x3a, 0x34, 0x3a, 0x3a, 0x3a, 0x3a, 0x3a, 0x3a, 0x39, 0x41, 0x39, 0x41, 0x41, 0x41, 0x39, 0x41, 0x41, 0x41, 0x41, 0x41, 0x41, 0x44, 0x41, 0x46, 0x46, 0x46, 0x40, 0x46, 0x40, 0x46, 0x46, 0x46, 0x46, 0x46, 0x49, 0x4c, 0x46, 0x4c, 0x4c, 0x4c, 0x46, 0x4e, 0x59, 0x55, 0x3c, 0x47, 0x50, 0x62, 0xa1, 0xd0, 0xc7, 0xb2, 0xb4, 0xb8, 0xae, 0xb2, 0xc7, 0xdc, 0x0a, 0x09, 0xfb, 0xfc, 0xed, 0x04, 0xea, 0xe9, 0xe3, 0xea, 0x04, 0x04, 0xfc, 0x04, 0x04, 0x04, 0x04, 0x04, 0x04, 0x04, 0x04, 0x04, 0x04, 0x04, 0x04, 0x04, 0x04, 0x04, 0x04, 0xed, 0x04, 0x04, 0x04, 0x04, 0x04, 0x04, 0x04, 0xed, 0xed, 0xed, 0xed, 0xed, 0xed, 0xed, 0xed, 0xed, 0xed, 0xed, 0xed, 0x05, 0xed, 0xed, 0xed, 0xed, 0xed, 0xed, 0xed, 0xed, 0xed, 0xed, 0xed, 
  0x01, 0x01, 0x01, 0x01, 0x01, 0x01, 0x01, 0x01, 0x01, 0x01, 0x01, 0x01, 0x01, 0x01, 0x01, 0x01, 0x01, 0x01, 0x01, 0x01, 0x01, 0x01, 0x01, 0x01, 0x01, 0x01, 0x01, 0x01, 0x01, 0x01, 0x01, 0xe1, 0xe1, 0xe1, 0xe1, 0xe1, 0xe1, 0xe1, 0xe1, 0xe1, 0xe1, 0xe1, 0xe1, 0xe1, 0xe1, 0xe1, 0xe1, 0xe1, 0xe1, 0xe1, 0xe1, 0xe1, 0xe1, 0xe1, 0xe1, 0xe1, 0xeb, 0xe1, 0xeb, 0xe1, 0xeb, 0xe1, 0xeb, 0xe1, 0xeb, 0xe1, 0xeb, 0xe1, 0xeb, 0xe1, 0xeb, 0xe1, 0xeb, 0xe1, 0xeb, 0xe1, 0xeb, 0xe1, 0xeb, 0xe1, 0xf6, 0xeb, 0xf6, 0xeb, 0xf6, 0xeb, 0xf6, 0xeb, 0xf6, 0xeb, 0xf6, 0xf6, 0xf6, 0xeb, 0xeb, 0xeb, 0xf5, 0xf6, 0xeb, 0xd1, 0xe6, 0xd1, 0xe6, 0xe6, 0xf6, 0xf6, 0x01, 0xeb, 0x01, 0xd1, 0xd5, 0xc6, 0x4d, 0x26, 0x28, 0x32, 0x37, 0x39, 0x26, 0x40, 0x67, 0x72, 0x7e, 0x7e, 0x7a, 0x6a, 0x60, 0x55, 0x49, 0x40, 0x28, 0x28, 0x28, 0x2c, 0x28, 0x26, 0x28, 0x28, 0x28, 0x28, 0x28, 0x28, 0x28, 0x28, 0x28, 0x29, 0x26, 0x23, 0x23, 0x2b, 0x26, 0x2b, 0x2f, 0x29, 0x2b, 0x26, 0x26, 0x1c, 0x26, 0x61, 0x35, 0x59, 0x51, 0x42, 0x2e, 0x51, 0x2b, 0x48, 0x2b, 0x2e, 0x3e, 0x2b, 0x16, 0x21, 0x28, 0x37, 0x3e, 0x5e, 0x2b, 0x26, 0x2e, 0x1f, 0x2e, 0x2c, 0x2c, 0x39, 0x59, 0x6a, 0x53, 0x39, 0x37, 0x34, 0x2f, 0x28, 0x32, 0x32, 0x32, 0x41, 0x49, 0x39, 0x44, 0x3a, 0x34, 0x34, 0x3a, 0x3a, 0x3a, 0x2c, 0x3a, 0x39, 0x3a, 0x41, 0x3a, 0x39, 0x41, 0x39, 0x41, 0x39, 0x41, 0x41, 0x41, 0x44, 0x42, 0x44, 0x40, 0x40, 0x46, 0x40, 0x40, 0x46, 0x40, 0x44, 0x44, 0x49, 0x44, 0x49, 0x4c, 0x4e, 0x4c, 0x49, 0x59, 0x41, 0x41, 0x55, 0x55, 0x50, 0x73, 0x99, 0xd8, 0xc8, 0xba, 0xba, 0xbc, 0xbc, 0xb8, 0xc3, 0xcc, 0xda, 0xdd, 0xd9, 0xfb, 0xed, 0xed, 0x03, 0xea, 0xea, 0xea, 0xea, 0xed, 0x04, 0xfc, 0xfc, 0x04, 0xed, 0x04, 0x04, 0x04, 0x04, 0x04, 0x04, 0x04, 0x04, 0x04, 0x04, 0x04, 0x04, 0x04, 0x04, 0x04, 0xed, 0x04, 0xed, 0x04, 0xed, 0x04, 0xed, 0xed, 0xed, 0xed, 0xed, 0xed, 0xed, 0xed, 0xed, 0xed, 0xed, 0xed, 0xed, 0xed, 0x05, 0xed, 0x05, 0xed, 0x05, 0xed, 0x05, 0xed, 0x05, 0xed, 0x05, 
  0xf4, 0x01, 0xf4, 0x01, 0xf4, 0x01, 0xf4, 0x01, 0x01, 0x01, 0x01, 0x01, 0x01, 0x01, 0x01, 0x01, 0x01, 0x01, 0x01, 0x01, 0x01, 0x01, 0x01, 0x01, 0x01, 0x01, 0x01, 0x01, 0x01, 0x01, 0x01, 0x01, 0xe1, 0xe1, 0xe1, 0xe1, 0xe1, 0xe1, 0xe1, 0xe1, 0xe1, 0xe1, 0xe1, 0xe1, 0xe1, 0xe1, 0xe1, 0xe1, 0xe1, 0xe1, 0xe1, 0xe1, 0xe1, 0xe1, 0xe1, 0xe1, 0xe1, 0xeb, 0xe1, 0xeb, 0xe1, 0xeb, 0xe1, 0xeb, 0xe1, 0xeb, 0xe1, 0xeb, 0xe1, 0xeb, 0xe1, 0xeb, 0xe1, 0xeb, 0xe1, 0xeb, 0xe1, 0xeb, 0xe1, 0xeb, 0xf6, 0xeb, 0xf6, 0xeb, 0xf6, 0xeb, 0xf6, 0xeb, 0xeb, 0xe1, 0xeb, 0xe1, 0xeb, 0xe1, 0xeb, 0xeb, 0xfe, 0xfe, 0xe1, 0xe6, 0xe1, 0xe6, 0xe6, 0xeb, 0x01, 0x02, 0x01, 0xd1, 0x01, 0xd2, 0xe7, 0xb1, 0x31, 0x1f, 0x28, 0x34, 0x49, 0x41, 0x2c, 0x48, 0x40, 0x49, 0x61, 0x72, 0x85, 0x91, 0x7e, 0x72, 0x55, 0x4e, 0x39, 0x2c, 0x28, 0x28, 0x26, 0x1f, 0x28, 0x28, 0x1f, 0x28, 0x1f, 0x28, 0x25, 0x28, 0x21, 0x28, 0x21, 0x28, 0x26, 0x26, 0x26, 0x26, 0x21, 0x1c, 0x2e, 0x21, 0x21, 0x2e, 0x2c, 0x40, 0x2c, 0x41, 0x28, 0x49, 0x19, 0x37, 0x1f, 0x1c, 0x2e, 0x1c, 0x4e, 0x39, 0x16, 0x4d, 0x3e, 0x35, 0x5e, 0x72, 0x35, 0x32, 0x37, 0x2e, 0x34, 0x2c, 0x2c, 0x3a, 0x53, 0x53, 0x39, 0x28, 0x28, 0x28, 0x32, 0x41, 0x59, 0x5e, 0x44, 0x39, 0x51, 0x59, 0x44, 0x39, 0x34, 0x34, 0x34, 0x3a, 0x34, 0x34, 0x3a, 0x3a, 0x3a, 0x3a, 0x3a, 0x3a, 0x3a, 0x3a, 0x3a, 0x3a, 0x41, 0x3a, 0x41, 0x44, 0x44, 0x44, 0x44, 0x44, 0x40, 0x44, 0x41, 0x41, 0x41, 0x41, 0x48, 0x49, 0x48, 0x49, 0x48, 0x49, 0x48, 0x4e, 0x41, 0x59, 0x54, 0x3b, 0x6b, 0xa2, 0xd4, 0xdc, 0xcc, 0xda, 0xd4, 0xbd, 0xb7, 0xc8, 0xd6, 0xdc, 0xda, 0xda, 0xd9, 0xe3, 0x04, 0xed, 0x04, 0x03, 0xea, 0xea, 0xea, 0xea, 0x04, 0xed, 0xfc, 0xfc, 0xed, 0x04, 0xed, 0x04, 0xed, 0x04, 0xed, 0x04, 0x04, 0x04, 0x04, 0x04, 0x04, 0x04, 0x04, 0x04, 0xed, 0x04, 0x04, 0x04, 0x04, 0x04, 0x04, 0x04, 0xed, 0xed, 0xed, 0xed, 0xed, 0xed, 0xed, 0xed, 0xed, 0xed, 0xed, 0xed, 0x05, 0xed, 0xed, 0xed, 0xed, 0xed, 0xed, 0xed, 0xed, 0xed, 0xed, 0xed, 
  0x01, 0xf4, 0x01, 0xf4, 0x01, 0xf4, 0x01, 0xf4, 0x01, 0x01, 0x01, 0x01, 0x01, 0x01, 0x01, 0x01, 0x01, 0x01, 0x01, 0x01, 0x01, 0x01, 0x01, 0x01, 0x01, 0x01, 0x01, 0x01, 0x01, 0x01, 0x01, 0x01, 0xe1, 0xe1, 0xe1, 0xe1, 0xe1, 0xe1, 0xe1, 0xe1, 0xe1, 0xe1, 0xe1, 0xe1, 0xe1, 0xe1, 0xe1, 0xe1, 0xe1, 0xe1, 0xe1, 0xe1, 0xe1, 0xe1, 0xe1, 0xe1, 0xeb, 0xe1, 0xeb, 0xe1, 0xeb, 0xe1, 0xeb, 0xe1, 0xeb, 0xe1, 0xeb, 0xe1, 0xeb, 0xe1, 0xeb, 0xe1, 0xeb, 0xe1, 0xeb, 0xe1, 0xeb, 0xe1, 0xeb, 0xe1, 0xeb, 0xf6, 0xeb, 0xf6, 0xeb, 0xf6, 0xeb, 0xf6, 0xe1, 0xeb, 0xe1, 0xeb, 0xe1, 0xeb, 0xe1, 0xeb, 0xfe, 0xeb, 0xfe, 0xe1, 0xe6, 0xe6, 0xe6, 0xe1, 0xf4, 0x02, 0xe1, 0xf6, 0x06, 0xcd, 0xcd, 0xa2, 0x2b, 0x19, 0x39, 0x2e, 0x51, 0x39, 0x2e, 0x41, 0x39, 0x48, 0x48, 0x51, 0x4e, 0x48, 0x32, 0x19, 0x34, 0x34, 0x2c, 0x28, 0x1f, 0x1f, 0x28, 0x2e, 0x28, 0x28, 0x28, 0x28, 0x28, 0x25, 0x28, 0x25, 0x28, 0x21, 0x2c, 0x21, 0x2c, 0x28, 0x21, 0x28, 0x28, 0x21, 0x37, 0x21, 0x28, 0x3a, 0x2c, 0x21, 0x25, 0x39, 0x34, 0x6a, 0x28, 0x2e, 0x41, 0x22, 0x37, 0x2e, 0x6b, 0x72, 0x72, 0x8a, 0x85, 0x6b, 0x67, 0x7e, 0x35, 0x37, 0x2e, 0x34, 0x2c, 0x2c, 0x2c, 0x34, 0x44, 0x39, 0x28, 0x28, 0x37, 0x32, 0x32, 0x34, 0x53, 0x60, 0x51, 0x32, 0x32, 0x37, 0x3d, 0x37, 0x37, 0x37, 0x32, 0x37, 0x34, 0x39, 0x3a, 0x3a, 0x39, 0x3a, 0x39, 0x3a, 0x3e, 0x3a, 0x3e, 0x39, 0x3e, 0x41, 0x3e, 0x41, 0x41, 0x48, 0x42, 0x42, 0x42, 0x42, 0x42, 0x42, 0x47, 0x42, 0x47, 0x47, 0x47, 0x47, 0x4d, 0x4d, 0x4d, 0x48, 0x55, 0x42, 0x6b, 0xa5, 0xd4, 0xd8, 0xcc, 0xd2, 0xd2, 0xc9, 0xbe, 0xcb, 0xd7, 0x0a, 0xdc, 0xdc, 0xdb, 0x03, 0xe3, 0x04, 0x04, 0xec, 0x03, 0x05, 0xea, 0xea, 0xea, 0xea, 0xed, 0x04, 0xfc, 0xfc, 0x04, 0xed, 0x04, 0x04, 0x04, 0x04, 0x04, 0xed, 0x04, 0x04, 0x04, 0x04, 0x04, 0x04, 0x04, 0x04, 0x04, 0xed, 0x04, 0xed, 0x04, 0xed, 0x04, 0xed, 0xed, 0xed, 0xed, 0xed, 0xed, 0xed, 0xed, 0xed, 0xed, 0xed, 0xed, 0xed, 0xed, 0x05, 0xed, 0x05, 0xed, 0x05, 0xed, 0x05, 0xed, 0x05, 0xed, 0x05, 
  0xf4, 0x01, 0xf4, 0x01, 0xf4, 0x01, 0xf4, 0x01, 0x01, 0x01, 0x01, 0x01, 0x01, 0x01, 0x01, 0x01, 0x01, 0x01, 0x01, 0x01, 0x01, 0x01, 0x01, 0x01, 0x01, 0x01, 0x01, 0x01, 0x01, 0x01, 0x01, 0x01, 0x01, 0x01, 0x01, 0x01, 0x01, 0x01, 0x01, 0x01, 0xe1, 0xe1, 0xe1, 0xe1, 0xe1, 0xe1, 0xe1, 0xe1, 0xeb, 0xeb, 0xeb, 0xeb, 0xeb, 0xeb, 0xeb, 0xeb, 0xe1, 0xe1, 0xe1, 0xe1, 0xe1, 0xe1, 0xe1, 0xe1, 0xf6, 0xeb, 0xf6, 0xeb, 0xf6, 0xeb, 0xf6, 0xeb, 0xf6, 0xeb, 0xf6, 0xeb, 0xf6, 0xeb, 0xf6, 0xeb, 0xf6, 0xeb, 0xf6, 0xeb, 0xf6, 0xeb, 0xf6, 0xeb, 0xf6, 0xeb, 0xf6, 0xeb, 0xf6, 0xeb, 0xf6, 0xeb, 0xfe, 0xfe, 0xf6, 0xd1, 0xe6, 0xe6, 0xe6, 0xeb, 0x01, 0xec, 0xf4, 0xe2, 0xcb, 0x08, 0xd5, 0x8b, 0x23, 0x28, 0x1f, 0x28, 0x28, 0x28, 0x2e, 0x2e, 0x28, 0x2e, 0x28, 0x26, 0x26, 0x22, 0x28, 0x23, 0x34, 0x2e, 0x21, 0x21, 0x28, 0x28, 0x19, 0x1f, 0x37, 0x22, 0x22, 0x25, 0x1f, 0x1f, 0x2c, 0x2c, 0x21, 0x28, 0x21, 0x28, 0x21, 0x21, 0x28, 0x21, 0x21, 0x3a, 0x21, 0x34, 0x21, 0x2c, 0x21, 0x34, 0x32, 0x51, 0x59, 0x51, 0x28, 0x13, 0x1d, 0x3d, 0x67, 0x7d, 0x8d, 0x95, 0x95, 0x94, 0x90, 0x8d, 0x8a, 0x6a, 0x3e, 0x28, 0x3a, 0x44, 0x46, 0x3a, 0x34, 0x34, 0x2c, 0x34, 0x32, 0x32, 0x2f, 0x2f, 0x39, 0x2c, 0x32, 0x34, 0x41, 0x37, 0x37, 0x3d, 0x42, 0x3d, 0x3d, 0x3d, 0x35, 0x37, 0x33, 0x32, 0x35, 0x35, 0x37, 0x3e, 0x3e, 0x35, 0x37, 0x42, 0x3c, 0x3c, 0x42, 0x3c, 0x42, 0x47, 0x47, 0x47, 0x54, 0x43, 0x43, 0x50, 0x56, 0x5d, 0x62, 0x6d, 0x6d, 0x74, 0x7d, 0x75, 0x7b, 0x83, 0x97, 0x91, 0x91, 0xae, 0xc7, 0xd8, 0xd0, 0xd3, 0xcd, 0xd5, 0x01, 0xc9, 0x04, 0x0b, 0xfd, 0x08, 0x08, 0x08, 0xe3, 0x04, 0x03, 0x04, 0x04, 0x04, 0xea, 0xea, 0xea, 0xea, 0xea, 0xe3, 0x04, 0xfc, 0x04, 0xfc, 0x04, 0x04, 0x04, 0x04, 0x04, 0x04, 0x04, 0x04, 0x03, 0x04, 0x04, 0x04, 0x04, 0x04, 0x04, 0x04, 0x04, 0x04, 0x04, 0x04, 0x04, 0x04, 0x04, 0x04, 0x04, 0x04, 0x04, 0x04, 0x04, 0x04, 0x04, 0x04, 0xed, 0xed, 0xed, 0xed, 0xed, 0xed, 0xed, 0xed, 0xed, 0xed, 0xed, 0xed, 0xed, 0xed, 0xed, 0xed, 
  0x01, 0xf4, 0x01, 0xf4, 0x01, 0xf4, 0x01, 0xf4, 0x01, 0xf4, 0x01, 0x01, 0x01, 0x01, 0x01, 0x01, 0x01, 0x01, 0x01, 0x01, 0x01, 0x01, 0x01, 0x01, 0xe1, 0x01, 0xe1, 0x01, 0xe1, 0x01, 0xe1, 0x01, 0xe1, 0x01, 0xe1, 0x01, 0xe1, 0x01, 0xe1, 0x01, 0xeb, 0xe1, 0xe1, 0xe1, 0xe1, 0xe1, 0xe1, 0xe1, 0xeb, 0xe1, 0xeb, 0xe1, 0xeb, 0xe1, 0xeb, 0xe1, 0xe1, 0xe1, 0xe1, 0xe1, 0xe1, 0xe1, 0xe1, 0xe1, 0xeb, 0xe1, 0xeb, 0xe1, 0xeb, 0xe1, 0xeb, 0xe1, 0xeb, 0xe1, 0xeb, 0xe1, 0xeb, 0xe1, 0xeb, 0xe1, 0xeb, 0xe1, 0xeb, 0xe1, 0xeb, 0xe1, 0xeb, 0xe1, 0xeb, 0xe1, 0xeb, 0xe1, 0xeb, 0xe1, 0xeb, 0xfe, 0xfe, 0xfe, 0xfe, 0xe1, 0xe6, 0xe6, 0xe6, 0xe6, 0x01, 0xf1, 0x01, 0xd1, 0x06, 0xcd, 0xd8, 0x7c, 0x26, 0x21, 0x28, 0x1f, 0x28, 0x28, 0x28, 0x2e, 0x28, 0x26, 0x28, 0x26, 0x28, 0x26, 0x26, 0x28, 0x1c, 0x21, 0x2e, 0x2c, 0x26, 0x2e, 0x16, 0x2e, 0x19, 0x19, 0x2c, 0x37, 0x25, 0x19, 0x1f, 0x1f, 0x1f, 0x25, 0x2c, 0x2c, 0x2c, 0x1f, 0x1f, 0x1f, 0x19, 0x34, 0x19, 0x3a, 0x1f, 0x2c, 0x1f, 0x1f, 0x39, 0x39, 0x32, 0x32, 0x32, 0x3d, 0x41, 0x3d, 0x51, 0x78, 0x91, 0x90, 0x8d, 0x90, 0x89, 0x7d, 0x6e, 0x59, 0x3a, 0x34, 0x34, 0x3a, 0x46, 0x4a, 0x2a, 0x25, 0x3a, 0x34, 0x39, 0x22, 0x2f, 0x37, 0x32, 0x2c, 0x32, 0x39, 0x37, 0x2f, 0x2f, 0x3d, 0x29, 0x30, 0x33, 0x3d, 0x45, 0x47, 0x50, 0x56, 0x65, 0x65, 0x6b, 0x73, 0x7b, 0x7b, 0x81, 0x86, 0x97, 0x95, 0x9d, 0xa2, 0xa9, 0xaf, 0xb2, 0xb8, 0xb3, 0xba, 0xbf, 0xc3, 0xbc, 0xc0, 0xc3, 0xc7, 0xc3, 0xd0, 0xb8, 0x95, 0xa5, 0xb8, 0xb8, 0xae, 0x9b, 0x7e, 0x8a, 0xbf, 0xdd, 0xcc, 0xc5, 0xe0, 0xde, 0xde, 0xfd, 0xec, 0xeb, 0x05, 0xff, 0x04, 0x04, 0x03, 0x04, 0x04, 0x04, 0xea, 0x04, 0xea, 0xea, 0xe3, 0x04, 0x04, 0x04, 0x04, 0xfc, 0x04, 0x04, 0x04, 0x04, 0x04, 0x04, 0x04, 0x04, 0x04, 0x04, 0x04, 0x03, 0x04, 0x03, 0x04, 0x03, 0x04, 0x04, 0x04, 0x04, 0x04, 0x04, 0x04, 0xed, 0x04, 0xed, 0x04, 0xed, 0x04, 0xed, 0x04, 0xed, 0x04, 0xed, 0xed, 0xed, 0xed, 0xed, 0xed, 0xed, 0xed, 0xed, 0xed, 0xed, 0xed, 0xed, 0xed, 0xed, 0xed, 
  0xf4, 0x01, 0xf4, 0x01, 0xf4, 0x01, 0xf4, 0x01, 0xf4, 0x01, 0xf4, 0x01, 0x01, 0x01, 0x01, 0x01, 0x01, 0x01, 0x01, 0x01, 0x01, 0x01, 0x01, 0x01, 0x01, 0x01, 0x01, 0x01, 0x01, 0x01, 0x01, 0x01, 0x01, 0x01, 0x01, 0x01, 0x01, 0x01, 0x01, 0x01, 0xe1, 0xe1, 0xe1, 0xe1, 0xe1, 0xe1, 0xe1, 0xe1, 0xe1, 0xe1, 0xe1, 0xe1, 0xe1, 0xe1, 0xe1, 0xe1, 0xe1, 0xe1, 0xe1, 0xe1, 0xe1, 0xe1, 0xe1, 0xe1, 0xe1, 0xeb, 0xe1, 0xeb, 0xe1, 0xeb, 0xe1, 0xeb, 0xe1, 0xeb, 0xe1, 0xeb, 0xe1, 0xeb, 0xe1, 0xeb, 0xe1, 0xeb, 0xe1, 0xeb, 0xe1, 0xeb, 0xe1, 0xeb, 0xe1, 0xeb, 0xe1, 0xeb, 0xe1, 0xeb, 0xeb, 0xe1, 0xfe, 0xe1, 0xd1, 0xe1, 0xe6, 0xe6, 0xe6, 0xe6, 0xf0, 0x02, 0x01, 0xd1, 0xcb, 0xcd, 0xda, 0x69, 0x23, 0x28, 0x1f, 0x28, 0x26, 0x28, 0x28, 0x2e, 0x26, 0x28, 0x26, 0x28, 0x26, 0x1f, 0x26, 0x1f, 0x28, 0x1c, 0x28, 0x2e, 0x1f, 0x37, 0x19, 0x32, 0x28, 0x22, 0x19, 0x13, 0x1f, 0x25, 0x34, 0x34, 0x22, 0x25, 0x32, 0x2c, 0x28, 0x25, 0x25, 0x25, 0x2c, 0x25, 0x19, 0x34, 0x22, 0x25, 0x3d, 0x34, 0x19, 0x19, 0x25, 0x25, 0x25, 0x25, 0x34, 0x3a, 0x2f, 0x44, 0x72, 0x91, 0x91, 0x88, 0x83, 0x8c, 0x91, 0x71, 0x4c, 0x2a, 0x2a, 0x2a, 0x2a, 0x4a, 0x4a, 0x4a, 0x4a, 0x25, 0x59, 0x60, 0x7e, 0x7e, 0x72, 0x7a, 0x7e, 0x85, 0x8d, 0x90, 0x9d, 0xa6, 0xaf, 0xb3, 0xb8, 0xba, 0xba, 0xbc, 0xc0, 0xc7, 0xc8, 0xc8, 0xc3, 0xc8, 0xc0, 0xc3, 0xc3, 0xc8, 0xcf, 0xcf, 0xcf, 0xc8, 0xcf, 0xc8, 0xcf, 0xcf, 0xcf, 0xd6, 0xdc, 0xd6, 0xd6, 0xc8, 0xcf, 0xc8, 0xd6, 0xbc, 0xc3, 0xbc, 0xbf, 0xbc, 0xae, 0x85, 0x58, 0x58, 0x58, 0x69, 0x93, 0xc6, 0xdd, 0x0b, 0xd9, 0x03, 0xec, 0x03, 0xfd, 0xed, 0xe2, 0xf5, 0x04, 0x04, 0x04, 0x04, 0x03, 0x04, 0xea, 0x04, 0xea, 0x04, 0xea, 0x04, 0x04, 0x04, 0x04, 0x04, 0x04, 0x04, 0x04, 0x04, 0x04, 0x04, 0x04, 0x04, 0x03, 0x04, 0x04, 0x04, 0x04, 0x04, 0x04, 0x04, 0x04, 0x04, 0x04, 0x04, 0x04, 0xed, 0x04, 0x04, 0x04, 0x04, 0x04, 0x04, 0x04, 0x04, 0x04, 0x04, 0xed, 0xed, 0xed, 0xed, 0xed, 0xed, 0xed, 0xed, 0xed, 0xed, 0xed, 0xed, 0xed, 0xed, 0xed, 0xed, 
  0xf4, 0xf4, 0xf4, 0xf4, 0xf4, 0xf4, 0xf4, 0xf4, 0xf4, 0x01, 0x01, 0xf4, 0x01, 0x01, 0x01, 0x01, 0x01, 0x01, 0x01, 0x01, 0x01, 0x01, 0x01, 0x01, 0x01, 0xe1, 0x01, 0xe1, 0x01, 0xe1, 0x01, 0xe1, 0x01, 0xe1, 0x01, 0xe1, 0x01, 0xe1, 0x01, 0xe1, 0x01, 0x01, 0x01, 0x01, 0x01, 0x01, 0x01, 0x01, 0xe1, 0xe1, 0xe1, 0xe1, 0xe1, 0xe1, 0xe1, 0xe1, 0xe1, 0xe1, 0xe1, 0xe1, 0xe1, 0xe1, 0xe1, 0xe1, 0xeb, 0xe1, 0xeb, 0xe1, 0xeb, 0xe1, 0xeb, 0xe1, 0xeb, 0xe1, 0xeb, 0xe1, 0xeb, 0xe1, 0xeb, 0xe1, 0xeb, 0xe1, 0xeb, 0xe1, 0xeb, 0xe1, 0xeb, 0xe1, 0xeb, 0xe1, 0xeb, 0xe1, 0xeb, 0xe1, 0xeb, 0xe1, 0xfe, 0xfe, 0xfe, 0xe1, 0xe6, 0xe6, 0xe6, 0xe1, 0xeb, 0xeb, 0xfe, 0x06, 0xd2, 0xca, 0xda, 0x52, 0x23, 0x28, 0x1f, 0x28, 0x1f, 0x28, 0x26, 0x28, 0x26, 0x26, 0x22, 0x26, 0x1f, 0x28, 0x1f, 0x28, 0x28, 0x21, 0x1c, 0x28, 0x2e, 0x19, 0x1d, 0x19, 0x1d, 0x32, 0x25, 0x1f, 0x25, 0x25, 0x19, 0x10, 0x25, 0x25, 0x25, 0x25, 0x25, 0x2a, 0x2a, 0x2a, 0x3a, 0x2a, 0x25, 0x2a, 0x25, 0x25, 0x34, 0x25, 0x2a, 0x4a, 0x3a, 0x5a, 0x4a, 0x4a, 0x4a, 0x4a, 0x4a, 0x2a, 0x4a, 0x71, 0x79, 0x6a, 0x68, 0x71, 0x68, 0x68, 0x5a, 0x5a, 0x68, 0x63, 0x68, 0x63, 0x5a, 0x6c, 0x84, 0x80, 0x96, 0xaa, 0xb4, 0xa5, 0x72, 0x85, 0x9b, 0xb2, 0xbc, 0xbf, 0xbc, 0xc0, 0xba, 0xbc, 0xbb, 0xbc, 0xbb, 0xc0, 0xc1, 0xc8, 0x07, 0x07, 0xc8, 0xc4, 0xc4, 0xc4, 0x07, 0x07, 0xd6, 0xd7, 0x07, 0xc8, 0xc1, 0xc1, 0xc1, 0xc1, 0x07, 0xc8, 0x07, 0xcf, 0x07, 0xcf, 0xc8, 0xc0, 0xc0, 0xc7, 0xc3, 0xb8, 0xb9, 0x8d, 0x5d, 0x47, 0x3c, 0x37, 0x3b, 0x2b, 0x50, 0x73, 0xad, 0xd0, 0xdb, 0x09, 0xdb, 0x05, 0xed, 0xf6, 0xe7, 0xdf, 0xe8, 0x04, 0x03, 0x04, 0xea, 0x03, 0x04, 0xea, 0x04, 0x04, 0x04, 0x04, 0x04, 0x04, 0x04, 0x04, 0x04, 0x04, 0x04, 0x04, 0x04, 0x04, 0x04, 0x04, 0x04, 0x04, 0x03, 0x04, 0x03, 0x04, 0x03, 0x04, 0x04, 0x04, 0x04, 0x04, 0x04, 0x04, 0xed, 0x04, 0xed, 0x04, 0xed, 0x04, 0xed, 0x04, 0xed, 0x04, 0xed, 0xed, 0xed, 0xed, 0xed, 0xed, 0xed, 0xed, 0xed, 0xed, 0xed, 0xed, 0xed, 0xed, 0xed, 0xed, 
  0xf4, 0xf4, 0xf4, 0xf4, 0xf4, 0xf4, 0xf4, 0xf4, 0xf4, 0xf4, 0xf8, 0x01, 0x01, 0xf4, 0x01, 0x01, 0x01, 0x01, 0x01, 0x01, 0x01, 0x01, 0x01, 0x01, 0x01, 0x01, 0x01, 0x01, 0x01, 0x01, 0x01, 0x01, 0x01, 0x01, 0x01, 0x01, 0x01, 0x01, 0x01, 0x01, 0xe1, 0x01, 0xe1, 0x01, 0xe1, 0x01, 0xe1, 0x01, 0xe1, 0xe1, 0xe1, 0xe1, 0xe1, 0xe1, 0xe1, 0xe1, 0xe1, 0xe1, 0xe1, 0xe1, 0xe1, 0xe1, 0xe1, 0xe1, 0xe1, 0xeb, 0xe1, 0xeb, 0xe1, 0xeb, 0xe1, 0xeb, 0xe1, 0xeb, 0xe1, 0xeb, 0xe1, 0xeb, 0xe1, 0xeb, 0xe1, 0xeb, 0xe1, 0xeb, 0xe1, 0xeb, 0xe1, 0xeb, 0xe1, 0xeb, 0xe1, 0xeb, 0xe1, 0xeb, 0xeb, 0xfe, 0xfe, 0xfe, 0xd1, 0xe1, 0xe6, 0xe6, 0xeb, 0xe6, 0xf0, 0x01, 0xeb, 0x06, 0xd2, 0xce, 0xd4, 0x30, 0x26, 0x1f, 0x26, 0x1f, 0x26, 0x22, 0x28, 0x26, 0x28, 0x22, 0x28, 0x1f, 0x28, 0x1f, 0x28, 0x21, 0x16, 0x28, 0x2e, 0x26, 0x32, 0x0d, 0x54, 0x2f, 0x22, 0x41, 0x41, 0x3a, 0x4c, 0x53, 0x4c, 0x5a, 0x4a, 0x5a, 0x5a, 0x4f, 0x4f, 0x4f, 0x4f, 0x4f, 0x4f, 0x4f, 0x4f, 0x71, 0x79, 0x79, 0x80, 0x80, 0x77, 0x6c, 0x63, 0x6c, 0x77, 0x77, 0x6c, 0x63, 0x63, 0x63, 0x63, 0x5b, 0x63, 0x5b, 0x5b, 0x4f, 0x68, 0x77, 0x84, 0x77, 0x63, 0x63, 0x63, 0x63, 0x6c, 0x77, 0x80, 0x79, 0x91, 0x96, 0xaa, 0xa5, 0xa1, 0xa9, 0xb2, 0xbc, 0xc7, 0xd0, 0xcf, 0xcf, 0xc0, 0xc1, 0xc0, 0xc1, 0xc1, 0xc4, 0xce, 0xcf, 0xcb, 0xcb, 0x06, 0x06, 0x06, 0xd7, 0xfb, 0xdc, 0xfb, 0x07, 0x07, 0xc1, 0xc1, 0xbb, 0xbb, 0xbb, 0xc4, 0xbb, 0xc1, 0xc4, 0xc8, 0xc1, 0xba, 0xb7, 0xd6, 0xc3, 0xbc, 0x90, 0x65, 0x51, 0x5e, 0x37, 0x51, 0x3e, 0x3e, 0x55, 0x4d, 0x2f, 0x4b, 0x75, 0xaf, 0xd0, 0xd7, 0xd4, 0xe3, 0xe4, 0xea, 0xe8, 0x03, 0x03, 0xe9, 0x03, 0x03, 0x04, 0x03, 0x04, 0x04, 0x04, 0x04, 0x04, 0x04, 0xe9, 0x04, 0xe3, 0x04, 0x04, 0x04, 0x04, 0x04, 0x04, 0x04, 0x04, 0x03, 0x04, 0x04, 0x04, 0x04, 0x04, 0x04, 0x04, 0x04, 0x04, 0x04, 0x04, 0x04, 0xed, 0x04, 0x04, 0x04, 0x04, 0x04, 0x04, 0x04, 0x04, 0x04, 0x04, 0xed, 0xed, 0xed, 0xed, 0xed, 0xed, 0xed, 0xed, 0xed, 0xed, 0xed, 0xed, 0xed, 0xed, 0xed, 0xed, 
  0xf4, 0xf4, 0xf4, 0xf4, 0xf4, 0xf4, 0xf4, 0xf4, 0xf4, 0xf4, 0xf4, 0xf4, 0x01, 0x01, 0xf4, 0x01, 0x01, 0x01, 0x01, 0x01, 0x01, 0x01, 0x01, 0x01, 0x01, 0x01, 0x01, 0x01, 0x01, 0x01, 0x01, 0x01, 0x01, 0xe1, 0x01, 0xe1, 0x01, 0xe1, 0x01, 0xe1, 0x01, 0x01, 0x01, 0x01, 0x01, 0x01, 0x01, 0xe1, 0x01, 0x01, 0x01, 0x01, 0x01, 0x01, 0x01, 0x01, 0xe1, 0xe1, 0xe1, 0xe1, 0xe1, 0xe1, 0xe1, 0xe1, 0xe1, 0xe1, 0xe1, 0xe1, 0xe1, 0xe1, 0xe1, 0xe1, 0xe1, 0xe1, 0xe1, 0xe1, 0xe1, 0xe1, 0xe1, 0xe1, 0xe1, 0xe1, 0xe1, 0xe1, 0xe1, 0xe1, 0xe1, 0xe1, 0xe1, 0xe1, 0xe1, 0xe1, 0xe1, 0xe1, 0xe1, 0xe1, 0x06, 0xfe, 0xe1, 0xe1, 0xe1, 0xe6, 0x01, 0xe6, 0xf0, 0xf4, 0xfe, 0xe1, 0xce, 0xd3, 0xc0, 0x24, 0x29, 0x1f, 0x1f, 0x22, 0x1f, 0x26, 0x22, 0x26, 0x22, 0x26, 0x1f, 0x26, 0x1f, 0x28, 0x21, 0x28, 0x19, 0x32, 0x2e, 0x16, 0x26, 0x37, 0x91, 0x91, 0x7e, 0x7a, 0x6a, 0x7a, 0x96, 0x9a, 0x80, 0x79, 0x71, 0x77, 0x77, 0x77, 0x6c, 0x70, 0x63, 0x5b, 0x63, 0x63, 0x63, 0x6c, 0x84, 0x84, 0x84, 0x84, 0x84, 0x77, 0x6c, 0x70, 0x77, 0x70, 0x70, 0x70, 0x63, 0x70, 0x70, 0x70, 0x66, 0x66, 0x66, 0x66, 0x66, 0x77, 0x77, 0x66, 0x4f, 0x66, 0x66, 0x70, 0x66, 0x68, 0x84, 0x9a, 0x9a, 0x80, 0x8d, 0x96, 0xbc, 0xb8, 0xb7, 0xb3, 0xba, 0xc8, 0x07, 0xcf, 0xc1, 0xc1, 0xbb, 0xbb, 0xc1, 0xc4, 0xcb, 0x07, 0xcb, 0x06, 0x06, 0xcb, 0x06, 0x07, 0xfa, 0xd7, 0xfb, 0xd7, 0x06, 0xc1, 0xbe, 0xbb, 0xb5, 0xb5, 0xbb, 0xb5, 0xb1, 0xb0, 0xb0, 0xb5, 0xb7, 0xc3, 0xb7, 0xa1, 0x74, 0x35, 0x54, 0x41, 0x41, 0x53, 0x34, 0x49, 0x51, 0x49, 0x48, 0x51, 0x54, 0x37, 0x38, 0x83, 0xb6, 0xd4, 0xda, 0xe9, 0xd5, 0xea, 0xe9, 0x04, 0x03, 0x04, 0x03, 0x04, 0x04, 0x04, 0x03, 0x04, 0x04, 0x04, 0x04, 0x03, 0xe9, 0xe3, 0x03, 0x04, 0x03, 0x04, 0x03, 0x04, 0x03, 0x04, 0x04, 0x04, 0x03, 0x04, 0x03, 0x04, 0x03, 0x04, 0x04, 0x04, 0x04, 0x04, 0x04, 0x04, 0xed, 0x04, 0xed, 0x04, 0xed, 0x04, 0xed, 0x04, 0xed, 0x04, 0xed, 0xed, 0xed, 0xed, 0xed, 0xed, 0xed, 0xed, 0xed, 0xed, 0xed, 0xed, 0xed, 0xed, 0xed, 0xed, 
  0xf8, 0xf8, 0xf8, 0xf8, 0xf8, 0xf8, 0xf8, 0xf8, 0xf4, 0xf4, 0xf4, 0xf4, 0xf4, 0xf4, 0x01, 0x01, 0xf4, 0x01, 0xf4, 0x01, 0xf4, 0x01, 0xf4, 0x01, 0x01, 0x01, 0x01, 0x01, 0x01, 0x01, 0x01, 0x01, 0xe1, 0x01, 0x01, 0x01, 0x01, 0x01, 0x01, 0x01, 0x01, 0x01, 0x01, 0x01, 0x01, 0x01, 0x01, 0x01, 0xe1, 0x01, 0xe1, 0x01, 0xe1, 0x01, 0xe1, 0x01, 0xe1, 0xe1, 0xe1, 0xe1, 0xe1, 0xe1, 0xe1, 0xe1, 0xe1, 0xe1, 0xe1, 0xe1, 0xe1, 0xe1, 0xe1, 0xe1, 0xe1, 0xe1, 0xe1, 0xe1, 0xe1, 0xe1, 0xe1, 0xe1, 0xe1, 0xe1, 0xe1, 0xe1, 0xe1, 0xe1, 0xe1, 0xe1, 0xe1, 0xe1, 0xe1, 0xe1, 0xe1, 0xe1, 0xe1, 0xe1, 0xfe, 0x06, 0xe1, 0xe1, 0xe6, 0xe1, 0xe6, 0x01, 0xf6, 0xf4, 0xd1, 0x06, 0xcb, 0xd7, 0xb1, 0x1e, 0x23, 0x1f, 0x22, 0x22, 0x22, 0x22, 0x26, 0x22, 0x22, 0x1f, 0x22, 0x21, 0x1f, 0x21, 0x25, 0x21, 0x2e, 0x26, 0x26, 0x13, 0x2f, 0x88, 0xb9, 0xc7, 0xae, 0xaa, 0x9b, 0xaa, 0xc7, 0xae, 0x80, 0x68, 0x77, 0x79, 0x77, 0x77, 0x70, 0x70, 0x66, 0x5b, 0x4f, 0x63, 0x5b, 0x6c, 0x9a, 0x9a, 0x9a, 0xaa, 0x8c, 0x84, 0x79, 0x80, 0x6c, 0x71, 0x6c, 0x77, 0x77, 0x70, 0x70, 0x77, 0x70, 0x5b, 0x5b, 0x66, 0x66, 0x66, 0x66, 0x66, 0x66, 0x66, 0x66, 0x66, 0x66, 0x70, 0x70, 0x84, 0x80, 0x80, 0x8c, 0xa5, 0xa8, 0xb3, 0xbd, 0xc8, 0x07, 0x07, 0x07, 0xc9, 0xc4, 0xc1, 0xc1, 0xc1, 0xc4, 0xc4, 0xc5, 0xc4, 0xbe, 0xc1, 0xc9, 0xc4, 0xc9, 0xd2, 0xd5, 0xd5, 0xd2, 0xd2, 0xcd, 0xd2, 0xcd, 0xcb, 0xd1, 0xcd, 0xe0, 0xcd, 0xe0, 0xc4, 0xcd, 0xdc, 0xda, 0xc8, 0x95, 0x5c, 0x35, 0x42, 0x53, 0x3a, 0x3a, 0x2c, 0x4c, 0x46, 0x3a, 0x46, 0x46, 0x46, 0x4c, 0x59, 0x54, 0x3d, 0x56, 0x86, 0xb6, 0xda, 0xea, 0xe9, 0x03, 0x03, 0x03, 0x03, 0x03, 0x03, 0x04, 0x03, 0xfc, 0xfb, 0xfc, 0x04, 0x03, 0xe3, 0xe3, 0xe9, 0xe3, 0x04, 0x04, 0x04, 0x04, 0x04, 0x04, 0x04, 0x03, 0x04, 0x04, 0x04, 0x04, 0x04, 0x04, 0x04, 0x04, 0x04, 0x04, 0x04, 0x04, 0xed, 0x04, 0x04, 0x04, 0x04, 0x04, 0x04, 0x04, 0x04, 0x04, 0x04, 0xed, 0xed, 0xed, 0xed, 0xed, 0xed, 0xed, 0xed, 0xed, 0xed, 0xed, 0xed, 0xed, 0xed, 0xed, 0xed, 
  0xf8, 0xe5, 0xf8, 0xe5, 0xf8, 0xe5, 0xf8, 0xe5, 0xf8, 0xf4, 0xf4, 0xf4, 0xf4, 0x01, 0xf4, 0x01, 0x01, 0xf4, 0x01, 0xf4, 0x01, 0xf4, 0x01, 0xf4, 0x01, 0x01, 0x01, 0x01, 0x01, 0x01, 0x01, 0x01, 0x01, 0xe1, 0x01, 0xe1, 0x01, 0xe1, 0x01, 0xe1, 0x01, 0x01, 0x01, 0x01, 0x01, 0x01, 0x01, 0x01, 0x01, 0x01, 0x01, 0x01, 0x01, 0x01, 0x01, 0xe1, 0xe1, 0xe1, 0xe1, 0xe1, 0xe1, 0xe1, 0xe1, 0xe1, 0xe1, 0xe1, 0xe1, 0xe1, 0xe1, 0xe1, 0xe1, 0xe1, 0xe1, 0xe1, 0xe1, 0xe1, 0xe1, 0xe1, 0xe1, 0xe1, 0xe1, 0xe1, 0xe1, 0xe1, 0xe1, 0xe1, 0xe1, 0xe1, 0xe1, 0xe1, 0xe1, 0xe1, 0xe1, 0xe1, 0xe1, 0xe1, 0x06, 0xfe, 0xe1, 0xe1, 0xe1, 0xe6, 0x01, 0xe6, 0xf5, 0xf4, 0xf6, 0x06, 0xca, 0xd8, 0xa0, 0x17, 0x26, 0x22, 0x21, 0x22, 0x22, 0x22, 0x22, 0x22, 0x1f, 0x22, 0x1f, 0x22, 0x21, 0x28, 0x21, 0x28, 0x2e, 0x10, 0x28, 0x37, 0x51, 0xb4, 0xb9, 0xbf, 0xb4, 0xaa, 0x96, 0x96, 0xa5, 0x9a, 0x8c, 0x9a, 0x80, 0x84, 0x84, 0x77, 0x77, 0x77, 0x77, 0x6c, 0x6c, 0x77, 0x79, 0x79, 0x9a, 0x80, 0x71, 0x71, 0xaa, 0x97, 0x91, 0x8c, 0x91, 0x84, 0x88, 0x84, 0x80, 0x79, 0x71, 0x77, 0x84, 0x84, 0x77, 0x68, 0x68, 0x63, 0x63, 0x63, 0x63, 0x5b, 0x5b, 0x6c, 0x6c, 0x79, 0x79, 0x80, 0x8c, 0x9b, 0xa5, 0xa6, 0xba, 0xc1, 0xc9, 0xc1, 0xc4, 0x07, 0xfa, 0xd7, 0xfa, 0xfa, 0xfa, 0xd9, 0xfd, 0xdd, 0x09, 0xd9, 0x09, 0xde, 0xde, 0xdb, 0xe3, 0xdb, 0xe3, 0xe3, 0xdb, 0xdb, 0xe3, 0xe3, 0xd5, 0x08, 0xd5, 0xd5, 0xd5, 0xda, 0xda, 0xcf, 0xd8, 0xd4, 0xa2, 0x69, 0x3c, 0x3c, 0x41, 0x34, 0x49, 0x34, 0x46, 0x4c, 0x46, 0x3a, 0x46, 0x46, 0x46, 0x46, 0x46, 0x46, 0x44, 0x48, 0x51, 0x3b, 0x4b, 0x8b, 0xc6, 0xd5, 0xe9, 0xd9, 0xe9, 0xd9, 0xe3, 0x03, 0x03, 0x04, 0x04, 0x04, 0x04, 0x04, 0x04, 0x04, 0xe3, 0xe3, 0x04, 0x03, 0x04, 0x03, 0x04, 0x03, 0x04, 0x03, 0x04, 0x04, 0x03, 0x04, 0x03, 0x04, 0x03, 0x04, 0x04, 0x04, 0x04, 0x04, 0x04, 0x04, 0xed, 0x04, 0xed, 0x04, 0xed, 0x04, 0xed, 0x04, 0xed, 0x04, 0xed, 0xed, 0xed, 0xed, 0xed, 0xed, 0xed, 0xed, 0xed, 0xed, 0xed, 0xed, 0xed, 0xed, 0xed, 0xed, 
  0xf8, 0xf8, 0xf8, 0xf8, 0xf8, 0xf8, 0xf8, 0xf8, 0xe5, 0xf8, 0xf8, 0xf8, 0xf8, 0xf8, 0xf8, 0xf8, 0xf4, 0x01, 0xf4, 0x01, 0xf4, 0x01, 0xf4, 0x01, 0x01, 0x01, 0x01, 0x01, 0x01, 0x01, 0x01, 0x01, 0x01, 0x01, 0x01, 0x01, 0x01, 0x01, 0x01, 0x01, 0x01, 0x01, 0x01, 0x01, 0x01, 0x01, 0x01, 0x01, 0xe1, 0x01, 0xe1, 0x01, 0xe1, 0x01, 0xe1, 0x01, 0x01, 0x01, 0x01, 0x01, 0x01, 0x01, 0x01, 0x01, 0xe1, 0xe1, 0xe1, 0xe1, 0xe1, 0xe1, 0xe1, 0xe1, 0xe1, 0xe1, 0xe1, 0xe1, 0xe1, 0xe1, 0xe1, 0xe1, 0xe1, 0xe1, 0xe1, 0xe1, 0xe1, 0xe1, 0xe1, 0xe1, 0xe1, 0xe1, 0xe1, 0xe1, 0xe1, 0xe1, 0xe1, 0xe1, 0xf9, 0xe1, 0x01, 0xe6, 0xe0, 0xe6, 0xe6, 0xe6, 0xf6, 0xfe, 0x00, 0xd2, 0xca, 0xcc, 0x94, 0x11, 0x23, 0x26, 0x22, 0x22, 0x1f, 0x1f, 0x1f, 0x1f, 0x22, 0x1f, 0x1f, 0x26, 0x28, 0x28, 0x26, 0x19, 0x1c, 0x37, 0x12, 0x37, 0x7e, 0xd0, 0xbf, 0xb9, 0xb9, 0xbf, 0xb2, 0x91, 0x7a, 0x80, 0x79, 0x71, 0x79, 0x68, 0x71, 0x8c, 0xa5, 0xaa, 0xa5, 0xa5, 0xa5, 0xb4, 0xaa, 0x88, 0x7a, 0x8c, 0x96, 0x91, 0xb8, 0xb2, 0xb2, 0xb3, 0xa9, 0x9d, 0x91, 0x8e, 0x91, 0x8d, 0x97, 0xa5, 0xae, 0xa5, 0xa9, 0xb4, 0xa9, 0xa9, 0xaf, 0xb2, 0xb8, 0xbc, 0xc3, 0xc3, 0xd4, 0xd4, 0xda, 0xda, 0xdb, 0xdc, 0xdb, 0xdb, 0x03, 0x04, 0xfb, 0xfb, 0xfb, 0xfb, 0xfa, 0xfa, 0xd7, 0xfa, 0x08, 0xfa, 0xe2, 0xd5, 0xe2, 0xe2, 0xfa, 0xfa, 0xfa, 0x02, 0xe2, 0xe2, 0xe2, 0xe7, 0xe7, 0xe2, 0xe2, 0xec, 0xe2, 0xf1, 0xfa, 0xfb, 0x08, 0xd7, 0xda, 0xd8, 0xaf, 0x73, 0x39, 0x39, 0x40, 0x40, 0x40, 0x44, 0x44, 0x44, 0x41, 0x44, 0x41, 0x39, 0x41, 0x49, 0x46, 0x46, 0x53, 0x46, 0x53, 0x44, 0x48, 0x4e, 0x47, 0x49, 0x69, 0x8a, 0xd4, 0xd5, 0xd3, 0xe3, 0xe3, 0x05, 0xf1, 0xed, 0xf1, 0xed, 0xed, 0xec, 0xfa, 0x09, 0x09, 0xd7, 0x04, 0x04, 0x04, 0x04, 0x04, 0x04, 0x04, 0x04, 0x03, 0x04, 0x04, 0x04, 0x04, 0x04, 0x04, 0x04, 0x04, 0x04, 0x04, 0x04, 0x04, 0x04, 0x04, 0x04, 0x04, 0x04, 0x04, 0x04, 0x04, 0x04, 0xed, 0xed, 0x04, 0x04, 0x04, 0xed, 0xed, 0xed, 0xed, 0xed, 0xed, 0xed, 0xed, 0xed, 0xed, 0xed, 0xed, 0xed, 
  0xf8, 0x00, 0xf8, 0xe5, 0xf8, 0xe5, 0xf8, 0xe5, 0xf8, 0xe5, 0xf8, 0xe5, 0xf8, 0xe5, 0xf8, 0xe5, 0x01, 0xf4, 0x01, 0xf4, 0x01, 0xf4, 0x01, 0xf4, 0x01, 0xf4, 0x01, 0xf4, 0x01, 0xf4, 0x01, 0xf4, 0x01, 0x01, 0x01, 0x01, 0x01, 0x01, 0x01, 0x01, 0x01, 0xe1, 0x01, 0xe1, 0x01, 0xe1, 0x01, 0xe1, 0x01, 0x01, 0x01, 0x01, 0x01, 0x01, 0x01, 0xe1, 0x01, 0xe1, 0x01, 0xe1, 0x01, 0xe1, 0x01, 0xe1, 0xe1, 0xe1, 0xe1, 0xe1, 0xe1, 0xe1, 0xe1, 0xe1, 0xe1, 0xe1, 0xe1, 0xe1, 0xe1, 0xe1, 0xe1, 0xe1, 0xe1, 0xe1, 0xe1, 0xe1, 0xe1, 0xe1, 0xe1, 0xe1, 0xe1, 0xe1, 0xe1, 0xe1, 0xe1, 0xe1, 0xe1, 0xe1, 0xe1, 0xf9, 0xe1, 0xe6, 0xe6, 0xe6, 0x01, 0xe6, 0x01, 0xf4, 0xfe, 0x07, 0xce, 0xd0, 0x5c, 0x29, 0x1d, 0x22, 0x1f, 0x22, 0x21, 0x22, 0x21, 0x22, 0x1f, 0x22, 0x19, 0x22, 0x26, 0x26, 0x22, 0x22, 0x1f, 0x10, 0x34, 0x61, 0xb2, 0xbc, 0xc7, 0xbc, 0xc0, 0xd0, 0xc3, 0xa9, 0x8d, 0x88, 0x8c, 0x8c, 0x91, 0x8c, 0x99, 0xaa, 0xbd, 0xbc, 0xc0, 0xc3, 0xcc, 0xd8, 0xd8, 0xc3, 0xb8, 0xc0, 0xc6, 0xc7, 0xdb, 0xdc, 0xda, 0x0a, 0xdd, 0xda, 0xd4, 0xda, 0xd8, 0xd4, 0xd4, 0xdc, 0xdb, 0xd8, 0xd7, 0xda, 0xcd, 0xcd, 0xcd, 0xcd, 0xe7, 0xd3, 0xe7, 0xd3, 0xe6, 0xd2, 0xd1, 0xe2, 0xe2, 0xe2, 0xfa, 0x02, 0xf1, 0xf1, 0xf1, 0xfa, 0x02, 0xfa, 0x02, 0xfa, 0xfa, 0xfa, 0xd2, 0xfa, 0xd2, 0x02, 0x02, 0x02, 0xfa, 0x02, 0xfa, 0xe2, 0x02, 0x02, 0xe7, 0xe2, 0xe7, 0xec, 0xe7, 0xf5, 0xeb, 0xfa, 0xf1, 0xf9, 0x07, 0xda, 0xc0, 0x86, 0x43, 0x39, 0x40, 0x40, 0x40, 0x3a, 0x46, 0x3a, 0x46, 0x41, 0x48, 0x42, 0x37, 0x3e, 0x49, 0x49, 0x41, 0x34, 0x3a, 0x44, 0x46, 0x46, 0x4c, 0x53, 0x4c, 0x39, 0x4c, 0x60, 0x4b, 0xa7, 0xda, 0xdb, 0xd5, 0xf2, 0xe9, 0xf5, 0xf2, 0xf1, 0xe9, 0xfd, 0xde, 0xd2, 0xfa, 0x09, 0x04, 0x03, 0x04, 0x03, 0x04, 0x03, 0x04, 0x03, 0x04, 0x04, 0x03, 0x04, 0x03, 0x04, 0x03, 0x04, 0x04, 0x04, 0x04, 0x04, 0x04, 0x04, 0x04, 0x04, 0x04, 0x04, 0x04, 0xed, 0x04, 0xed, 0xed, 0xed, 0x04, 0xed, 0x04, 0xed, 0xed, 0xed, 0xed, 0xed, 0xed, 0xed, 0xed, 0xed, 0xed, 0xed, 0xed, 0xed, 
  0x00, 0xf8, 0xf8, 0xf8, 0xf8, 0xf8, 0xf8, 0xf8, 0xf8, 0xf8, 0xf8, 0xf8, 0xf8, 0xf8, 0xf8, 0xf4, 0xf4, 0x01, 0xf4, 0x01, 0xf4, 0x01, 0xf4, 0x01, 0xf4, 0x01, 0xf4, 0x01, 0xf4, 0x01, 0xf4, 0x01, 0x01, 0x01, 0x01, 0x01, 0x01, 0x01, 0x01, 0x01, 0xe1, 0x01, 0x01, 0x01, 0x01, 0x01, 0x01, 0x01, 0xe1, 0x01, 0xe1, 0x01, 0xe1, 0x01, 0xe1, 0x01, 0x01, 0x01, 0x01, 0x01, 0x01, 0x01, 0x01, 0x01, 0xe1, 0xe1, 0xe1, 0xe1, 0xe1, 0xe1, 0xe1, 0xe1, 0xe1, 0xe1, 0xe1, 0xe1, 0xe1, 0xe1, 0xe1, 0xe1, 0xe1, 0xe1, 0xe1, 0xe1, 0xe1, 0xe1, 0xe1, 0xe1, 0xe1, 0xe1, 0xe1, 0xe1, 0xe1, 0xe1, 0xe1, 0xe1, 0xf0, 0xe1, 0xe1, 0xe6, 0xe0, 0xe6, 0xe6, 0xe1, 0xf4, 0x06, 0xd2, 0xc4, 0xcf, 0xa7, 0x0e, 0x2b, 0x23, 0x1f, 0x22, 0x1f, 0x22, 0x1f, 0x22, 0x1f, 0x1f, 0x19, 0x1f, 0x22, 0x22, 0x26, 0x22, 0x19, 0x25, 0x1f, 0x2e, 0x8d, 0xae, 0xaf, 0xc6, 0xcf, 0xdc, 0xdc, 0xdc, 0xd6, 0xd6, 0xd6, 0xd8, 0xda, 0xda, 0xda, 0xda, 0xdb, 0xdc, 0xd9, 0xd7, 0xfa, 0x07, 0xfa, 0xd7, 0xd9, 0xd7, 0xd4, 0xd4, 0xd4, 0xce, 0xcb, 0xcb, 0xd3, 0xd3, 0xce, 0xd3, 0xd4, 0xd5, 0xd3, 0xd3, 0xcd, 0xce, 0xcb, 0xcb, 0xcd, 0xd2, 0xd3, 0xcd, 0xd2, 0xcd, 0xcd, 0xcd, 0xe1, 0xcd, 0xe1, 0xd1, 0xd1, 0x02, 0xd1, 0xf6, 0xeb, 0xf6, 0xf6, 0xf6, 0xf6, 0xeb, 0xfe, 0xfe, 0xfe, 0xd2, 0xd2, 0x02, 0xd1, 0x02, 0x02, 0xd1, 0x02, 0x02, 0xfa, 0xe2, 0x02, 0xf1, 0xf1, 0xf1, 0xf1, 0xf1, 0xe1, 0x02, 0xed, 0x05, 0x08, 0x08, 0xdb, 0xd4, 0x94, 0x5c, 0x45, 0x43, 0x2b, 0x28, 0x44, 0x40, 0x46, 0x3a, 0x44, 0x44, 0x44, 0x44, 0x40, 0x49, 0x49, 0x3a, 0x3a, 0x46, 0x4c, 0x46, 0x4c, 0x46, 0x46, 0x4c, 0x53, 0x53, 0x49, 0x48, 0x3e, 0x55, 0x50, 0x69, 0xad, 0xd3, 0xda, 0xe8, 0xe4, 0xe6, 0xea, 0x04, 0xec, 0xfb, 0xfd, 0x09, 0xfa, 0x04, 0x04, 0x04, 0x04, 0x04, 0x04, 0x04, 0x04, 0x03, 0x04, 0x04, 0x04, 0x04, 0x04, 0x04, 0x04, 0x04, 0x04, 0x04, 0x04, 0x04, 0x04, 0x04, 0x04, 0x04, 0x04, 0xed, 0x04, 0x04, 0x04, 0xed, 0xed, 0xed, 0x04, 0x04, 0xed, 0xed, 0xed, 0xed, 0xed, 0xed, 0xed, 0xed, 0xed, 0xed, 0xed, 0xed, 0xed, 
  0xf8, 0x00, 0xf8, 0xe5, 0xf8, 0xe5, 0xf8, 0xe5, 0xf8, 0xe5, 0xf8, 0xe5, 0xf8, 0xe5, 0xf8, 0xf8, 0xf4, 0xf4, 0xf4, 0xf4, 0xf4, 0xf4, 0xf4, 0xf4, 0x01, 0xf4, 0x01, 0xf4, 0x01, 0xf4, 0x01, 0xf4, 0x01, 0x01, 0x01, 0x01, 0x01, 0x01, 0x01, 0x01, 0x01, 0xe1, 0x01, 0xe1, 0x01, 0xe1, 0x01, 0xe1, 0x01, 0x01, 0x01, 0x01, 0x01, 0x01, 0x01, 0xe1, 0x01, 0xe1, 0x01, 0xe1, 0x01, 0xe1, 0x01, 0xe1, 0x01, 0x01, 0x01, 0x01, 0x01, 0x01, 0x01, 0x01, 0x01, 0x01, 0x01, 0x01, 0x01, 0x01, 0x01, 0x01, 0x01, 0x01, 0x01, 0x01, 0x01, 0x01, 0x01, 0x01, 0x01, 0x01, 0x01, 0x01, 0x01, 0x01, 0x01, 0x01, 0xe1, 0x06, 0xe1, 0x01, 0xe6, 0x01, 0x01, 0x01, 0xf4, 0xfe, 0x07, 0xc4, 0xba, 0x5c, 0x11, 0x23, 0x1c, 0x1f, 0x1f, 0x22, 0x21, 0x22, 0x1f, 0x22, 0x19, 0x19, 0x19, 0x19, 0x1f, 0x22, 0x1f, 0x1f, 0x25, 0x2a, 0x6a, 0x88, 0xa6, 0x9c, 0xca, 0x09, 0xfa, 0xfe, 0x01, 0xd2, 0xd5, 0xda, 0xd8, 0xd4, 0xd3, 0xd5, 0xd5, 0xd2, 0xf9, 0xf9, 0xf9, 0xf9, 0xf9, 0xf9, 0xf9, 0xf9, 0xf9, 0x06, 0x06, 0x06, 0xe2, 0x07, 0xd1, 0xd2, 0xd1, 0xcd, 0xcb, 0xd2, 0xcd, 0xd2, 0xcd, 0xcd, 0xcd, 0xd2, 0xd2, 0xd2, 0xcb, 0xcb, 0xcd, 0xcb, 0xcd, 0xd1, 0xcd, 0xe1, 0xd1, 0xd1, 0xd1, 0x02, 0xd1, 0x02, 0xfe, 0xf6, 0xe6, 0xe6, 0xe6, 0xeb, 0xd1, 0xf6, 0xd1, 0x02, 0xd1, 0xd1, 0xd1, 0xd1, 0xd1, 0xe7, 0xf6, 0xe7, 0x02, 0x02, 0x02, 0x02, 0xf1, 0x02, 0xf1, 0xf6, 0xec, 0x05, 0x08, 0xc5, 0xc5, 0xd8, 0xca, 0xaf, 0x69, 0x4b, 0x18, 0x29, 0x42, 0x47, 0x41, 0x48, 0x39, 0x41, 0x44, 0x40, 0x3a, 0x44, 0x40, 0x44, 0x3a, 0x40, 0x34, 0x34, 0x4c, 0x46, 0x3a, 0x46, 0x46, 0x46, 0x4c, 0x49, 0x51, 0x53, 0x51, 0x49, 0x51, 0x67, 0x47, 0x43, 0x73, 0xb7, 0xd4, 0xda, 0xde, 0xe9, 0xe2, 0xe2, 0x04, 0x04, 0xfc, 0xfc, 0x04, 0x04, 0x03, 0x04, 0x03, 0x04, 0x03, 0x04, 0x04, 0x04, 0x03, 0x04, 0x03, 0x04, 0x03, 0x04, 0x04, 0x04, 0x04, 0x04, 0x04, 0x04, 0x04, 0x04, 0x04, 0x04, 0x04, 0xed, 0x04, 0xed, 0xed, 0xed, 0x04, 0xed, 0x04, 0xed, 0xed, 0xed, 0xed, 0xed, 0xed, 0xed, 0xed, 0xed, 0xed, 0xed, 0xed, 0xed, 
  0x00, 0xf8, 0xf8, 0xf8, 0xf8, 0xf8, 0xf8, 0xf8, 0xf8, 0xf8, 0xf8, 0xf8, 0xf8, 0xf8, 0xe5, 0xf8, 0xf4, 0xf4, 0xf4, 0xf4, 0xf4, 0xf4, 0xf4, 0xf4, 0xf4, 0x01, 0xf4, 0x01, 0xf4, 0x01, 0xf4, 0x01, 0x01, 0x01, 0x01, 0x01, 0x01, 0x01, 0x01, 0x01, 0x01, 0x01, 0x01, 0x01, 0x01, 0x01, 0x01, 0x01, 0x01, 0x01, 0x01, 0x01, 0x01, 0x01, 0x01, 0x01, 0x01, 0x01, 0x01, 0x01, 0x01, 0x01, 0x01, 0x01, 0xe1, 0x01, 0xe1, 0x01, 0xe1, 0x01, 0xe1, 0x01, 0xe1, 0x01, 0xe1, 0x01, 0xe1, 0x01, 0xe1, 0x01, 0xe1, 0x01, 0xe1, 0x01, 0xe1, 0x01, 0xe1, 0x01, 0xe1, 0x01, 0xe1, 0x01, 0xe1, 0x01, 0xe1, 0x01, 0xe1, 0x01, 0xe1, 0x01, 0x01, 0x01, 0xe1, 0xf0, 0x06, 0xd1, 0x06, 0xd4, 0x8e, 0x0e, 0x3b, 0x1c, 0x1f, 0x21, 0x1f, 0x1f, 0x22, 0x22, 0x22, 0x22, 0x22, 0x19, 0x19, 0x19, 0x19, 0x19, 0x1f, 0x1f, 0x25, 0x4a, 0x80, 0x91, 0x9d, 0xb7, 0xcb, 0xfb, 0x02, 0xf1, 0xf1, 0xe8, 0xe6, 0xe5, 0x01, 0x02, 0xd1, 0xfe, 0x02, 0xfe, 0xfa, 0xfb, 0xfc, 0xfb, 0xf9, 0xfa, 0xf9, 0xf9, 0x06, 0xf9, 0xf5, 0x06, 0x01, 0xe5, 0xf4, 0x01, 0x01, 0x01, 0xe0, 0x01, 0xe0, 0x01, 0xe6, 0xe5, 0xf4, 0xe1, 0xe1, 0xf4, 0xd1, 0xd2, 0xd1, 0xd1, 0xcd, 0xd1, 0x06, 0xd1, 0xe1, 0xe1, 0xe1, 0xe1, 0xe1, 0xe1, 0xe1, 0xe1, 0xe6, 0xe6, 0xe6, 0xd1, 0xe7, 0xd1, 0x02, 0xd2, 0x02, 0xd1, 0x02, 0xe7, 0x02, 0xf6, 0xe7, 0x02, 0xe7, 0x02, 0x02, 0x02, 0xf1, 0xfa, 0xf5, 0xfa, 0xfe, 0xd1, 0xd2, 0xda, 0xd5, 0xbd, 0x99, 0x86, 0x6b, 0x7a, 0x7a, 0x60, 0x42, 0x42, 0x42, 0x2f, 0x42, 0x41, 0x39, 0x44, 0x40, 0x40, 0x40, 0x40, 0x2c, 0x40, 0x4c, 0x4e, 0x46, 0x3a, 0x3a, 0x44, 0x46, 0x53, 0x4c, 0x44, 0x41, 0x48, 0x49, 0x44, 0x51, 0x57, 0x48, 0x55, 0x50, 0x69, 0x81, 0xad, 0xd4, 0xdb, 0xde, 0xdb, 0xf1, 0xec, 0xf1, 0xed, 0x04, 0x04, 0x04, 0x04, 0x04, 0x04, 0x04, 0x04, 0x03, 0x04, 0x04, 0x04, 0x04, 0x04, 0x04, 0x04, 0x04, 0x04, 0x04, 0x04, 0x04, 0x04, 0x04, 0x04, 0x04, 0x04, 0xed, 0x04, 0x04, 0x04, 0xed, 0xed, 0xed, 0x04, 0x04, 0xed, 0xed, 0xed, 0xed, 0xed, 0xed, 0xed, 0xed, 0xed, 0xed, 0xed, 0xed, 0xed, 
  0xf8, 0x00, 0xf8, 0xe5, 0xf8, 0xe5, 0xf8, 0xe5, 0xf8, 0xe5, 0xf8, 0xe5, 0xf8, 0xe5, 0xf8, 0xe5, 0xf4, 0xf4, 0xf4, 0xf4, 0xf4, 0xf4, 0xf4, 0xf4, 0x01, 0xf4, 0x01, 0xf4, 0x01, 0xf4, 0x01, 0xf4, 0x01, 0x01, 0x01, 0x01, 0x01, 0x01, 0x01, 0x01, 0x01, 0x01, 0x01, 0x01, 0x01, 0x01, 0x01, 0x01, 0x01, 0x01, 0x01, 0x01, 0x01, 0x01, 0x01, 0x01, 0x01, 0xe1, 0x01, 0xe1, 0x01, 0xe1, 0x01, 0xe1, 0x01, 0x01, 0x01, 0x01, 0x01, 0x01, 0x01, 0x01, 0x01, 0x01, 0x01, 0x01, 0x01, 0x01, 0x01, 0x01, 0x01, 0x01, 0x01, 0x01, 0x01, 0x01, 0x01, 0x01, 0x01, 0x01, 0x01, 0x01, 0x01, 0x01, 0x01, 0xe1, 0x01, 0xe1, 0x01, 0xe1, 0xe1, 0x01, 0xf0, 0x06, 0xeb, 0xc4, 0xd2, 0xc6, 0x56, 0x18, 0x2b, 0x1c, 0x21, 0x19, 0x1f, 0x19, 0x1f, 0x19, 0x22, 0x1a, 0x19, 0x1d, 0x1f, 0x1f, 0x19, 0x21, 0x21, 0x2a, 0x2a, 0x68, 0x79, 0x97, 0x95, 0xdd, 0xc9, 0xf5, 0xf0, 0xf0, 0xe7, 0xe7, 0xf1, 0xe7, 0xf5, 0xf1, 0xec, 0xec, 0xf6, 0xeb, 0xf0, 0xeb, 0xef, 0xef, 0xef, 0xf5, 0xf5, 0xef, 0x01, 0xf5, 0xeb, 0xee, 0x01, 0x01, 0xeb, 0xeb, 0xf6, 0xe6, 0xf6, 0xe6, 0xe1, 0xe6, 0xf6, 0xe6, 0xeb, 0xeb, 0xe1, 0xf4, 0xe1, 0x06, 0xcb, 0x06, 0x01, 0xcb, 0xe1, 0xcb, 0xd1, 0xd1, 0xd1, 0xe1, 0xd1, 0xe1, 0xe1, 0xe6, 0xe6, 0xcd, 0xe6, 0xcd, 0xe6, 0xd1, 0xe6, 0xd1, 0x02, 0x02, 0x02, 0x02, 0xe7, 0x02, 0xe7, 0xf1, 0xe7, 0x02, 0x02, 0x02, 0xf1, 0xfa, 0xfa, 0xfa, 0x08, 0x07, 0xd3, 0xd0, 0xad, 0x7a, 0x69, 0x71, 0x5e, 0x4e, 0x3e, 0x51, 0x4e, 0x37, 0x32, 0x48, 0x42, 0x41, 0x41, 0x39, 0x3a, 0x40, 0x3a, 0x40, 0x4e, 0x40, 0x34, 0x3a, 0x34, 0x40, 0x4c, 0x44, 0x44, 0x49, 0x4c, 0x49, 0x44, 0x49, 0x49, 0x49, 0x46, 0x53, 0x46, 0x59, 0x59, 0x67, 0x58, 0x5d, 0x81, 0xb6, 0xda, 0xdb, 0xe9, 0xfd, 0xf2, 0xf1, 0x04, 0x04, 0x04, 0x04, 0x04, 0x04, 0x04, 0x04, 0x04, 0x04, 0x03, 0x04, 0x03, 0x04, 0x03, 0x04, 0x04, 0x04, 0x04, 0x04, 0x04, 0x04, 0x04, 0x04, 0x04, 0x04, 0x04, 0xed, 0x04, 0xed, 0xed, 0xed, 0x04, 0xed, 0x04, 0xed, 0xed, 0xed, 0xed, 0xed, 0xed, 0xed, 0xed, 0xed, 0xed, 0xed, 0xed, 0xed, 
  0x00, 0xf8, 0xf8, 0xf8, 0xf8, 0xf8, 0xf8, 0xf8, 0xf8, 0xf8, 0xf8, 0xf8, 0xf8, 0xf8, 0xf8, 0xf8, 0xf8, 0xf8, 0xf8, 0xf8, 0xf8, 0xf8, 0xf8, 0xf8, 0xf4, 0x01, 0xf4, 0x01, 0xf4, 0x01, 0xf4, 0x01, 0x01, 0x01, 0x01, 0x01, 0x01, 0x01, 0x01, 0x01, 0x01, 0x01, 0x01, 0x01, 0x01, 0x01, 0x01, 0x01, 0x01, 0x01, 0x01, 0x01, 0x01, 0x01, 0x01, 0x01, 0xe1, 0x01, 0x01, 0x01, 0x01, 0x01, 0x01, 0x01, 0x01, 0x01, 0x01, 0x01, 0x01, 0x01, 0x01, 0x01, 0x01, 0x01, 0x01, 0x01, 0x01, 0x01, 0x01, 0x01, 0x01, 0x01, 0x01, 0x01, 0x01, 0x01, 0x01, 0x01, 0x01, 0x01, 0x01, 0x01, 0x01, 0x01, 0x01, 0x01, 0x01, 0x01, 0x01, 0x01, 0x01, 0x01, 0x06, 0x01, 0x06, 0xc9, 0xcc, 0x8b, 0x18, 0x31, 0x1c, 0x21, 0x21, 0x21, 0x19, 0x1f, 0x1f, 0x1d, 0x22, 0x1d, 0x1a, 0x22, 0x19, 0x1f, 0x19, 0x19, 0x21, 0x25, 0x63, 0x63, 0x79, 0x88, 0xbc, 0xd4, 0xe8, 0xe7, 0xea, 0xe7, 0xe5, 0xe7, 0xe7, 0xf1, 0xf0, 0xef, 0xeb, 0xe6, 0xe6, 0xe2, 0xe7, 0x02, 0xe7, 0xe7, 0xe0, 0xe6, 0xe6, 0xe6, 0xe6, 0xe7, 0xe6, 0x01, 0xeb, 0xf6, 0xf0, 0xe1, 0xf0, 0xe1, 0xeb, 0x01, 0xe1, 0x01, 0x01, 0xeb, 0xf5, 0xe1, 0xf0, 0xf6, 0x06, 0xe1, 0xfe, 0xd1, 0xd1, 0x02, 0x02, 0x02, 0x02, 0xf6, 0xd1, 0xf6, 0xf6, 0xf6, 0x02, 0xd1, 0xe6, 0xcd, 0xe6, 0xd1, 0xe6, 0xe6, 0xe6, 0xf6, 0xf6, 0x02, 0xf6, 0xf6, 0xf1, 0xe7, 0xf1, 0xe7, 0x02, 0xf6, 0xf6, 0x02, 0xfe, 0x02, 0xfe, 0xd2, 0xd7, 0xcc, 0xa2, 0x69, 0x27, 0x1c, 0x3e, 0x3e, 0x3a, 0x46, 0x53, 0x44, 0x37, 0x32, 0x41, 0x48, 0x41, 0x39, 0x41, 0x3e, 0x40, 0x40, 0x40, 0x40, 0x49, 0x2b, 0x4e, 0x55, 0x2e, 0x39, 0x51, 0x37, 0x41, 0x41, 0x44, 0x51, 0x53, 0x51, 0x4c, 0x53, 0x3a, 0x53, 0x3a, 0x51, 0x57, 0x67, 0x54, 0x4d, 0x47, 0x62, 0x93, 0xc6, 0xdd, 0xe8, 0xf1, 0xfd, 0x04, 0x04, 0x04, 0x04, 0x04, 0x04, 0x04, 0x04, 0x03, 0x04, 0x04, 0x04, 0x04, 0x04, 0x04, 0x04, 0x04, 0x04, 0x04, 0x04, 0x04, 0x04, 0x04, 0x04, 0x04, 0x04, 0xed, 0x04, 0x04, 0x04, 0xed, 0xed, 0xed, 0x04, 0x04, 0xed, 0xed, 0xed, 0xed, 0xed, 0xed, 0xed, 0xed, 0xed, 0xed, 0xed, 0xed, 0xed, 
  0xf8, 0x00, 0xf8, 0xe5, 0xf8, 0xe5, 0xf8, 0xe5, 0xf8, 0xe5, 0xf8, 0xe5, 0xf8, 0xe5, 0xf8, 0xe5, 0xf8, 0xe5, 0xf8, 0xe5, 0xf8, 0xe5, 0xf8, 0xe5, 0x01, 0xf4, 0x01, 0xf4, 0x01, 0xf4, 0x01, 0xf4, 0x01, 0x01, 0x01, 0x01, 0x01, 0x01, 0x01, 0x01, 0x01, 0x01, 0x01, 0x01, 0x01, 0x01, 0x01, 0x01, 0x01, 0x01, 0x01, 0x01, 0x01, 0x01, 0x01, 0x01, 0x01, 0xe1, 0x01, 0xe1, 0x01, 0xe1, 0x01, 0xe1, 0x01, 0x01, 0x01, 0x01, 0x01, 0x01, 0x01, 0x01, 0x01, 0x01, 0x01, 0x01, 0x01, 0x01, 0x01, 0x01, 0x01, 0x01, 0x01, 0x01, 0x01, 0x01, 0x01, 0x01, 0x01, 0x01, 0x01, 0x01, 0x01, 0x01, 0x01, 0x01, 0x01, 0xcb, 0x01, 0x01, 0x01, 0xf9, 0x01, 0x06, 0xcb, 0xce, 0xc6, 0x31, 0x31, 0x1c, 0x21, 0x21, 0x21, 0x19, 0x21, 0x19, 0x1f, 0x19, 0x1d, 0x19, 0x1d, 0x22, 0x26, 0x19, 0x21, 0x19, 0x21, 0x2a, 0x63, 0x77, 0x71, 0xa1, 0xd4, 0xd3, 0xe7, 0xe7, 0xe5, 0xe7, 0xe7, 0xe7, 0xe7, 0xe6, 0xf1, 0xe8, 0xf0, 0xe6, 0xe6, 0xe7, 0xe7, 0xe0, 0xe0, 0xe7, 0xe0, 0xe7, 0xe0, 0xe7, 0x01, 0xe0, 0xe0, 0xe6, 0xeb, 0xeb, 0xe1, 0x01, 0x01, 0xe1, 0xf5, 0xf6, 0x02, 0xe1, 0x01, 0xeb, 0xeb, 0xf4, 0x01, 0xf6, 0xfe, 0xfe, 0x06, 0xe1, 0x06, 0xe1, 0x06, 0x01, 0xfe, 0xe1, 0xeb, 0xeb, 0xe6, 0xe1, 0xd1, 0xe6, 0xd1, 0xe7, 0xd1, 0xe7, 0xd1, 0xf6, 0xd1, 0xf6, 0x02, 0xf6, 0x02, 0xf6, 0xf6, 0xf6, 0xe6, 0xf1, 0xf6, 0x02, 0x02, 0xd1, 0x02, 0xd2, 0xd3, 0xd3, 0xb3, 0x73, 0x24, 0x2b, 0x55, 0x3e, 0x2c, 0x3a, 0x34, 0x34, 0x34, 0x34, 0x3a, 0x41, 0x39, 0x34, 0x39, 0x39, 0x39, 0x3e, 0x3e, 0x39, 0x3e, 0x3e, 0x35, 0x60, 0x97, 0xa1, 0x65, 0x3c, 0x54, 0x42, 0x51, 0x42, 0x41, 0x44, 0x51, 0x44, 0x44, 0x46, 0x46, 0x53, 0x46, 0x57, 0x53, 0x53, 0x46, 0x59, 0x51, 0x42, 0x62, 0x90, 0xbb, 0xd3, 0xe3, 0x04, 0x04, 0x04, 0x04, 0x04, 0x04, 0x04, 0x04, 0x04, 0x04, 0x04, 0x03, 0x04, 0x03, 0x04, 0x03, 0x04, 0x04, 0x04, 0x04, 0x04, 0x04, 0x04, 0x04, 0x04, 0x04, 0x04, 0x04, 0xed, 0x04, 0xed, 0xed, 0xed, 0x04, 0xed, 0x04, 0xed, 0xed, 0xed, 0xed, 0xed, 0xed, 0xed, 0xed, 0xed, 0xed, 0xed, 0xed, 0xed, 
  0xf8, 0xe5, 0xf8, 0xf8, 0xf8, 0xf8, 0xf8, 0xf8, 0xf8, 0xf8, 0xf8, 0xf8, 0xf8, 0xf8, 0xf8, 0xf8, 0xf4, 0xf4, 0xf4, 0xf4, 0xf4, 0xf4, 0xf4, 0xf4, 0xf4, 0x01, 0xf4, 0x01, 0xf4, 0x01, 0xf4, 0x01, 0x01, 0x01, 0x01, 0x01, 0x01, 0x01, 0x01, 0x01, 0x01, 0x01, 0x01, 0x01, 0x01, 0x01, 0x01, 0x01, 0x01, 0x01, 0x01, 0x01, 0x01, 0x01, 0x01, 0x01, 0x01, 0x01, 0x01, 0x01, 0x01, 0x01, 0x01, 0x01, 0x01, 0x01, 0x01, 0x01, 0x01, 0x01, 0x01, 0x01, 0x01, 0x01, 0x01, 0x01, 0x01, 0x01, 0x01, 0x01, 0x01, 0x01, 0x01, 0x01, 0x01, 0x01, 0x01, 0x01, 0x01, 0x01, 0x01, 0x01, 0x01, 0x01, 0x01, 0xe1, 0xe6, 0x00, 0x01, 0xfe, 0xf4, 0x06, 0x06, 0x06, 0xcb, 0xce, 0x86, 0x0e, 0x2e, 0x12, 0x21, 0x19, 0x21, 0x21, 0x1f, 0x1f, 0x19, 0x22, 0x19, 0x1d, 0x14, 0x26, 0x16, 0x1f, 0x21, 0x34, 0x10, 0x71, 0x6c, 0x6c, 0x84, 0xc7, 0xd0, 0xcc, 0xe9, 0xe5, 0xe7, 0xe7, 0xe7, 0xe7, 0xe7, 0xf6, 0xfe, 0xf5, 0xfa, 0xf1, 0xf6, 0xf6, 0xe1, 0xe6, 0x01, 0xcd, 0xe6, 0xe0, 0xcd, 0x01, 0xe1, 0xe1, 0x01, 0xe1, 0x01, 0x06, 0xe1, 0x06, 0xe1, 0x06, 0x01, 0x06, 0xe1, 0xe1, 0xe1, 0xfe, 0xe1, 0xfe, 0xe1, 0xfe, 0xe1, 0xfe, 0xfe, 0xfe, 0xe1, 0xe1, 0xe1, 0xe1, 0xe1, 0xe1, 0xe1, 0xd1, 0xe1, 0xeb, 0xe6, 0xe6, 0xe6, 0xd1, 0xf6, 0xd1, 0xf6, 0x02, 0xf6, 0x02, 0xf5, 0xf6, 0xf5, 0xf1, 0xf1, 0xf6, 0xeb, 0xeb, 0xf0, 0xfa, 0xfb, 0xcb, 0xd3, 0xd7, 0xb6, 0x86, 0x3b, 0x4b, 0x3e, 0x3c, 0x34, 0x37, 0x39, 0x2e, 0x34, 0x32, 0x3a, 0x41, 0x44, 0x3a, 0x3a, 0x34, 0x34, 0x40, 0x39, 0x37, 0x29, 0x55, 0x4d, 0x38, 0x81, 0xd0, 0xd0, 0xb8, 0xb2, 0x90, 0x6b, 0x33, 0x3d, 0x42, 0x48, 0x51, 0x39, 0x4c, 0x40, 0x53, 0x4c, 0x4c, 0x40, 0x44, 0x46, 0x53, 0x53, 0x46, 0x59, 0x44, 0x67, 0x58, 0x7c, 0xa7, 0xca, 0xd7, 0x08, 0xed, 0xed, 0x03, 0xe8, 0x04, 0xed, 0x04, 0x04, 0x04, 0x04, 0x04, 0x04, 0x04, 0x04, 0x04, 0x03, 0x04, 0x04, 0x04, 0x04, 0x04, 0x04, 0x04, 0x04, 0x04, 0x04, 0x04, 0x04, 0x04, 0x04, 0x04, 0xed, 0x04, 0xed, 0x04, 0x04, 0x04, 0x04, 0x04, 0xed, 0xed, 0xed, 0xed, 0xed, 0xed, 0xed, 0xed, 
  0xf8, 0xf8, 0xe5, 0xf8, 0xe5, 0xf8, 0xe5, 0xf8, 0xe5, 0xf8, 0xe5, 0xf8, 0xe5, 0xf8, 0xe5, 0xf8, 0xf4, 0xf4, 0xf4, 0xf4, 0xf4, 0xf4, 0xf4, 0xf4, 0x01, 0xf4, 0x01, 0xf4, 0x01, 0xf4, 0x01, 0xf4, 0x01, 0xf4, 0x01, 0xf4, 0x01, 0xf4, 0x01, 0xf4, 0x01, 0x01, 0x01, 0x01, 0x01, 0x01, 0x01, 0x01, 0x01, 0x01, 0x01, 0x01, 0x01, 0x01, 0x01, 0x01, 0x01, 0x01, 0x01, 0x01, 0x01, 0x01, 0x01, 0x01, 0x01, 0xe1, 0x01, 0xe1, 0x01, 0xe1, 0x01, 0xe1, 0x01, 0xe1, 0x01, 0xe1, 0x01, 0xe1, 0x01, 0xe1, 0x01, 0xe1, 0x01, 0xe1, 0x01, 0xe1, 0x01, 0xe1, 0x01, 0xe1, 0x01, 0xe1, 0x01, 0xe1, 0x01, 0xe1, 0xe0, 0x01, 0xe1, 0x01, 0x06, 0xfe, 0x06, 0xcb, 0xce, 0xb7, 0x45, 0x29, 0x29, 0x10, 0x21, 0x21, 0x21, 0x1f, 0x21, 0x19, 0x1f, 0x1d, 0x19, 0x19, 0x22, 0x1d, 0x22, 0x0f, 0x1f, 0x19, 0x61, 0x71, 0x71, 0x71, 0xb4, 0xc7, 0xd4, 0xd2, 0x02, 0xe6, 0xe7, 0xe7, 0xe7, 0xe7, 0xcd, 0xd2, 0xfa, 0x07, 0xfa, 0xfa, 0xf5, 0xfe, 0xe1, 0x06, 0xe1, 0x01, 0xcd, 0x01, 0xe1, 0x01, 0x06, 0xe1, 0xf9, 0x01, 0x06, 0xe1, 0x06, 0x01, 0x06, 0x01, 0x06, 0xe1, 0xfe, 0x06, 0xfe, 0x06, 0xe1, 0x06, 0xe1, 0x06, 0xfe, 0xf9, 0xe1, 0x06, 0xe1, 0xfe, 0xe1, 0xe1, 0xe1, 0xe1, 0xe1, 0xe1, 0xe6, 0xe1, 0xe6, 0xe1, 0xd1, 0xe6, 0xf6, 0xf6, 0xf6, 0xf5, 0xf6, 0xf5, 0xf1, 0xf5, 0xeb, 0xf0, 0x01, 0xe1, 0x02, 0xed, 0xfb, 0x06, 0xc9, 0xd7, 0xcc, 0x93, 0x58, 0x3b, 0x3c, 0x40, 0x3e, 0x39, 0x34, 0x39, 0x37, 0x34, 0x32, 0x48, 0x4c, 0x32, 0x25, 0x34, 0x40, 0x40, 0x34, 0x40, 0x3e, 0x58, 0x2f, 0x27, 0x6d, 0xb8, 0xd0, 0xdc, 0xc3, 0xba, 0xb3, 0xb3, 0xa6, 0x8f, 0x54, 0x5d, 0x37, 0x37, 0x49, 0x57, 0x3a, 0x53, 0x40, 0x4e, 0x4c, 0x4c, 0x53, 0x53, 0x53, 0x4c, 0x57, 0x59, 0x59, 0x55, 0x65, 0x7b, 0x9c, 0xc1, 0xcb, 0xec, 0x04, 0xed, 0xed, 0xed, 0xed, 0x04, 0x04, 0x04, 0x04, 0x04, 0x04, 0x04, 0x04, 0x04, 0x04, 0x04, 0x03, 0x04, 0x03, 0x04, 0x03, 0x04, 0x04, 0x04, 0x04, 0x04, 0x04, 0x04, 0x04, 0x04, 0x04, 0x04, 0x04, 0xed, 0x04, 0xed, 0x04, 0xed, 0xed, 0xed, 0xed, 0xed, 0xed, 0xed, 0xed, 0xed, 
  0xf8, 0xf8, 0xf8, 0xf8, 0xf8, 0xf8, 0xf8, 0xf8, 0xf8, 0xf8, 0xf8, 0xf8, 0xf8, 0xf8, 0xf8, 0xf8, 0xf4, 0xf4, 0xf4, 0xf4, 0xf4, 0xf4, 0xf4, 0xf4, 0xf4, 0x01, 0xf4, 0x01, 0xf4, 0x01, 0xf4, 0x01, 0xf4, 0x01, 0xf4, 0x01, 0xf4, 0x01, 0xf4, 0x01, 0x01, 0x01, 0x01, 0x01, 0x01, 0x01, 0x01, 0x01, 0x01, 0x01, 0x01, 0x01, 0x01, 0x01, 0x01, 0x01, 0x01, 0x01, 0x01, 0x01, 0x01, 0x01, 0x01, 0x01, 0xe1, 0x01, 0x01, 0x01, 0x01, 0x01, 0x01, 0x01, 0x01, 0x01, 0x01, 0x01, 0x01, 0x01, 0x01, 0x01, 0x01, 0x01, 0x01, 0x01, 0x01, 0x01, 0x01, 0x01, 0x01, 0x01, 0x01, 0x01, 0x01, 0x01, 0xe1, 0x01, 0x01, 0xe6, 0xe1, 0xc9, 0xfe, 0x06, 0xcb, 0xcb, 0xcc, 0x86, 0x0c, 0x23, 0x28, 0x12, 0x1f, 0x21, 0x19, 0x1f, 0x19, 0x1f, 0x1f, 0x19, 0x19, 0x22, 0x26, 0x19, 0x19, 0x13, 0x10, 0x37, 0x8c, 0x7e, 0x72, 0x91, 0xd6, 0xd0, 0xd3, 0xfa, 0xfe, 0xf5, 0xe6, 0xf6, 0xe7, 0xd1, 0xd2, 0xfa, 0x07, 0xfa, 0xf9, 0xfa, 0xf9, 0xfe, 0xf9, 0xe1, 0x06, 0x06, 0x01, 0x06, 0x06, 0x06, 0xf9, 0x06, 0xf9, 0xf9, 0x01, 0x06, 0xcd, 0x06, 0x06, 0x06, 0x06, 0x06, 0x06, 0xfe, 0x06, 0xe1, 0x07, 0xe1, 0x07, 0xe1, 0xe1, 0xe1, 0xe1, 0xfe, 0xe1, 0xe1, 0xe1, 0xe1, 0xe1, 0xe1, 0xe1, 0xe6, 0xe1, 0xe6, 0xeb, 0xe6, 0xeb, 0xfe, 0xf6, 0xf5, 0x02, 0xf5, 0x02, 0xf5, 0x01, 0xfb, 0x04, 0xfe, 0xe1, 0xfb, 0xd5, 0xc9, 0xcb, 0xd9, 0xdc, 0xa7, 0x5f, 0x29, 0x3b, 0x12, 0x34, 0x39, 0x40, 0x34, 0x34, 0x37, 0x39, 0x37, 0x3d, 0x2f, 0x2f, 0x3a, 0x49, 0x40, 0x3a, 0x2c, 0x4e, 0x37, 0x2b, 0x47, 0x5c, 0xa1, 0xd0, 0xd6, 0xdc, 0xdc, 0xab, 0xab, 0xbc, 0xc0, 0xab, 0xb2, 0xa6, 0x7b, 0x47, 0x59, 0x4c, 0x44, 0x3a, 0x53, 0x40, 0x4e, 0x4e, 0x4e, 0x49, 0x53, 0x53, 0x53, 0x53, 0x53, 0x59, 0x72, 0x5d, 0x6d, 0x8f, 0xa3, 0xcb, 0x02, 0x04, 0xed, 0xed, 0xed, 0x04, 0x04, 0x04, 0x04, 0x04, 0x04, 0x04, 0x04, 0x04, 0x04, 0x04, 0x04, 0x04, 0x04, 0x04, 0x04, 0x04, 0x04, 0x04, 0x04, 0x04, 0x04, 0x04, 0x04, 0x04, 0x04, 0xed, 0x04, 0xed, 0x04, 0x04, 0x04, 0x04, 0x04, 0xed, 0xed, 0xed, 0xed, 0xed, 0xed, 0xed, 0xed, 
  0xf8, 0x00, 0xf8, 0x00, 0xf8, 0x00, 0xf8, 0x00, 0xe5, 0xf8, 0xe5, 0xf8, 0xe5, 0xf8, 0xe5, 0xf8, 0xf4, 0xf4, 0xf4, 0xf4, 0xf4, 0xf4, 0xf4, 0xf4, 0xf4, 0xf4, 0xf4, 0xf4, 0xf4, 0xf4, 0xf4, 0xf4, 0x01, 0xf4, 0x01, 0xf4, 0x01, 0xf4, 0x01, 0xf4, 0x01, 0xf4, 0x01, 0xf4, 0x01, 0xf4, 0x01, 0xf4, 0x01, 0x01, 0x01, 0x01, 0x01, 0x01, 0x01, 0x01, 0x01, 0x01, 0x01, 0x01, 0x01, 0x01, 0x01, 0x01, 0x01, 0xe1, 0x01, 0xe1, 0x01, 0xe1, 0x01, 0xe1, 0x01, 0xe1, 0x01, 0xe1, 0x01, 0xe1, 0x01, 0xe1, 0x01, 0xe1, 0x01, 0xe1, 0x01, 0xe1, 0x01, 0xe1, 0x01, 0xe1, 0x01, 0xe1, 0x01, 0xe1, 0x01, 0xe1, 0x01, 0x02, 0xc9, 0xf4, 0xfe, 0xc9, 0xcb, 0xcf, 0xb6, 0x38, 0x18, 0x12, 0x28, 0x28, 0x10, 0x1f, 0x1f, 0x19, 0x1f, 0x19, 0x19, 0x19, 0x19, 0x19, 0x16, 0x22, 0x13, 0x28, 0x19, 0x75, 0x9b, 0x91, 0x86, 0xc3, 0xd3, 0xda, 0xfe, 0x06, 0xfa, 0xf0, 0xf5, 0x02, 0xfe, 0xd1, 0xfa, 0x07, 0xfa, 0x07, 0xfa, 0xf9, 0xfe, 0xfe, 0x06, 0x06, 0x06, 0xe1, 0x06, 0xe1, 0x06, 0xe1, 0x06, 0xe1, 0x06, 0x06, 0x06, 0xcd, 0x06, 0xe1, 0xcb, 0xe1, 0x06, 0xe1, 0x06, 0xe1, 0x06, 0xe1, 0x06, 0xe1, 0xcd, 0x06, 0xe1, 0xfe, 0xe1, 0xe1, 0xe1, 0xe1, 0xe1, 0xe1, 0xe1, 0xe1, 0xe1, 0xe6, 0xeb, 0xe6, 0xe1, 0xeb, 0xeb, 0xfe, 0xf6, 0xfe, 0xf5, 0xf5, 0xf5, 0x02, 0x04, 0xf4, 0xf8, 0x08, 0xdb, 0xd2, 0xcd, 0xd5, 0xd8, 0xb3, 0x6f, 0x2d, 0x43, 0x3c, 0x21, 0x34, 0x34, 0x2c, 0x34, 0x34, 0x2e, 0x34, 0x3d, 0x37, 0x32, 0x32, 0x32, 0x39, 0x2e, 0x28, 0x39, 0x4e, 0x21, 0x3c, 0x43, 0x81, 0xbf, 0xdc, 0xd0, 0xd6, 0xab, 0x8f, 0x98, 0xab, 0xa8, 0xa8, 0xc0, 0xb0, 0xb2, 0xae, 0x97, 0x72, 0x32, 0x3a, 0x57, 0x3a, 0x4e, 0x4e, 0x4e, 0x49, 0x51, 0x51, 0x59, 0x53, 0x59, 0x4c, 0x61, 0x7e, 0x5e, 0x7d, 0xa9, 0xa6, 0xe3, 0x05, 0xed, 0x04, 0x04, 0x03, 0x04, 0x04, 0x04, 0x04, 0x04, 0x04, 0x04, 0x04, 0x04, 0x04, 0x04, 0x04, 0x04, 0x04, 0x04, 0x04, 0x04, 0x04, 0x04, 0x04, 0x04, 0x04, 0x04, 0x04, 0x04, 0x04, 0x04, 0x04, 0x04, 0xed, 0x04, 0xed, 0x04, 0xed, 0xed, 0xed, 0xed, 0xed, 0xed, 0xed, 0xed, 0xed, 
  0x00, 0xe5, 0x00, 0xe5, 0x00, 0xe5, 0x00, 0xe5, 0xf8, 0xf8, 0xf8, 0xf8, 0xf8, 0xf8, 0xf8, 0xe5, 0xf8, 0xf8, 0xf8, 0xf8, 0xf8, 0xf8, 0xf8, 0xf8, 0xf4, 0xf4, 0xf4, 0xf4, 0xf4, 0xf4, 0xf4, 0xf4, 0xf4, 0x01, 0xf4, 0x01, 0xf4, 0x01, 0xf4, 0x01, 0xf4, 0x01, 0xf4, 0x01, 0xf4, 0x01, 0xf4, 0x01, 0x01, 0x01, 0x01, 0x01, 0x01, 0x01, 0x01, 0x01, 0x01, 0x01, 0x01, 0x01, 0x01, 0x01, 0x01, 0x01, 0x01, 0x01, 0x01, 0x01, 0x01, 0x01, 0x01, 0x01, 0x01, 0x01, 0x01, 0x01, 0x01, 0x01, 0x01, 0x01, 0x01, 0x01, 0x01, 0x01, 0x01, 0x01, 0x01, 0x01, 0x01, 0x01, 0x01, 0x01, 0x01, 0x01, 0x01, 0x01, 0x01, 0xd1, 0xc2, 0x06, 0xd1, 0xc4, 0xce, 0xcc, 0x7f, 0x0e, 0x35, 0x16, 0x16, 0x2c, 0x19, 0x19, 0x22, 0x22, 0x19, 0x19, 0x19, 0x1f, 0x19, 0x19, 0x16, 0x19, 0x19, 0x1d, 0x51, 0x97, 0xa1, 0xa9, 0xad, 0xd9, 0xca, 0xfa, 0xfe, 0xfe, 0xf5, 0xf5, 0xf5, 0xf5, 0xfe, 0xfa, 0xf9, 0xfa, 0xf9, 0xfa, 0xfe, 0xd1, 0x06, 0xcd, 0x01, 0xcd, 0x01, 0xcb, 0xcb, 0xcb, 0x01, 0xcb, 0x06, 0xcb, 0xe1, 0xcb, 0xe1, 0x01, 0xe1, 0x01, 0xe1, 0x06, 0xe1, 0x06, 0xe1, 0x06, 0xe1, 0xcb, 0xe1, 0xcb, 0x01, 0xe1, 0xe1, 0xe1, 0xe1, 0xe1, 0xe1, 0xe1, 0xe1, 0xe1, 0xe1, 0xe1, 0xe6, 0xe1, 0xe6, 0xeb, 0xe6, 0xeb, 0xe1, 0xfe, 0xf6, 0xf5, 0xf6, 0xfe, 0x02, 0xeb, 0x00, 0x02, 0xd9, 0xd2, 0xca, 0xca, 0xcf, 0xcc, 0x8e, 0x4b, 0x27, 0x3d, 0x23, 0x16, 0x37, 0x39, 0x2c, 0x34, 0x2c, 0x34, 0x34, 0x32, 0x37, 0x39, 0x2f, 0x41, 0x41, 0x32, 0x37, 0x3e, 0x35, 0x23, 0x43, 0x73, 0xa9, 0xd0, 0xd6, 0xdc, 0xc3, 0x8f, 0x87, 0x89, 0x9e, 0x8f, 0xa8, 0x98, 0xab, 0xb3, 0xaf, 0xa3, 0x85, 0x8d, 0x91, 0x53, 0x34, 0x57, 0x4c, 0x49, 0x49, 0x51, 0x55, 0x59, 0x59, 0x59, 0x59, 0x44, 0x55, 0x51, 0x5d, 0x5d, 0x95, 0xb7, 0x0b, 0xff, 0xf2, 0x05, 0x04, 0x03, 0x04, 0xed, 0x04, 0x04, 0x04, 0x04, 0x04, 0x04, 0x04, 0x04, 0x04, 0x04, 0x04, 0x04, 0x04, 0x04, 0x04, 0x04, 0x04, 0x04, 0x04, 0x04, 0x04, 0x04, 0x04, 0x04, 0xed, 0x04, 0xed, 0x04, 0x04, 0x04, 0x04, 0x04, 0xed, 0xed, 0xed, 0xed, 0xed, 0xed, 0xed, 0xed, 
  0x00, 0x00, 0x00, 0x00, 0x00, 0x00, 0x00, 0x00, 0xf8, 0xe5, 0xf8, 0xe5, 0xf8, 0xe5, 0xf8, 0xf8, 0xe5, 0xf8, 0xe5, 0xf8, 0xe5, 0xf8, 0xe5, 0xf8, 0xf4, 0xf4, 0xf4, 0xf4, 0xf4, 0xf4, 0xf4, 0xf4, 0x01, 0xf4, 0x01, 0xf4, 0x01, 0xf4, 0x01, 0xf4, 0xf4, 0xf4, 0xf4, 0xf4, 0xf4, 0xf4, 0xf4, 0xf4, 0x01, 0x01, 0x01, 0x01, 0x01, 0x01, 0x01, 0x01, 0x01, 0x01, 0x01, 0x01, 0x01, 0x01, 0x01, 0x01, 0x01, 0x01, 0x01, 0x01, 0x01, 0x01, 0x01, 0x01, 0x01, 0x01, 0x01, 0x01, 0x01, 0x01, 0x01, 0x01, 0x01, 0x01, 0x01, 0x01, 0x01, 0x01, 0x01, 0x01, 0x01, 0x01, 0x01, 0x01, 0x01, 0x01, 0x01, 0x01, 0x01, 0x01, 0xc2, 0xfe, 0xd2, 0x06, 0xcf, 0xb1, 0x31, 0x1c, 0x12, 0x34, 0x0f, 0x1f, 0x26, 0x19, 0x19, 0x19, 0x19, 0x19, 0x19, 0x19, 0x19, 0x19, 0x1f, 0x10, 0x28, 0x1d, 0x78, 0xa1, 0xae, 0xbc, 0xd7, 0x06, 0x04, 0xbe, 0x08, 0xfb, 0x01, 0xfb, 0xfe, 0xfa, 0xf5, 0xf5, 0xfe, 0xf6, 0xd1, 0xd1, 0xcd, 0xe1, 0xcd, 0x01, 0xcb, 0xe0, 0xcb, 0xe1, 0xcb, 0x01, 0xcb, 0x01, 0xcd, 0x01, 0xcb, 0x01, 0x01, 0xcd, 0x01, 0xe1, 0x01, 0xe1, 0x01, 0xe1, 0x01, 0xe1, 0x01, 0xe1, 0xe1, 0xe1, 0x01, 0xcd, 0xe1, 0xe1, 0xe1, 0xe1, 0xe1, 0xe1, 0xe1, 0xe1, 0xe1, 0xe1, 0x01, 0xe6, 0xeb, 0xe6, 0xeb, 0xe6, 0xe1, 0xe1, 0xeb, 0xeb, 0xeb, 0xeb, 0xeb, 0xf6, 0x02, 0xd5, 0xcb, 0xc5, 0xd8, 0xd4, 0xa0, 0x4b, 0x18, 0x3c, 0x28, 0x16, 0x41, 0x41, 0x25, 0x22, 0x34, 0x28, 0x34, 0x32, 0x2c, 0x32, 0x34, 0x39, 0x44, 0x1f, 0x26, 0x3e, 0x47, 0x33, 0x43, 0x5c, 0xa2, 0xc3, 0xd0, 0xdc, 0xd0, 0xaf, 0x89, 0x8f, 0x94, 0x82, 0xa6, 0x9c, 0x94, 0x98, 0xb3, 0x9c, 0xaf, 0x7b, 0x83, 0xa1, 0x88, 0x7a, 0x88, 0x34, 0x49, 0x44, 0x49, 0x51, 0x51, 0x49, 0x42, 0x3e, 0x4e, 0x67, 0x72, 0x6b, 0x83, 0x43, 0x5d, 0xc0, 0x0b, 0xdf, 0xdf, 0xdf, 0xfd, 0xed, 0x04, 0x04, 0x04, 0x04, 0x04, 0x04, 0x04, 0x04, 0x04, 0x04, 0x04, 0x04, 0x04, 0x04, 0x04, 0x04, 0x04, 0x04, 0x04, 0x04, 0x04, 0x04, 0x04, 0x04, 0x04, 0x04, 0x04, 0x04, 0x04, 0xed, 0x04, 0xed, 0x04, 0xed, 0xed, 0xed, 0xed, 0xed, 0xed, 0xed, 0xed, 0xed, 
  0x00, 0x00, 0x00, 0x00, 0x00, 0x00, 0x00, 0x00, 0xe5, 0xf8, 0xf8, 0xf8, 0xf8, 0xf8, 0xf8, 0xe5, 0xf8, 0xf8, 0xf8, 0xf8, 0xf8, 0xf8, 0xf8, 0xe5, 0xf8, 0xf8, 0xf8, 0xf8, 0xf8, 0xf8, 0xf8, 0xf8, 0xf4, 0x01, 0xf4, 0x01, 0xf4, 0x01, 0xf4, 0x01, 0xf4, 0xf4, 0xf4, 0xf4, 0xf4, 0xf4, 0xf4, 0xf4, 0xf4, 0x01, 0xf4, 0x01, 0xf4, 0x01, 0xf4, 0x01, 0x01, 0x01, 0x01, 0x01, 0x01, 0x01, 0x01, 0x01, 0x01, 0x01, 0x01, 0x01, 0x01, 0x01, 0x01, 0x01, 0x01, 0x01, 0x01, 0x01, 0x01, 0x01, 0x01, 0x01, 0x01, 0x01, 0x01, 0x01, 0x01, 0x01, 0x01, 0x01, 0x01, 0x01, 0x01, 0x01, 0x01, 0x01, 0x01, 0x01, 0x00, 0xd1, 0x00, 0xfe, 0xcb, 0xce, 0xbd, 0x7c, 0x0e, 0x2b, 0x12, 0x2c, 0x10, 0x19, 0x22, 0x1d, 0x1d, 0x1d, 0x19, 0x19, 0x19, 0x19, 0x19, 0x19, 0x21, 0x13, 0x32, 0x60, 0x97, 0xa6, 0xb8, 0xd0, 0x08, 0x01, 0x04, 0xc2, 0xd5, 0xe2, 0xcb, 0xe2, 0xf6, 0xeb, 0xf6, 0xf5, 0xf6, 0xf6, 0xe7, 0xe7, 0xe6, 0xcd, 0xe1, 0xe0, 0x01, 0x01, 0x01, 0x01, 0x01, 0x01, 0x01, 0x01, 0x01, 0xe0, 0x01, 0x01, 0x01, 0xe6, 0x01, 0xe1, 0x01, 0x01, 0xf0, 0x01, 0xf0, 0x01, 0x01, 0x01, 0x01, 0x01, 0x01, 0x01, 0xcd, 0xe1, 0xcd, 0xe1, 0xcd, 0xe6, 0x01, 0xe6, 0x01, 0xe6, 0xe1, 0xe6, 0xeb, 0xe6, 0xe6, 0xe6, 0xd1, 0xe1, 0xeb, 0xe1, 0xf6, 0xf6, 0xd1, 0xe6, 0xcb, 0xca, 0xd3, 0xd4, 0xa7, 0x69, 0x24, 0x31, 0x2e, 0x21, 0x2c, 0x40, 0x28, 0x2c, 0x42, 0x32, 0x32, 0x2f, 0x32, 0x32, 0x34, 0x2c, 0x2e, 0x3a, 0x40, 0x39, 0x34, 0x3c, 0x29, 0x4b, 0x89, 0xc8, 0xd0, 0x0a, 0xdc, 0xb7, 0x89, 0x94, 0x95, 0x94, 0x81, 0x89, 0x93, 0x93, 0x9c, 0xad, 0xa3, 0xa7, 0x9c, 0x9d, 0x90, 0xa1, 0xa5, 0x6a, 0x72, 0x8c, 0x46, 0x46, 0x51, 0x53, 0x42, 0x48, 0x51, 0x60, 0x72, 0x7e, 0xa1, 0xa1, 0xa2, 0x65, 0x56, 0xda, 0x0b, 0xdf, 0xdf, 0xdf, 0xdf, 0x05, 0x04, 0x04, 0x04, 0x04, 0x04, 0x04, 0x04, 0x04, 0x04, 0x04, 0xed, 0x04, 0xed, 0x04, 0xed, 0x04, 0xed, 0x04, 0x04, 0x04, 0x04, 0x04, 0x04, 0x04, 0x04, 0x04, 0xed, 0x04, 0xed, 0x04, 0x04, 0x04, 0x04, 0x04, 0xed, 0xed, 0xed, 0xed, 0xed, 0xed, 0xed, 0xed, 
  0x00, 0x00, 0x00, 0x00, 0x00, 0x00, 0x00, 0x00, 0xf8, 0xe5, 0xf8, 0xe5, 0xf8, 0xe5, 0xf8, 0xf8, 0xe5, 0xf8, 0xe5, 0xf8, 0xe5, 0xf8, 0xe5, 0xf8, 0xe5, 0xf8, 0xe5, 0xf8, 0xe5, 0xf8, 0xe5, 0xf8, 0x01, 0xf4, 0x01, 0xf4, 0x01, 0xf4, 0x01, 0xf4, 0xf4, 0xf4, 0xf4, 0xf4, 0xf4, 0xf4, 0xf4, 0xf4, 0x01, 0xf4, 0x01, 0xf4, 0x01, 0xf4, 0x01, 0xf4, 0x01, 0x01, 0x01, 0x01, 0x01, 0x01, 0x01, 0x01, 0x01, 0x01, 0x01, 0x01, 0x01, 0x01, 0x01, 0x01, 0x01, 0x01, 0x01, 0x01, 0x01, 0x01, 0x01, 0x01, 0x01, 0x01, 0x01, 0x01, 0x01, 0x01, 0x01, 0x01, 0x01, 0x01, 0x01, 0x01, 0x01, 0x01, 0x01, 0x01, 0xee, 0x02, 0x01, 0x06, 0xc1, 0xce, 0xb3, 0x27, 0x2b, 0x16, 0x2e, 0x10, 0x28, 0x19, 0x0f, 0x2f, 0x1a, 0x19, 0x1a, 0x22, 0x16, 0x19, 0x19, 0x19, 0x1f, 0x19, 0x2e, 0x8a, 0xa5, 0xaf, 0xc3, 0xd6, 0xf3, 0x04, 0x00, 0xe9, 0xcd, 0xe0, 0xd5, 0xe6, 0xd1, 0xf6, 0xf6, 0xf6, 0xe7, 0xe7, 0xe7, 0xe7, 0xe6, 0x01, 0x01, 0x01, 0x01, 0xf4, 0x01, 0x01, 0x01, 0x01, 0x01, 0x01, 0x01, 0x01, 0x01, 0x01, 0xe6, 0x01, 0xe6, 0x01, 0xe6, 0x01, 0xf0, 0xe1, 0x01, 0xf0, 0xf4, 0x01, 0x01, 0x01, 0x01, 0x01, 0xe1, 0xe1, 0xe1, 0xe1, 0xe1, 0xe1, 0xe6, 0xe1, 0xe6, 0x01, 0xe6, 0xe6, 0xe6, 0xe6, 0xeb, 0xe6, 0xeb, 0xeb, 0xe1, 0xeb, 0xd1, 0xe6, 0xcd, 0xcd, 0xd3, 0xd5, 0xba, 0x7c, 0x38, 0x27, 0x31, 0x2b, 0x21, 0x34, 0x25, 0x25, 0x34, 0x32, 0x25, 0x2f, 0x32, 0x32, 0x32, 0x34, 0x32, 0x2c, 0x2c, 0x39, 0x21, 0x49, 0x3b, 0x35, 0x73, 0xb3, 0xdc, 0xd6, 0x0a, 0xb7, 0x92, 0x9c, 0x94, 0x8f, 0x90, 0xa6, 0x97, 0x93, 0x90, 0x9d, 0x86, 0xa6, 0x93, 0x9c, 0xa6, 0xa2, 0xa6, 0xa1, 0x97, 0x85, 0xa1, 0x6a, 0x46, 0x46, 0x46, 0x48, 0x44, 0x59, 0x75, 0x8d, 0x91, 0x85, 0xa1, 0x9b, 0x73, 0x69, 0x74, 0x0b, 0x0b, 0xdf, 0xdf, 0xdf, 0xf2, 0x04, 0x03, 0x04, 0x04, 0x04, 0x04, 0x04, 0x04, 0x04, 0x04, 0x04, 0x04, 0x04, 0x04, 0x04, 0x04, 0x04, 0x04, 0xed, 0x04, 0x04, 0x04, 0x04, 0x04, 0x04, 0x04, 0x04, 0x04, 0x04, 0x04, 0xed, 0x04, 0xed, 0x04, 0xed, 0xed, 0xed, 0xed, 0xed, 0xed, 0xed, 0xed, 0xed, 
  0x00, 0x00, 0x00, 0x00, 0x00, 0x00, 0x00, 0x00, 0xf8, 0xf8, 0xf8, 0xf8, 0xf8, 0xf8, 0xf8, 0xf8, 0xf8, 0xf8, 0xf8, 0xf8, 0xf8, 0xf8, 0xf8, 0xf8, 0xf8, 0xf8, 0xf8, 0xf8, 0xf8, 0xf8, 0xf8, 0xf8, 0xf4, 0xf4, 0xf4, 0xf4, 0xf4, 0xf4, 0xf4, 0xf4, 0x01, 0x01, 0x01, 0x01, 0x01, 0x01, 0x01, 0x01, 0xf4, 0x01, 0xf4, 0x01, 0xf4, 0x01, 0xf4, 0x01, 0x01, 0x01, 0x01, 0x01, 0x01, 0x01, 0x01, 0x01, 0x01, 0x01, 0x01, 0x01, 0x01, 0x01, 0x01, 0x01, 0x01, 0x01, 0x01, 0x01, 0x01, 0x01, 0x01, 0xf4, 0x01, 0x01, 0x01, 0x01, 0x01, 0x01, 0x01, 0x01, 0x01, 0xe0, 0x01, 0xe0, 0x01, 0xe5, 0xe0, 0xf4, 0xef, 0xf0, 0x01, 0xcb, 0xcc, 0xcc, 0x6b, 0x1a, 0x23, 0x23, 0x1c, 0x19, 0x1c, 0x1a, 0x1c, 0x1c, 0x16, 0x1c, 0x14, 0x16, 0x1d, 0x13, 0x13, 0x25, 0x19, 0x2c, 0x6a, 0x91, 0xaf, 0xc0, 0x07, 0xfe, 0xfe, 0xeb, 0xd1, 0xeb, 0xe6, 0xe6, 0xe6, 0xe6, 0x02, 0xf6, 0xf6, 0xeb, 0xeb, 0xeb, 0xe6, 0xe6, 0x01, 0xe0, 0x01, 0xe0, 0x01, 0x01, 0x01, 0x01, 0x01, 0xe1, 0x01, 0xe1, 0x01, 0xe1, 0x01, 0x01, 0x01, 0x01, 0x01, 0x01, 0x01, 0x01, 0x01, 0x01, 0xe1, 0x01, 0xe1, 0xe1, 0x01, 0x01, 0xe1, 0x01, 0x06, 0x06, 0x06, 0x06, 0x01, 0xe6, 0xe0, 0xe6, 0xe0, 0xe7, 0xe7, 0x01, 0xe6, 0xec, 0xf6, 0xef, 0xf0, 0xf1, 0xf5, 0xe1, 0xe1, 0xcd, 0xd3, 0xd4, 0xcc, 0x91, 0x4b, 0x1c, 0x26, 0x2b, 0x2e, 0x2e, 0x28, 0x34, 0x34, 0x28, 0x1f, 0x2c, 0x32, 0x25, 0x2c, 0x34, 0x34, 0x2e, 0x34, 0x2e, 0x2e, 0x3e, 0x35, 0x2d, 0x50, 0xa7, 0xd6, 0xdc, 0xd6, 0x07, 0x89, 0x87, 0x98, 0x8f, 0x9c, 0x89, 0x9d, 0xa2, 0x90, 0x9d, 0x94, 0xa6, 0x7b, 0xa3, 0x98, 0x89, 0xa3, 0xa6, 0xa3, 0x89, 0x6e, 0x75, 0x96, 0x55, 0x51, 0x49, 0x49, 0x4c, 0x54, 0x78, 0x97, 0x9b, 0x74, 0x60, 0x6a, 0x9b, 0x7e, 0x50, 0xb1, 0x0b, 0xdf, 0xdf, 0xdf, 0xf2, 0x05, 0x04, 0x04, 0x04, 0x04, 0x04, 0x04, 0x04, 0x04, 0x04, 0x04, 0x04, 0x04, 0x04, 0x04, 0x04, 0x04, 0x04, 0xed, 0x04, 0x04, 0x04, 0x04, 0x04, 0x04, 0x04, 0x04, 0x04, 0x04, 0x04, 0x04, 0x04, 0x04, 0x04, 0x04, 0x04, 0x04, 0x04, 0x04, 0xed, 0xed, 0xed, 0xed, 0xed, 
  0x00, 0x00, 0x00, 0x00, 0x00, 0x00, 0x00, 0x00, 0xf8, 0x00, 0xf8, 0x00, 0xf8, 0x00, 0xf8, 0x00, 0xf8, 0x00, 0xf8, 0xe5, 0xf8, 0xe5, 0xf8, 0xe5, 0xf8, 0xe5, 0xf8, 0xe5, 0xf8, 0xe5, 0xf8, 0xe5, 0xf4, 0xf4, 0xf4, 0xf4, 0xf4, 0xf4, 0xf4, 0xf4, 0x01, 0xf4, 0x01, 0xf4, 0x01, 0xf4, 0x01, 0xf4, 0x01, 0xf4, 0x01, 0xf4, 0x01, 0xf4, 0x01, 0xf4, 0x01, 0xf4, 0x01, 0xf4, 0x01, 0xf4, 0x01, 0xf4, 0x01, 0xf4, 0x01, 0xf4, 0x01, 0xf4, 0x01, 0xf4, 0x01, 0xf4, 0x01, 0xf4, 0x01, 0xf4, 0x01, 0xf4, 0x06, 0x06, 0x01, 0x06, 0x01, 0x01, 0x01, 0x01, 0xe0, 0x01, 0xe0, 0x01, 0xe0, 0x01, 0xe0, 0xf0, 0xee, 0xf1, 0xf3, 0xd3, 0xc6, 0xaf, 0x3b, 0x23, 0x19, 0x22, 0x22, 0x1d, 0x1c, 0x1c, 0x1c, 0x1c, 0x1c, 0x12, 0x1a, 0x23, 0x14, 0x1d, 0x28, 0x13, 0x13, 0x61, 0x85, 0xa7, 0xb6, 0xc4, 0xf9, 0xfa, 0xfe, 0xf6, 0xe6, 0xd1, 0xd1, 0xd1, 0xd1, 0xf6, 0xd1, 0xf6, 0xf6, 0xf6, 0xf6, 0xd1, 0xeb, 0xeb, 0x01, 0xe1, 0x01, 0xe1, 0x01, 0x01, 0x01, 0x01, 0x01, 0x01, 0x01, 0x01, 0x01, 0x01, 0x01, 0x01, 0x01, 0x01, 0x01, 0x01, 0x01, 0x01, 0x01, 0x01, 0xe1, 0xe1, 0x01, 0xe1, 0x01, 0xe1, 0x01, 0xe1, 0x06, 0x06, 0xe1, 0x06, 0xe1, 0x01, 0xe6, 0xe0, 0xe0, 0x01, 0xe7, 0xe7, 0x01, 0xc2, 0xe5, 0xec, 0xf5, 0xef, 0xee, 0x02, 0xd5, 0xd7, 0xc6, 0xa7, 0x50, 0x31, 0x1a, 0x26, 0x2e, 0x28, 0x28, 0x34, 0x26, 0x2e, 0x32, 0x39, 0x34, 0x2e, 0x34, 0x34, 0x2e, 0x21, 0x2e, 0x3a, 0x26, 0x28, 0x35, 0x16, 0x27, 0x93, 0xc7, 0xda, 0xdc, 0xdc, 0xc8, 0x8f, 0x76, 0x7c, 0x9e, 0xa6, 0xaf, 0x94, 0x95, 0x9d, 0x95, 0x83, 0x81, 0x9d, 0x90, 0x8f, 0x95, 0xb0, 0xa3, 0xa8, 0xa6, 0xa3, 0x9d, 0x9d, 0x83, 0x2b, 0x49, 0x40, 0x4e, 0x3a, 0x48, 0x60, 0x6d, 0x6d, 0x54, 0x51, 0x59, 0x61, 0x58, 0x58, 0xda, 0x0b, 0x0b, 0xdf, 0xdf, 0xf2, 0xed, 0xed, 0x04, 0x04, 0x03, 0x04, 0x03, 0x04, 0x03, 0x04, 0x03, 0x04, 0x04, 0x04, 0x04, 0x04, 0x04, 0x04, 0x04, 0xed, 0x04, 0x04, 0x04, 0x04, 0x04, 0x04, 0x04, 0x04, 0x04, 0x04, 0x04, 0x04, 0x04, 0x04, 0xed, 0x04, 0xed, 0x04, 0xed, 0xed, 0xed, 0xed, 0xed, 0xed, 
  0x00, 0x00, 0x00, 0x00, 0x00, 0x00, 0x00, 0x00, 0x00, 0xe5, 0x00, 0xe5, 0x00, 0xe5, 0x00, 0xe5, 0x00, 0xf8, 0xf8, 0xf8, 0xf8, 0xf8, 0xf8, 0xf8, 0xf8, 0xf8, 0xf8, 0xf8, 0xf8, 0xf8, 0xf8, 0xf8, 0xf4, 0xf4, 0xf4, 0xf4, 0xf4, 0xf4, 0xf4, 0xf4, 0xf4, 0x01, 0xf4, 0x01, 0xf4, 0x01, 0xf4, 0x01, 0xf4, 0x01, 0xf4, 0x01, 0xf4, 0x01, 0xf4, 0x01, 0xf4, 0x01, 0xf4, 0x01, 0xf4, 0x01, 0xf4, 0x01, 0xf4, 0x01, 0xf4, 0x01, 0xf4, 0x01, 0xf4, 0x01, 0xf4, 0x01, 0xf4, 0x01, 0xf4, 0x01, 0x01, 0xf4, 0x01, 0xc9, 0x01, 0x01, 0x01, 0x01, 0xf4, 0x01, 0xf4, 0x01, 0xe5, 0x01, 0xe5, 0x01, 0xe5, 0xf4, 0xef, 0xf4, 0xe1, 0xc5, 0xc6, 0x73, 0x11, 0x1a, 0x1a, 0x19, 0x1a, 0x19, 0x1a, 0x1c, 0x12, 0x1c, 0x1c, 0x12, 0x1c, 0x23, 0x13, 0x26, 0x32, 0x0d, 0x34, 0x7e, 0xa1, 0xaf, 0xc0, 0xd2, 0xfa, 0xf5, 0xeb, 0xd1, 0xf6, 0xf6, 0xe6, 0xf6, 0xe6, 0xf6, 0xe6, 0xd1, 0xf6, 0xd1, 0xf6, 0xeb, 0xe1, 0xe1, 0xf4, 0x01, 0xf4, 0x01, 0xf4, 0x01, 0x01, 0x01, 0x01, 0x01, 0x01, 0x01, 0x01, 0x01, 0x01, 0x01, 0x01, 0x01, 0x01, 0x01, 0x01, 0x01, 0x01, 0x01, 0xe1, 0x01, 0xe1, 0x01, 0xe1, 0x01, 0xe1, 0x01, 0x06, 0xe1, 0x06, 0xe1, 0xe0, 0xe6, 0xe0, 0xe6, 0xe6, 0xe6, 0xe6, 0xe1, 0xe1, 0xf6, 0xf6, 0xeb, 0x01, 0xed, 0xd2, 0xc5, 0xcd, 0xb6, 0x73, 0x2d, 0x18, 0x26, 0x35, 0x3e, 0x2e, 0x1c, 0x1f, 0x28, 0x32, 0x28, 0x2e, 0x34, 0x2e, 0x21, 0x28, 0x2c, 0x2e, 0x39, 0x28, 0x2b, 0x3c, 0x35, 0x47, 0x73, 0xbf, 0xc7, 0xda, 0xd6, 0xc7, 0xa3, 0xb3, 0xb3, 0xb3, 0x95, 0x94, 0x90, 0xa6, 0x94, 0x90, 0x83, 0x8a, 0x95, 0x97, 0x7b, 0x81, 0x89, 0x9c, 0x94, 0xab, 0x9e, 0x7c, 0x81, 0x81, 0x97, 0x67, 0x4d, 0x4e, 0x4e, 0x61, 0x4c, 0x60, 0x54, 0x54, 0x3d, 0x54, 0x59, 0x61, 0x4e, 0x3e, 0x7f, 0x0b, 0x0b, 0xdf, 0xdf, 0xdf, 0xde, 0xed, 0x04, 0x04, 0x04, 0x04, 0x04, 0x04, 0x04, 0x04, 0x04, 0x04, 0x04, 0x04, 0x04, 0x04, 0x04, 0x04, 0x04, 0xed, 0x04, 0x04, 0x04, 0x04, 0x04, 0x04, 0x04, 0x04, 0x04, 0x04, 0x04, 0x04, 0x04, 0x04, 0xed, 0x04, 0x04, 0x04, 0x04, 0x04, 0xed, 0xed, 0xed, 0xed, 0xed, 
  0x00, 0x00, 0x00, 0x00, 0x00, 0x00, 0x00, 0x00, 0xf8, 0xf8, 0xf8, 0xf8, 0xf8, 0xf8, 0xf8, 0xf8, 0xf8, 0x00, 0xf8, 0xe5, 0xf8, 0xe5, 0xf8, 0xe5, 0xf8, 0xe5, 0xf8, 0xe5, 0xf8, 0xe5, 0xf8, 0xe5, 0xf4, 0xf4, 0xf4, 0xf4, 0xf4, 0xf4, 0xf4, 0xf4, 0xf4, 0xf4, 0xf4, 0xf4, 0xf4, 0xf4, 0xf4, 0xf4, 0x01, 0xf4, 0x01, 0xf4, 0x01, 0xf4, 0x01, 0xf4, 0x01, 0xf4, 0x01, 0xf4, 0x01, 0xf4, 0x01, 0xf4, 0x01, 0xf4, 0x01, 0xf4, 0x01, 0xf4, 0x01, 0xf4, 0x01, 0xf4, 0x01, 0xf4, 0x01, 0xf4, 0x01, 0xf4, 0x06, 0xf4, 0x06, 0xf4, 0x01, 0x01, 0x01, 0xf4, 0x01, 0xf4, 0x01, 0xe5, 0x01, 0xe5, 0x01, 0xe5, 0xef, 0x00, 0x08, 0xc6, 0xa7, 0x31, 0x0f, 0x1a, 0x19, 0x19, 0x19, 0x19, 0x1a, 0x19, 0x1c, 0x1c, 0x16, 0x1c, 0x1a, 0x19, 0x19, 0x22, 0x22, 0x22, 0x6e, 0x97, 0xa9, 0xb1, 0xcc, 0xd9, 0xd1, 0xfe, 0xeb, 0xf6, 0xe6, 0xd1, 0xf6, 0xd1, 0xf6, 0xd1, 0xeb, 0xd1, 0xf6, 0xf6, 0xf6, 0xe6, 0x01, 0x01, 0x01, 0xf4, 0x01, 0xf4, 0x01, 0xf4, 0x01, 0xf4, 0x01, 0x01, 0x01, 0x01, 0x01, 0x01, 0x01, 0x01, 0x01, 0x01, 0x01, 0x01, 0x01, 0x01, 0x01, 0x01, 0xe1, 0xe1, 0x01, 0xe1, 0x01, 0xe1, 0x01, 0xe1, 0x01, 0xcd, 0x01, 0xe1, 0x01, 0xe6, 0x01, 0x01, 0x02, 0x01, 0xf4, 0x01, 0x02, 0x02, 0xe1, 0xcb, 0xd2, 0xbb, 0xca, 0xca, 0x86, 0x36, 0x17, 0x29, 0x2b, 0x35, 0x26, 0x22, 0x22, 0x28, 0x2f, 0x2e, 0x2e, 0x28, 0x28, 0x26, 0x28, 0x28, 0x2e, 0x2e, 0x37, 0x16, 0x3b, 0x4d, 0x20, 0x58, 0x9d, 0xd6, 0xd6, 0xd8, 0xbc, 0x90, 0xa0, 0xb2, 0xb3, 0x95, 0x9d, 0x95, 0x94, 0x8a, 0x90, 0x85, 0x86, 0x7e, 0x5d, 0x6b, 0x6e, 0x62, 0x83, 0x81, 0x89, 0x8f, 0x87, 0x9c, 0x8f, 0xa8, 0xae, 0x9d, 0x4d, 0x48, 0x4e, 0x55, 0x61, 0x59, 0x7a, 0x60, 0x5d, 0x48, 0x48, 0x59, 0x53, 0x61, 0x31, 0xa9, 0x0b, 0x09, 0xdf, 0xdf, 0xdf, 0x05, 0xed, 0x04, 0x04, 0x04, 0x03, 0x04, 0x03, 0x04, 0x03, 0x04, 0x03, 0x04, 0x04, 0x04, 0x04, 0x04, 0x04, 0x04, 0x04, 0xed, 0x04, 0x04, 0x04, 0x04, 0x04, 0x04, 0x04, 0x04, 0x04, 0x04, 0x04, 0x04, 0x04, 0x04, 0xed, 0x04, 0xed, 0x04, 0xed, 0xed, 0xed, 0xed, 0xed, 0xed, 
  0x00, 0x00, 0x00, 0x00, 0x00, 0x00, 0x00, 0x00, 0x00, 0xf8, 0x00, 0xf8, 0x00, 0xf8, 0x00, 0xf8, 0x00, 0xf8, 0xf8, 0xf8, 0xf8, 0xf8, 0xf8, 0xf8, 0xf8, 0xf8, 0xf8, 0xf8, 0xf8, 0xf8, 0xf8, 0xf8, 0xf4, 0xf4, 0xf4, 0xf4, 0xf4, 0xf4, 0xf4, 0xf4, 0xf4, 0xf4, 0xf4, 0xf4, 0xf4, 0xf4, 0xf4, 0xf4, 0xf4, 0x01, 0xf4, 0x01, 0xf4, 0x01, 0xf4, 0x01, 0xf4, 0x01, 0xf4, 0x01, 0xf4, 0x01, 0xf4, 0x01, 0xf4, 0x01, 0xf4, 0x01, 0xf4, 0x01, 0xf4, 0x01, 0xf4, 0x01, 0xf4, 0x01, 0xf4, 0x01, 0xf4, 0x01, 0xf4, 0x01, 0x01, 0x01, 0x01, 0x01, 0xf4, 0x01, 0xf4, 0x01, 0xf4, 0x01, 0xf4, 0x01, 0xf4, 0x01, 0x00, 0xd1, 0xca, 0xca, 0x69, 0x24, 0x0f, 0x23, 0x19, 0x19, 0x1a, 0x19, 0x16, 0x1c, 0x16, 0x16, 0x14, 0x26, 0x16, 0x13, 0x2c, 0x10, 0x13, 0x5e, 0x8d, 0xa5, 0xb3, 0xb7, 0xd5, 0x08, 0xe1, 0xf6, 0xf6, 0xd1, 0xf6, 0xf6, 0xe6, 0xf6, 0xe6, 0xf6, 0xe1, 0xf6, 0xd1, 0xf6, 0xd1, 0xe1, 0x01, 0xf4, 0xf4, 0x01, 0xf4, 0x01, 0xf4, 0x01, 0xf4, 0x01, 0x01, 0x01, 0x01, 0x01, 0x01, 0x01, 0x01, 0x01, 0x01, 0x01, 0x01, 0x01, 0x01, 0x01, 0x01, 0x01, 0x01, 0x01, 0x01, 0x01, 0x01, 0x01, 0x01, 0x01, 0xe0, 0xe6, 0xe0, 0xe6, 0x01, 0x01, 0xe1, 0x01, 0xf6, 0x00, 0xf8, 0xe2, 0xfe, 0xc2, 0xc9, 0xd5, 0xc6, 0xcc, 0xa0, 0x4b, 0x17, 0x29, 0x29, 0x2b, 0x1d, 0x19, 0x1a, 0x19, 0x2f, 0x37, 0x35, 0x22, 0x28, 0x2e, 0x28, 0x28, 0x28, 0x3e, 0x35, 0x26, 0x29, 0x43, 0x11, 0x20, 0x8e, 0xd6, 0xdc, 0xdc, 0xdc, 0xa6, 0x62, 0x62, 0x7d, 0x97, 0x90, 0x97, 0x90, 0x91, 0x8d, 0x6b, 0x67, 0x65, 0x6a, 0x60, 0x58, 0x54, 0x58, 0x75, 0x97, 0x94, 0x8f, 0xab, 0x92, 0xa6, 0x8f, 0xa3, 0xa9, 0x74, 0x47, 0x51, 0x49, 0x4e, 0x61, 0x4c, 0x72, 0x67, 0x60, 0x59, 0x59, 0x59, 0x61, 0x72, 0x69, 0xdd, 0x0b, 0x0b, 0xdf, 0xdf, 0xf2, 0x05, 0x04, 0x04, 0x04, 0x04, 0x04, 0x04, 0x04, 0x04, 0x04, 0x04, 0x04, 0x04, 0x04, 0x04, 0x04, 0x04, 0x04, 0x04, 0xed, 0x04, 0x04, 0x04, 0x04, 0x04, 0x04, 0x04, 0x04, 0x04, 0x04, 0x04, 0x04, 0x04, 0x04, 0xed, 0x04, 0x04, 0x04, 0x04, 0x04, 0xed, 0xed, 0xed, 0xed, 0xed, 
  0x00, 0x00, 0x00, 0x00, 0x00, 0x00, 0x00, 0x00, 0xf8, 0x00, 0xe5, 0x00, 0xe5, 0x00, 0xe5, 0x00, 0xe5, 0x00, 0xf8, 0xe5, 0xf8, 0xe5, 0xf8, 0xe5, 0xf8, 0xe5, 0xf8, 0xe5, 0xf8, 0xe5, 0xf8, 0xe5, 0xf4, 0xf4, 0xf4, 0xf4, 0xf4, 0xf4, 0xf4, 0xf4, 0xf4, 0xf4, 0xf4, 0xf4, 0xf4, 0xf4, 0xf4, 0xf4, 0x01, 0xf4, 0x01, 0xf4, 0x01, 0xf4, 0x01, 0xf4, 0x01, 0xf4, 0x01, 0xf4, 0x01, 0xf4, 0x01, 0xf4, 0x01, 0xf4, 0x01, 0xf4, 0x01, 0xf4, 0x01, 0xf4, 0x01, 0xf4, 0x01, 0xf4, 0x01, 0xf4, 0x01, 0xf4, 0xf4, 0xc9, 0xf4, 0xc9, 0xf4, 0xf4, 0x01, 0xf8, 0x01, 0xf4, 0x01, 0xf4, 0x01, 0xf4, 0x01, 0xf4, 0x06, 0xcd, 0xca, 0xa0, 0x38, 0x18, 0x23, 0x1a, 0x22, 0x1d, 0x19, 0x1d, 0x19, 0x1c, 0x16, 0x1c, 0x14, 0x26, 0x13, 0x16, 0x25, 0x13, 0x34, 0x7e, 0x9d, 0xb3, 0xc6, 0x07, 0xd7, 0xe6, 0xe0, 0x02, 0xe6, 0xf6, 0xe6, 0xd1, 0xf6, 0xd1, 0xf6, 0xd1, 0xeb, 0xd1, 0xe6, 0xf6, 0xe1, 0xe1, 0x01, 0xf4, 0xf4, 0xf4, 0xf4, 0xf4, 0xf4, 0xf4, 0xf4, 0xf4, 0x01, 0x01, 0x01, 0x01, 0x01, 0x01, 0x01, 0x01, 0x01, 0x01, 0x01, 0x01, 0x01, 0x01, 0x01, 0x01, 0x01, 0x01, 0x01, 0x01, 0x01, 0x01, 0x01, 0x01, 0xe6, 0xe0, 0xe6, 0xe0, 0xe6, 0x01, 0xf0, 0x01, 0xf4, 0xf6, 0xf6, 0xc9, 0xd2, 0xd9, 0xd9, 0xc6, 0xaf, 0x6b, 0x24, 0x12, 0x18, 0x2b, 0x2b, 0x10, 0x28, 0x32, 0x32, 0x2f, 0x2e, 0x2f, 0x2f, 0x1d, 0x28, 0x2e, 0x39, 0x32, 0x2e, 0x2b, 0x23, 0x18, 0x20, 0x2d, 0x81, 0xc0, 0xda, 0xd6, 0xdc, 0xd6, 0xb3, 0xa6, 0x7b, 0x62, 0x6e, 0x90, 0x72, 0x65, 0x49, 0x60, 0x6a, 0x6a, 0x6a, 0x72, 0x60, 0x3c, 0x32, 0x59, 0x4d, 0x55, 0x81, 0x97, 0x90, 0x8f, 0xab, 0xb3, 0xa3, 0xa6, 0xa9, 0x5d, 0x4d, 0x48, 0x51, 0x4e, 0x53, 0x41, 0x61, 0x57, 0x59, 0x51, 0x44, 0x41, 0x51, 0x4d, 0x7f, 0x0a, 0x0b, 0xff, 0xdf, 0xdf, 0xfd, 0xed, 0x03, 0x04, 0x04, 0x04, 0x03, 0x04, 0x03, 0x04, 0x03, 0x04, 0x03, 0x04, 0x04, 0x04, 0x04, 0x04, 0x04, 0x04, 0x04, 0xed, 0x04, 0x04, 0x04, 0x04, 0x04, 0x04, 0x04, 0x04, 0x04, 0x04, 0x04, 0x04, 0x04, 0x04, 0xed, 0x04, 0xed, 0x04, 0xed, 0xed, 0xed, 0xed, 0xed, 0xed, 
  0x00, 0x00, 0x00, 0x00, 0x00, 0x00, 0x00, 0x00, 0x00, 0xf8, 0xf8, 0xf8, 0xf8, 0xf8, 0xf8, 0xf8, 0xf8, 0xf8, 0xf8, 0xf8, 0xf8, 0xf8, 0xf8, 0xf8, 0xf8, 0xf8, 0xf8, 0xf8, 0xf8, 0xf8, 0xf8, 0xf8, 0xf4, 0xf4, 0xf4, 0xf4, 0xf4, 0xf4, 0xf4, 0xf4, 0xf8, 0xf8, 0xf8, 0xf8, 0xf8, 0xf8, 0xf8, 0xf8, 0xf4, 0x01, 0xf4, 0x01, 0xf4, 0x01, 0xf4, 0x01, 0xf4, 0x01, 0xf4, 0x01, 0xf4, 0x01, 0xf4, 0x01, 0xf4, 0x01, 0xf4, 0x01, 0xf4, 0x01, 0xf4, 0x01, 0xf4, 0x01, 0xf4, 0x01, 0xf4, 0x01, 0xf4, 0x01, 0xf4, 0xf4, 0xf4, 0xf4, 0xf4, 0xf4, 0xf4, 0xf4, 0x01, 0x01, 0x01, 0xf4, 0xf4, 0xf4, 0xf4, 0x01, 0xcd, 0xc5, 0xbd, 0x5f, 0x27, 0x18, 0x35, 0x19, 0x22, 0x22, 0x22, 0x1c, 0x19, 0x1c, 0x16, 0x16, 0x1d, 0x14, 0x19, 0x1f, 0x16, 0x21, 0x6a, 0x97, 0xa9, 0xba, 0xcf, 0x08, 0xd2, 0xe1, 0xe6, 0xe7, 0xe6, 0xd1, 0xf6, 0xf6, 0xe6, 0xf6, 0xe6, 0xf6, 0xe6, 0xf6, 0xeb, 0xe1, 0xe1, 0x01, 0x01, 0xf4, 0xf4, 0xf4, 0xf4, 0xf4, 0xf4, 0xf4, 0xf4, 0xf4, 0xf4, 0x01, 0xf4, 0x01, 0xf4, 0x01, 0xf4, 0x01, 0x01, 0x01, 0x01, 0x01, 0x01, 0x01, 0x01, 0x01, 0x01, 0x01, 0x01, 0x01, 0x01, 0x01, 0x01, 0x01, 0xe0, 0xe6, 0x01, 0xe1, 0x01, 0xf0, 0x01, 0xf9, 0xc9, 0xfa, 0xd2, 0xc4, 0xcb, 0xce, 0xb1, 0x7f, 0x24, 0x1a, 0x11, 0x16, 0x37, 0x28, 0x16, 0x32, 0x19, 0x19, 0x1f, 0x22, 0x22, 0x22, 0x26, 0x37, 0x2e, 0x2e, 0x2e, 0x3c, 0x2b, 0x14, 0x29, 0x50, 0x62, 0xa7, 0xd6, 0xdc, 0xdc, 0xdc, 0xba, 0xa4, 0xab, 0xb3, 0x95, 0x65, 0x5d, 0x75, 0x55, 0x3e, 0x4e, 0x61, 0x6a, 0x59, 0x34, 0x37, 0x49, 0x51, 0x48, 0x41, 0x3c, 0x5e, 0x85, 0x90, 0x94, 0xa3, 0xa3, 0xa3, 0xa3, 0x95, 0x90, 0x47, 0x42, 0x4e, 0x51, 0x49, 0x4e, 0x53, 0x53, 0x53, 0x53, 0x46, 0x51, 0x53, 0x55, 0x43, 0xaf, 0x0b, 0x0b, 0xf7, 0xdf, 0xf2, 0xde, 0x04, 0x03, 0x04, 0x04, 0x03, 0x04, 0x04, 0x04, 0x04, 0x04, 0x04, 0x04, 0x04, 0x04, 0x04, 0x04, 0x04, 0x04, 0x04, 0xed, 0x04, 0x04, 0x04, 0x04, 0x04, 0x04, 0x04, 0x04, 0x04, 0x04, 0x04, 0x04, 0x04, 0x04, 0xed, 0x04, 0x04, 0x04, 0x04, 0x04, 0xed, 0xed, 0xed, 0xed, 0xed, 
  0x00, 0x00, 0x00, 0x00, 0x00, 0x00, 0x00, 0x00, 0xf8, 0x00, 0xf8, 0x00, 0xf8, 0x00, 0xf8, 0x00, 0xf8, 0x00, 0xf8, 0xe5, 0xf8, 0xe5, 0xf8, 0xe5, 0xf8, 0xe5, 0xf8, 0xe5, 0xf8, 0xe5, 0xf8, 0xe5, 0xf4, 0xf4, 0xf4, 0xf4, 0xf4, 0xf4, 0xf4, 0xf4, 0xf8, 0xe5, 0xf8, 0xe5, 0xf8, 0xe5, 0xf8, 0xe5, 0x01, 0xf4, 0x01, 0xf4, 0x01, 0xf4, 0x01, 0xf4, 0x01, 0xf4, 0x01, 0xf4, 0x01, 0xf4, 0x01, 0xf4, 0x01, 0xf4, 0x01, 0xf4, 0x01, 0xf4, 0x01, 0xf4, 0x01, 0xf4, 0x01, 0xf4, 0x01, 0xf4, 0x01, 0xf4, 0xf4, 0xe0, 0xf4, 0xf4, 0xf4, 0xf4, 0x01, 0xf4, 0x01, 0xf4, 0x01, 0x01, 0x01, 0x01, 0xf4, 0x01, 0xc4, 0xcc, 0xa7, 0x24, 0x11, 0x3c, 0x26, 0x2b, 0x26, 0x26, 0x26, 0x1d, 0x1c, 0x16, 0x1c, 0x16, 0x2f, 0x0d, 0x19, 0x2c, 0x0d, 0x3a, 0x8a, 0xa1, 0xb3, 0xc1, 0x07, 0xfa, 0x06, 0xe6, 0xe2, 0xe7, 0xe6, 0xf6, 0xe6, 0xd1, 0xf6, 0xd1, 0xf6, 0xd1, 0xf6, 0xd1, 0xe1, 0xe1, 0x01, 0x01, 0xe5, 0x01, 0xe0, 0xf4, 0xf4, 0xf4, 0xf4, 0xf4, 0xf4, 0xf4, 0x01, 0xf4, 0x01, 0xf4, 0x01, 0xf4, 0x01, 0xf4, 0x01, 0x01, 0x01, 0x01, 0x01, 0x01, 0x01, 0x01, 0x01, 0x01, 0x01, 0x01, 0x01, 0x01, 0x01, 0x01, 0xe6, 0x01, 0xe6, 0x01, 0xf0, 0x01, 0xf9, 0x01, 0xfa, 0xc1, 0xcb, 0xd7, 0xc6, 0x8b, 0x4b, 0x17, 0x29, 0x23, 0x28, 0x2b, 0x1f, 0x22, 0x25, 0x1f, 0x2c, 0x25, 0x26, 0x34, 0x32, 0x26, 0x26, 0x26, 0x32, 0x1c, 0x23, 0x3e, 0x2b, 0x20, 0x56, 0x86, 0xd6, 0xd8, 0xdc, 0xdc, 0xb7, 0x9e, 0x98, 0xa8, 0xab, 0xa6, 0x90, 0x50, 0x50, 0x54, 0x3e, 0x51, 0x3a, 0x34, 0x3a, 0x4c, 0x53, 0x51, 0x41, 0x41, 0x4e, 0x39, 0x4e, 0x5e, 0x85, 0x8a, 0x90, 0x94, 0x89, 0x89, 0xa3, 0x95, 0x81, 0x42, 0x37, 0x51, 0x4e, 0x39, 0x49, 0x59, 0x53, 0x57, 0x59, 0x4c, 0x3a, 0x55, 0x2e, 0x62, 0xda, 0x0a, 0xf7, 0x0b, 0xf7, 0xdf, 0x05, 0x04, 0xe8, 0x04, 0x04, 0x04, 0x03, 0x04, 0x03, 0x04, 0x03, 0x04, 0x03, 0x04, 0x04, 0x04, 0x04, 0x04, 0x04, 0x04, 0x04, 0xed, 0x04, 0x04, 0x04, 0x04, 0x04, 0x04, 0x04, 0x04, 0x04, 0x04, 0x04, 0x04, 0x04, 0x04, 0xed, 0x04, 0xed, 0x04, 0xed, 0xed, 0xed, 0xed, 0xed, 0xed, 
  0x00, 0x00, 0x00, 0x00, 0x00, 0x00, 0x00, 0x00, 0x00, 0x00, 0x00, 0x00, 0x00, 0x00, 0x00, 0x00, 0x00, 0xe5, 0x00, 0xf8, 0xf8, 0xf8, 0xf8, 0xf8, 0xf8, 0xf8, 0xf8, 0xf8, 0xf8, 0xf8, 0xf8, 0xf8, 0xf8, 0xf8, 0xf8, 0xf8, 0xf8, 0xf8, 0xf8, 0xf8, 0xf4, 0xf4, 0xf4, 0xf4, 0xf4, 0xf4, 0xf4, 0xf4, 0xf4, 0xf4, 0xf4, 0xf4, 0xf4, 0xf4, 0xf4, 0xf4, 0xf4, 0xf4, 0xf4, 0xf4, 0xf4, 0xf4, 0xf4, 0xf4, 0xf4, 0x01, 0xf4, 0x01, 0xf4, 0x01, 0xf4, 0x01, 0xf4, 0x01, 0xf4, 0x01, 0xf4, 0x01, 0xf4, 0x01, 0x01, 0xf4, 0x01, 0x01, 0xf4, 0x01, 0xf4, 0x01, 0xf4, 0xef, 0x01, 0x01, 0x00, 0xf8, 0x01, 0xe0, 0xd3, 0xba, 0x52, 0x31, 0x27, 0x3c, 0x29, 0x19, 0x54, 0x5e, 0x3d, 0x16, 0x22, 0x16, 0x10, 0x19, 0x19, 0x13, 0x22, 0x19, 0x16, 0x7a, 0x97, 0xb3, 0xbd, 0x07, 0xfa, 0xfa, 0xf0, 0xe6, 0xe6, 0xe7, 0xf6, 0xd1, 0xf6, 0xf6, 0xe6, 0xf6, 0xe6, 0xd1, 0xeb, 0xe1, 0xe1, 0x01, 0x01, 0xf4, 0xf4, 0xf4, 0xf4, 0xf4, 0xf4, 0xf4, 0xf4, 0xf4, 0xf4, 0xf4, 0xf4, 0x01, 0xf4, 0x01, 0xf4, 0x01, 0xf4, 0x01, 0x01, 0x01, 0x01, 0x01, 0x01, 0x01, 0x01, 0x01, 0x01, 0x01, 0xe1, 0xeb, 0xe1, 0xf4, 0xe5, 0xf4, 0xe5, 0xf4, 0xef, 0xf4, 0xf0, 0xe1, 0x06, 0x06, 0xc1, 0xd7, 0xca, 0x99, 0x62, 0x27, 0x24, 0x18, 0x23, 0x23, 0x1d, 0x28, 0x22, 0x28, 0x28, 0x25, 0x1f, 0x25, 0x2c, 0x28, 0x21, 0x34, 0x37, 0x21, 0x26, 0x2b, 0x35, 0x20, 0x27, 0x7b, 0xc3, 0xdc, 0x0a, 0xdc, 0xc4, 0xac, 0xa8, 0x92, 0x87, 0x92, 0xab, 0xa6, 0x89, 0x5d, 0x3d, 0x54, 0x54, 0x37, 0x44, 0x3a, 0x39, 0x44, 0x49, 0x51, 0x49, 0x48, 0x44, 0x37, 0x41, 0x49, 0x75, 0xa1, 0x9d, 0x95, 0x9c, 0x9c, 0xa3, 0x89, 0x5d, 0x55, 0x26, 0x53, 0x48, 0x41, 0x59, 0x48, 0x57, 0x53, 0x61, 0x46, 0x4c, 0x49, 0x50, 0x7f, 0x0b, 0x0b, 0xf7, 0xf7, 0xdf, 0xfd, 0x04, 0x03, 0x04, 0x04, 0x04, 0x04, 0x04, 0x04, 0x04, 0x04, 0x04, 0x04, 0x04, 0x04, 0x04, 0x04, 0x04, 0x04, 0x04, 0x04, 0x04, 0x04, 0x03, 0x04, 0x04, 0x04, 0x04, 0x04, 0x04, 0x04, 0x04, 0x04, 0x04, 0x04, 0x04, 0x04, 0x04, 0x04, 0x04, 0x04, 0x04, 0x04, 0x04, 0x04, 0x04, 0x04, 
  0x00, 0xc2, 0x00, 0xc2, 0x00, 0x00, 0x00, 0x00, 0x00, 0x00, 0x00, 0x00, 0x00, 0x00, 0x00, 0x00, 0xf8, 0xf8, 0xf8, 0x00, 0xf8, 0x00, 0xf8, 0x00, 0xe5, 0xf8, 0xe5, 0xf8, 0xe5, 0xf8, 0xe5, 0xf8, 0xe5, 0xf8, 0xe5, 0xf8, 0xe5, 0xf8, 0xe5, 0xf8, 0xf4, 0xf4, 0xf4, 0xf4, 0xf4, 0xf4, 0xf4, 0xf4, 0xf4, 0xf4, 0xf4, 0xf4, 0xf4, 0xf4, 0xf4, 0xf4, 0xf4, 0xf4, 0xf4, 0xf4, 0xf4, 0xf4, 0xf4, 0xf4, 0x01, 0xf4, 0x01, 0xf4, 0x01, 0xf4, 0x01, 0xf4, 0x01, 0xf4, 0x01, 0xf4, 0x01, 0xf4, 0x01, 0xf4, 0xe0, 0x01, 0xe0, 0xf4, 0x01, 0xf4, 0x01, 0xf4, 0xf4, 0xf5, 0x01, 0xf3, 0xf8, 0x03, 0xc2, 0xcb, 0xcc, 0x8e, 0x31, 0x43, 0x2b, 0x11, 0x22, 0x54, 0x48, 0x60, 0x54, 0x26, 0x1d, 0x1c, 0x19, 0x1c, 0x19, 0x1d, 0x19, 0x13, 0x59, 0x8a, 0xa2, 0xb3, 0xc4, 0x07, 0xfa, 0xfe, 0xfe, 0xe6, 0xe7, 0xe7, 0xe6, 0x02, 0xf6, 0xd1, 0xf6, 0xd1, 0xf6, 0xf6, 0xe1, 0xe1, 0xe1, 0x01, 0x01, 0xe0, 0xf4, 0xf4, 0xf4, 0xf4, 0xf4, 0xf4, 0xf4, 0xf4, 0xf4, 0xf4, 0x01, 0xf4, 0x01, 0xf4, 0x01, 0xf4, 0x01, 0xf4, 0x01, 0xf4, 0x01, 0xf4, 0x01, 0xf4, 0x01, 0xf4, 0xeb, 0x01, 0xf4, 0xf4, 0x01, 0xe1, 0xe1, 0xeb, 0xe8, 0xf5, 0x01, 0x01, 0xf4, 0xc9, 0x06, 0xd3, 0xda, 0xad, 0x73, 0x2d, 0x11, 0x1a, 0x1c, 0x1c, 0x23, 0x1d, 0x26, 0x26, 0x28, 0x25, 0x28, 0x2c, 0x34, 0x2c, 0x19, 0x1f, 0x39, 0x2e, 0x16, 0x2b, 0x23, 0x23, 0x27, 0x65, 0xa9, 0xdc, 0xdc, 0xdc, 0xc3, 0xb7, 0xa8, 0xa4, 0xac, 0xa8, 0x98, 0x9e, 0xa8, 0x95, 0x83, 0x6d, 0x5d, 0x5d, 0x5e, 0x61, 0x39, 0x41, 0x44, 0x44, 0x4c, 0x51, 0x51, 0x51, 0x49, 0x39, 0x49, 0x47, 0x5e, 0x75, 0x81, 0x90, 0xa8, 0xa3, 0xa3, 0x95, 0x3d, 0x33, 0x61, 0x41, 0x61, 0x41, 0x32, 0x53, 0x5e, 0x57, 0x53, 0x46, 0x40, 0x4e, 0x43, 0xaf, 0x0b, 0x0b, 0xf7, 0xf7, 0xdf, 0xfd, 0xe3, 0x03, 0x04, 0x04, 0x04, 0x04, 0x04, 0x03, 0x04, 0x03, 0x04, 0x04, 0x04, 0x04, 0x04, 0x04, 0x04, 0x04, 0x04, 0x03, 0x04, 0x03, 0x04, 0x04, 0x03, 0x04, 0x04, 0x04, 0x04, 0x04, 0x04, 0x04, 0x04, 0x04, 0x04, 0x04, 0x04, 0x04, 0x04, 0xed, 0x04, 0xed, 0x04, 0xed, 0x04, 0xed, 
  0x00, 0x00, 0x00, 0x00, 0x00, 0x00, 0x00, 0x00, 0x00, 0x00, 0x00, 0x00, 0x00, 0x00, 0x00, 0x00, 0x00, 0xf8, 0x00, 0xe5, 0x00, 0xe5, 0x00, 0xe5, 0xf8, 0xf8, 0xf8, 0xf8, 0xf8, 0xf8, 0xf8, 0xf8, 0xf8, 0xf8, 0xf8, 0xf8, 0xf8, 0xf8, 0xf8, 0xf8, 0xf4, 0xf4, 0xf4, 0xf4, 0xf4, 0xf4, 0xf4, 0xf4, 0xf4, 0xf4, 0xf4, 0xf4, 0xf4, 0xf4, 0xf4, 0xf4, 0xf4, 0xf4, 0xf4, 0xf4, 0xf4, 0xf4, 0xf4, 0xf4, 0xf4, 0x01, 0xf4, 0x01, 0xf4, 0x01, 0xf4, 0x01, 0xf4, 0x01, 0xf4, 0x01, 0xf4, 0x01, 0xf4, 0x01, 0xe0, 0x01, 0xf4, 0x01, 0xf4, 0x01, 0xf4, 0x01, 0xef, 0x02, 0x01, 0x00, 0xe0, 0xe8, 0xbe, 0xcd, 0xad, 0x43, 0x11, 0x47, 0x50, 0x3c, 0x48, 0x3d, 0x3d, 0x5e, 0x5d, 0x2f, 0x16, 0x22, 0x1c, 0x19, 0x13, 0x32, 0x19, 0x26, 0x8a, 0x9d, 0xb2, 0xbd, 0xd2, 0xfa, 0xfa, 0xf5, 0xf0, 0xe6, 0xe6, 0xe7, 0xf6, 0xd1, 0xe6, 0xf6, 0xe6, 0xf6, 0xe1, 0xeb, 0xe1, 0xe1, 0x01, 0x01, 0xf4, 0xf4, 0xf4, 0xf4, 0xf4, 0xf4, 0xf4, 0xf4, 0xf4, 0xf4, 0xf4, 0xf4, 0xf4, 0x01, 0xf4, 0x01, 0xf4, 0x01, 0xf4, 0x01, 0xf4, 0x01, 0xf4, 0x01, 0xf4, 0x01, 0xf4, 0x01, 0xe1, 0x01, 0xe5, 0xe5, 0x01, 0xe1, 0xe1, 0x01, 0xee, 0xf8, 0xf4, 0xc9, 0xd2, 0xd2, 0xca, 0xba, 0x7c, 0x52, 0x11, 0x11, 0x2e, 0x31, 0x21, 0x1c, 0x23, 0x26, 0x1d, 0x26, 0x26, 0x26, 0x25, 0x22, 0x25, 0x19, 0x28, 0x37, 0x21, 0x1c, 0x1c, 0x23, 0x31, 0x50, 0x90, 0xd0, 0x0a, 0xdc, 0xd6, 0xcf, 0xb5, 0xa8, 0xa4, 0xa4, 0xac, 0xac, 0xa4, 0xa3, 0xa3, 0x9c, 0x95, 0x95, 0x8d, 0x75, 0x59, 0x48, 0x37, 0x3a, 0x41, 0x49, 0x48, 0x48, 0x51, 0x59, 0x41, 0x3a, 0x5e, 0x60, 0x60, 0x65, 0x7b, 0x9c, 0xa3, 0xab, 0x9c, 0x7b, 0x65, 0x42, 0x48, 0x4c, 0x37, 0x49, 0x42, 0x48, 0x34, 0x59, 0x53, 0x4c, 0x40, 0x54, 0x56, 0xdd, 0x0b, 0xdf, 0xf7, 0xf7, 0xdf, 0x05, 0x03, 0x03, 0x04, 0x03, 0x04, 0x04, 0x04, 0x04, 0x04, 0x04, 0x04, 0x04, 0x04, 0x04, 0x04, 0x04, 0x04, 0x04, 0x04, 0x04, 0x04, 0x04, 0x03, 0x04, 0x04, 0x04, 0x04, 0x04, 0x04, 0x04, 0x04, 0x04, 0x04, 0x04, 0x04, 0x04, 0x04, 0x04, 0xed, 0x04, 0x04, 0x04, 0x04, 0x04, 0x04, 0x04, 
  0x00, 0xc2, 0x00, 0xc2, 0x00, 0x00, 0x00, 0x00, 0x00, 0x00, 0x00, 0x00, 0x00, 0x00, 0x00, 0x00, 0xf8, 0x00, 0xf8, 0xf8, 0xf8, 0xf8, 0xf8, 0xf8, 0xf8, 0xe5, 0xf8, 0xe5, 0xf8, 0xe5, 0xf8, 0xe5, 0xf8, 0xe5, 0xf8, 0xe5, 0xf8, 0xe5, 0xf8, 0xe5, 0xf4, 0xf4, 0xf4, 0xf4, 0xf4, 0xf4, 0xf4, 0xf4, 0xf4, 0xf4, 0xf4, 0xf4, 0xf4, 0xf4, 0xf4, 0xf4, 0xf4, 0xf4, 0xf4, 0xf4, 0xf4, 0xf4, 0xf4, 0xf4, 0xf4, 0xf4, 0xf4, 0xf4, 0xf4, 0xf4, 0xf4, 0xf4, 0xf4, 0xf4, 0xf4, 0xf4, 0xf4, 0xf4, 0xf4, 0xf4, 0xe5, 0xe0, 0xe5, 0xe5, 0xf4, 0xf4, 0xf4, 0xf4, 0xf8, 0xf8, 0x01, 0xe1, 0xe1, 0xbe, 0xe0, 0xca, 0x7f, 0x23, 0x30, 0x47, 0x5e, 0x85, 0x72, 0x54, 0x67, 0x6d, 0x67, 0x3d, 0x1d, 0x1a, 0x19, 0x19, 0x19, 0x28, 0x22, 0x67, 0xa5, 0xb3, 0xc6, 0xc4, 0xd7, 0xfe, 0x02, 0xf9, 0xeb, 0xf6, 0xe7, 0xe6, 0xe6, 0xf6, 0xd1, 0xf6, 0xd1, 0xeb, 0xeb, 0xe1, 0xe1, 0xe1, 0x01, 0x01, 0xe0, 0xf4, 0xf4, 0xf4, 0xf4, 0xf4, 0xf4, 0xf4, 0xf4, 0xf4, 0xf4, 0xf4, 0xf4, 0xf4, 0xf4, 0xf4, 0xf4, 0xf4, 0xf4, 0xf4, 0x01, 0xf4, 0x01, 0xf4, 0x01, 0xf4, 0x01, 0xf4, 0xe5, 0x01, 0xe1, 0x01, 0x01, 0x01, 0xf4, 0x00, 0xc9, 0xd1, 0xd1, 0xcb, 0xcd, 0xc6, 0x8f, 0x56, 0x17, 0x11, 0x1a, 0x35, 0x2e, 0x16, 0x12, 0x28, 0x23, 0x1d, 0x26, 0x26, 0x26, 0x28, 0x28, 0x28, 0x32, 0x1f, 0x2e, 0x26, 0x16, 0x23, 0x3b, 0x31, 0x6e, 0xc3, 0x0a, 0xd6, 0xdc, 0xd0, 0xb0, 0xab, 0xab, 0xa4, 0xb0, 0xab, 0xa4, 0x9c, 0x9c, 0xa3, 0xa3, 0x9d, 0x8f, 0x7d, 0x75, 0x6b, 0x55, 0x2f, 0x39, 0x41, 0x41, 0x41, 0x44, 0x48, 0x48, 0x44, 0x59, 0x49, 0x51, 0x4d, 0x54, 0x62, 0x89, 0xab, 0x9c, 0xab, 0xa6, 0x3d, 0x83, 0x72, 0x2c, 0x53, 0x39, 0x5e, 0x59, 0x54, 0x48, 0x59, 0x4c, 0x40, 0x51, 0x50, 0x7f, 0x0b, 0x0b, 0xf7, 0xf2, 0xdf, 0xf2, 0xed, 0x04, 0x03, 0x04, 0x04, 0x03, 0x04, 0x04, 0x03, 0x04, 0x03, 0x04, 0x04, 0x04, 0x04, 0x04, 0x04, 0x04, 0x04, 0x04, 0x03, 0x04, 0x03, 0x04, 0x04, 0x03, 0x04, 0x04, 0x04, 0x04, 0x04, 0x04, 0x04, 0x04, 0x04, 0x04, 0x04, 0x04, 0x04, 0x04, 0xed, 0x04, 0xed, 0x04, 0xed, 0x04, 0xed, 
  0x00, 0x00, 0x00, 0x00, 0x00, 0x00, 0x00, 0x00, 0x00, 0x00, 0x00, 0x00, 0x00, 0x00, 0x00, 0x00, 0x00, 0xe5, 0x00, 0xf8, 0x00, 0xf8, 0x00, 0xf8, 0xe5, 0xf8, 0xf8, 0xf8, 0xf8, 0xf8, 0xf8, 0xf8, 0xf8, 0xf8, 0xf8, 0xf8, 0xf8, 0xf8, 0xf8, 0xf8, 0xf8, 0xf8, 0xf8, 0xf8, 0xf8, 0xf8, 0xf8, 0xf8, 0xf4, 0xf4, 0xf4, 0xf4, 0xf4, 0xf4, 0xf4, 0xf4, 0xf4, 0xf4, 0xf4, 0xf4, 0xf4, 0xf4, 0xf4, 0xf4, 0xf4, 0xf4, 0xf4, 0xf4, 0xf4, 0xf4, 0xf4, 0xf4, 0xf4, 0xf4, 0xf4, 0xf4, 0xf4, 0xf4, 0xe5, 0x01, 0xe0, 0xe5, 0xf4, 0xe5, 0xf4, 0xf4, 0xf4, 0x01, 0xf4, 0x00, 0xf4, 0xcd, 0xe7, 0xbb, 0xe3, 0xad, 0x38, 0x14, 0x23, 0x2b, 0x2b, 0x7e, 0x67, 0x6b, 0x8d, 0x83, 0x6e, 0x5d, 0x35, 0x19, 0x16, 0x19, 0x10, 0x16, 0x37, 0x8d, 0xb3, 0xc0, 0xcf, 0x07, 0xd1, 0xfe, 0xe1, 0xf6, 0xf6, 0xf6, 0xeb, 0xe6, 0xd1, 0xe6, 0xf6, 0xe1, 0xeb, 0xeb, 0xe1, 0xeb, 0xe1, 0x01, 0x01, 0xf4, 0xf4, 0xf4, 0xf4, 0xf4, 0xf4, 0xf4, 0xf4, 0xf4, 0xf4, 0xf4, 0xf4, 0xf4, 0xf4, 0xf4, 0xf4, 0xf4, 0xf4, 0xf4, 0xf4, 0xf4, 0xf4, 0x01, 0xf4, 0x01, 0xf4, 0x01, 0xf4, 0x01, 0xf8, 0x01, 0xd1, 0x01, 0xe5, 0x01, 0x01, 0xcb, 0xe1, 0xca, 0xd3, 0xcd, 0xa2, 0x62, 0x24, 0x11, 0x29, 0x2b, 0x26, 0x1c, 0x19, 0x16, 0x21, 0x28, 0x26, 0x26, 0x23, 0x26, 0x22, 0x26, 0x28, 0x22, 0x32, 0x35, 0x19, 0x29, 0x3b, 0x17, 0x58, 0xaf, 0xda, 0xd8, 0xdc, 0xd6, 0xb7, 0xa4, 0xa8, 0xb0, 0xa8, 0xa3, 0xb0, 0xac, 0x9c, 0x9c, 0x99, 0xa6, 0x9d, 0x8d, 0x75, 0x65, 0x65, 0x67, 0x5e, 0x42, 0x51, 0x41, 0x41, 0x39, 0x41, 0x41, 0x41, 0x39, 0x34, 0x59, 0x67, 0x75, 0x72, 0x74, 0x81, 0x89, 0xab, 0xa3, 0x9c, 0x65, 0x6b, 0x7e, 0x72, 0x3e, 0x53, 0x32, 0x32, 0x54, 0x72, 0x59, 0x44, 0x4c, 0x51, 0x50, 0xb1, 0x0b, 0xdf, 0xff, 0xdf, 0xdf, 0xfd, 0x04, 0x03, 0x03, 0x04, 0x03, 0x03, 0x04, 0x04, 0x04, 0x04, 0x04, 0x04, 0x04, 0x04, 0x04, 0x04, 0x04, 0x04, 0x04, 0x04, 0x04, 0x04, 0x04, 0x03, 0x04, 0x04, 0x04, 0x04, 0x04, 0x04, 0x04, 0x04, 0x04, 0x04, 0x04, 0x04, 0x04, 0x04, 0x04, 0xed, 0x04, 0x04, 0x04, 0x04, 0x04, 0x04, 0x04, 
  0x00, 0xc2, 0x00, 0xc2, 0x00, 0x00, 0x00, 0x00, 0x00, 0x00, 0x00, 0x00, 0x00, 0x00, 0x00, 0x00, 0xf8, 0xf8, 0xf8, 0x00, 0xe5, 0x00, 0xe5, 0x00, 0xf4, 0xf8, 0xe5, 0xf8, 0xe5, 0xf8, 0xe5, 0xf8, 0xe5, 0xf8, 0xe5, 0xf8, 0xe5, 0xf8, 0xe5, 0xf8, 0xe5, 0xf8, 0xe5, 0xf8, 0xe5, 0xf8, 0xe5, 0xf8, 0xf4, 0xf4, 0xf4, 0xf4, 0xf4, 0xf4, 0xf4, 0xf4, 0xf4, 0xf4, 0xf4, 0xf4, 0xf4, 0xf4, 0xf4, 0xf4, 0xf4, 0xf4, 0xf4, 0xf4, 0xf4, 0xf4, 0xf4, 0xf4, 0xf4, 0xf4, 0xf4, 0xf4, 0xf4, 0xf4, 0xf4, 0xf4, 0xe5, 0xe0, 0xe5, 0x01, 0xe5, 0xf4, 0xf4, 0xf4, 0x01, 0xeb, 0xe0, 0xc2, 0xcd, 0xe0, 0xca, 0x76, 0x4b, 0x2b, 0x2f, 0x5e, 0x5e, 0x78, 0x54, 0x78, 0x83, 0x6d, 0x5d, 0x47, 0x2f, 0x14, 0x16, 0x19, 0x10, 0x25, 0x55, 0xa5, 0xb6, 0xc8, 0xd2, 0xd2, 0xf9, 0x06, 0x01, 0xe6, 0xd1, 0xf6, 0xeb, 0xeb, 0xeb, 0xf6, 0xe1, 0xd1, 0xe1, 0xeb, 0xe1, 0xe1, 0x01, 0x01, 0xf4, 0xf4, 0xf4, 0xf4, 0xf4, 0xf4, 0xf4, 0xf4, 0xf4, 0xf4, 0xf4, 0xf4, 0xf4, 0xf4, 0xf4, 0xf4, 0xf4, 0xf4, 0xf4, 0xf4, 0xf4, 0xf4, 0x01, 0xf4, 0x01, 0xf4, 0x01, 0xf4, 0x01, 0xf4, 0xf4, 0xeb, 0xe1, 0xe5, 0x00, 0xe1, 0xf6, 0xd1, 0xc5, 0xd3, 0xb6, 0x6f, 0x2d, 0x24, 0x35, 0x16, 0x1c, 0x1c, 0x1f, 0x19, 0x28, 0x32, 0x2e, 0x19, 0x23, 0x23, 0x26, 0x23, 0x26, 0x26, 0x22, 0x26, 0x1a, 0x0d, 0x33, 0x33, 0x30, 0x94, 0xdc, 0xd6, 0xd8, 0x0a, 0xc8, 0xa8, 0xab, 0xa8, 0xa4, 0xb3, 0xa8, 0xa4, 0xa8, 0xa6, 0x9c, 0x9d, 0x90, 0x9d, 0x9d, 0x83, 0x6e, 0x6b, 0x67, 0x5e, 0x51, 0x51, 0x54, 0x49, 0x41, 0x39, 0x44, 0x44, 0x41, 0x34, 0x51, 0x60, 0x61, 0x60, 0x65, 0x7b, 0x9d, 0xab, 0xab, 0xa6, 0x74, 0x7d, 0x3d, 0x6a, 0x80, 0x3a, 0x59, 0x59, 0x5d, 0x59, 0x74, 0x59, 0x49, 0x51, 0x42, 0x62, 0xdc, 0x0a, 0xf7, 0xf7, 0xdf, 0xe4, 0xed, 0x03, 0x03, 0x04, 0x03, 0x04, 0x03, 0x04, 0x04, 0x03, 0x04, 0x03, 0x04, 0x04, 0x04, 0x04, 0x04, 0x04, 0x04, 0x04, 0x04, 0x03, 0x04, 0x03, 0x04, 0x04, 0x03, 0x04, 0x04, 0x04, 0x04, 0x04, 0x04, 0x04, 0x04, 0x04, 0x04, 0x04, 0x04, 0x04, 0x04, 0xed, 0x04, 0xed, 0x04, 0xed, 0x04, 0xed, 
  0x00, 0x00, 0x00, 0x00, 0x00, 0x00, 0x00, 0x00, 0x00, 0x00, 0x00, 0x00, 0x00, 0x00, 0x00, 0x00, 0x00, 0xf8, 0x00, 0xf8, 0xf8, 0xf8, 0xf8, 0xf8, 0xf8, 0xf8, 0xf8, 0xf8, 0xf8, 0xf8, 0xf8, 0xf8, 0xf8, 0xf8, 0xf8, 0xf8, 0xf8, 0xf8, 0xf8, 0xf8, 0xf8, 0xf8, 0xf8, 0xf8, 0xf8, 0xf8, 0xf8, 0xf8, 0xf4, 0xf4, 0xf4, 0xf4, 0xf4, 0xf4, 0xf4, 0xf4, 0xf4, 0xf4, 0xf4, 0xf4, 0xf4, 0xf4, 0xf4, 0xf4, 0xf8, 0xf8, 0xf8, 0xf8, 0xf8, 0xf8, 0xf8, 0xf8, 0xf8, 0xf8, 0xf8, 0xf8, 0xf8, 0xf8, 0xf8, 0xe5, 0xe5, 0xe5, 0xe5, 0xe5, 0xe5, 0xf4, 0xf8, 0xf8, 0xf4, 0xd1, 0xe0, 0xbe, 0xe0, 0xcd, 0x8b, 0x3f, 0x4d, 0x14, 0x19, 0x54, 0x59, 0x5e, 0x2f, 0x47, 0x5d, 0x33, 0x1b, 0x1b, 0x14, 0x14, 0x22, 0x10, 0x21, 0x4c, 0x7e, 0xa2, 0xbc, 0xd2, 0x07, 0xf9, 0xd1, 0x01, 0xe6, 0xd1, 0xe6, 0xe1, 0xe1, 0xf5, 0xd1, 0xe1, 0xeb, 0xeb, 0xeb, 0xe1, 0xe1, 0xe1, 0xf4, 0x01, 0xf4, 0xf4, 0xf4, 0xf4, 0xf4, 0x01, 0xf4, 0xf4, 0xf4, 0xf4, 0xf4, 0xf4, 0xf4, 0xf4, 0xf8, 0xe0, 0xf8, 0xe0, 0xf8, 0xe0, 0xf8, 0xe0, 0xf4, 0x01, 0xf4, 0x01, 0xf4, 0x01, 0xf4, 0x01, 0x01, 0xe1, 0x01, 0xf8, 0x01, 0xe1, 0x01, 0xbe, 0xd3, 0x87, 0x31, 0x24, 0x31, 0x12, 0x0f, 0x21, 0x28, 0x2c, 0x28, 0x19, 0x13, 0x16, 0x1d, 0x1c, 0x26, 0x21, 0x21, 0x21, 0x26, 0x21, 0x26, 0x26, 0x42, 0x33, 0x11, 0x74, 0xd0, 0xdc, 0xc8, 0x0a, 0xcc, 0xa4, 0x9e, 0xb0, 0xb0, 0xa8, 0xa8, 0xa4, 0xb0, 0xab, 0xa3, 0x95, 0x94, 0x89, 0x6e, 0x7b, 0x85, 0x75, 0x60, 0x4d, 0x47, 0x35, 0x42, 0x4d, 0x49, 0x48, 0x41, 0x39, 0x41, 0x41, 0x41, 0x41, 0x28, 0x51, 0x47, 0x60, 0x75, 0x83, 0xa6, 0xab, 0xa6, 0xa6, 0x4b, 0x6d, 0x5d, 0x49, 0x72, 0x4c, 0x72, 0x91, 0x83, 0x65, 0x59, 0x54, 0x49, 0x41, 0x48, 0x86, 0x0b, 0x0b, 0xf7, 0xf7, 0xe4, 0xe4, 0x04, 0x03, 0xe8, 0x04, 0x04, 0x03, 0x03, 0x04, 0x04, 0x04, 0x04, 0x04, 0x04, 0x04, 0x04, 0x04, 0x04, 0x04, 0x04, 0x04, 0x04, 0x04, 0x04, 0x04, 0x03, 0x04, 0x04, 0x04, 0x04, 0x04, 0x04, 0x04, 0x04, 0x04, 0x04, 0x04, 0x04, 0x04, 0x04, 0x04, 0xed, 0x04, 0x04, 0x04, 0x04, 0x04, 0x04, 0x04, 
  0x00, 0xc2, 0x00, 0xc2, 0x00, 0x00, 0x00, 0x00, 0x00, 0x00, 0x00, 0x00, 0x00, 0x00, 0x00, 0x00, 0xf8, 0x00, 0xe5, 0x00, 0xf8, 0x00, 0xf8, 0x00, 0xe5, 0xf8, 0xe5, 0xf8, 0xe5, 0xf8, 0xe5, 0xf8, 0xe5, 0xf8, 0xe5, 0xf8, 0xe5, 0xf8, 0xe5, 0xf8, 0xe5, 0xf8, 0xe5, 0xf8, 0xe5, 0xf8, 0xe5, 0xf8, 0xf4, 0xf4, 0xf4, 0xf4, 0xf4, 0xf4, 0xf4, 0xf4, 0xf4, 0xf4, 0xf4, 0xf4, 0xf4, 0xf4, 0xf4, 0xf4, 0xf8, 0xe5, 0xf8, 0xe5, 0xf8, 0xe5, 0xf8, 0xe5, 0xf8, 0xe5, 0xf8, 0xe5, 0xf8, 0xe5, 0xf8, 0xe5, 0xe0, 0xe5, 0xe0, 0xe5, 0xf8, 0xef, 0xf8, 0xef, 0x00, 0x01, 0xc5, 0xcd, 0xc5, 0xbd, 0x3f, 0x24, 0x31, 0x21, 0x33, 0x1d, 0x13, 0x1b, 0x2f, 0x1b, 0x2f, 0x14, 0x1b, 0x1b, 0x0d, 0x1b, 0x26, 0x13, 0x21, 0x68, 0x91, 0x94, 0xc6, 0xd9, 0x06, 0xfa, 0xd1, 0xd1, 0xcd, 0xe7, 0xe6, 0xf4, 0xe1, 0x02, 0xeb, 0xeb, 0xe1, 0xeb, 0xe1, 0xe1, 0xe1, 0xe1, 0x01, 0xf4, 0xf4, 0xf4, 0xe5, 0xf4, 0xf4, 0x01, 0xf8, 0xf4, 0xf4, 0xf4, 0xf4, 0xe0, 0xe5, 0xe0, 0xe5, 0xe5, 0xe5, 0xf8, 0xf8, 0xf8, 0xf8, 0xf4, 0xf4, 0xe0, 0x01, 0xe0, 0x01, 0xf4, 0x01, 0xf4, 0xf8, 0xc9, 0x01, 0xcb, 0xd2, 0xcd, 0xbe, 0xad, 0x3f, 0x27, 0x17, 0x12, 0x23, 0x23, 0x21, 0x21, 0x19, 0x19, 0x19, 0x1f, 0x22, 0x22, 0x26, 0x26, 0x26, 0x21, 0x2b, 0x1c, 0x2b, 0x1c, 0x29, 0x20, 0x11, 0x6d, 0xaf, 0xd6, 0xd6, 0xd6, 0xc3, 0xa3, 0x98, 0xa3, 0xab, 0xa8, 0xa3, 0xa8, 0xab, 0xa4, 0xa6, 0xa8, 0x9c, 0x8f, 0x81, 0x67, 0x3b, 0x54, 0x3c, 0x55, 0x5e, 0x4d, 0x41, 0x4d, 0x49, 0x32, 0x41, 0x39, 0x39, 0x39, 0x39, 0x39, 0x44, 0x49, 0x59, 0x60, 0x54, 0x74, 0x89, 0x95, 0xa6, 0xa6, 0xab, 0x8f, 0x3d, 0x54, 0x72, 0x48, 0x61, 0x4c, 0x53, 0x72, 0x5d, 0x3d, 0x3d, 0x54, 0x41, 0x55, 0x50, 0xa7, 0x0b, 0x0b, 0xfd, 0xf7, 0xe4, 0xe4, 0xe9, 0xe8, 0x03, 0x03, 0x04, 0xe8, 0x03, 0x04, 0x03, 0x04, 0x03, 0x04, 0x04, 0x04, 0x04, 0x04, 0x04, 0x04, 0x04, 0x04, 0x04, 0x03, 0x04, 0x03, 0x04, 0x04, 0x03, 0x04, 0x04, 0x04, 0x04, 0x04, 0x04, 0x04, 0x04, 0x04, 0x04, 0x04, 0x04, 0x04, 0x04, 0xed, 0x04, 0xed, 0x04, 0xed, 0x04, 0xed, 
  0x00, 0x00, 0x00, 0x00, 0x00, 0x00, 0x00, 0x00, 0x00, 0x00, 0x00, 0x00, 0x00, 0x00, 0x00, 0x00, 0x00, 0x00, 0x00, 0x00, 0x00, 0xe5, 0x00, 0xf8, 0xf8, 0xf8, 0xf8, 0xf8, 0xf8, 0xf8, 0xf8, 0xf8, 0xf8, 0xf8, 0xf8, 0xf8, 0xf8, 0xf8, 0xf8, 0xf8, 0xf8, 0xf8, 0xf8, 0xf8, 0xf8, 0xf8, 0xf8, 0xe5, 0xf8, 0xf8, 0xf8, 0xf8, 0xf8, 0xf8, 0xf8, 0xf8, 0xf4, 0xf4, 0xf4, 0xf4, 0xf4, 0xf4, 0xf4, 0xf4, 0xf4, 0xf4, 0xf4, 0xf4, 0xf4, 0xf4, 0xf4, 0xf4, 0xf4, 0xf4, 0xf4, 0xf4, 0xf4, 0xf4, 0xf4, 0xf4, 0xc9, 0xc9, 0xc9, 0xf4, 0xf4, 0xf4, 0xef, 0xf4, 0xf8, 0xf6, 0xc5, 0xca, 0xcc, 0x7c, 0x0c, 0x31, 0x12, 0x1c, 0x18, 0x30, 0x1b, 0x13, 0x13, 0x25, 0x22, 0x16, 0x12, 0x11, 0x1a, 0x1a, 0x1b, 0x19, 0x61, 0x91, 0xa1, 0xa7, 0x07, 0xcb, 0xfa, 0x01, 0xfe, 0xe1, 0xeb, 0xcd, 0xe6, 0xe6, 0xf5, 0xf0, 0xeb, 0xf6, 0xf6, 0xf6, 0xeb, 0xe1, 0x01, 0xf8, 0xf8, 0xe5, 0xf8, 0xf8, 0xf8, 0xf8, 0xf8, 0xf8, 0xf4, 0xf4, 0xf4, 0xe5, 0xf4, 0xe5, 0xe0, 0xe0, 0xe0, 0xe0, 0xe0, 0xf4, 0xf4, 0xef, 0xf4, 0xef, 0xc2, 0xe6, 0xe7, 0xee, 0xc2, 0xf1, 0x02, 0xf3, 0xc9, 0xd2, 0xca, 0xbd, 0xcc, 0xb1, 0x69, 0x2d, 0x27, 0x1a, 0x1a, 0x23, 0x19, 0x16, 0x19, 0x21, 0x19, 0x21, 0x13, 0x13, 0x26, 0x32, 0x1d, 0x22, 0x21, 0x21, 0x1c, 0x1c, 0x29, 0x27, 0x17, 0x45, 0x9d, 0xc3, 0xd8, 0xd6, 0xbf, 0x90, 0x6d, 0x65, 0x81, 0x8f, 0x94, 0x95, 0x95, 0x9c, 0x8f, 0x81, 0x6d, 0x7d, 0x90, 0x78, 0x47, 0x42, 0x55, 0x3e, 0x34, 0x53, 0x59, 0x49, 0x37, 0x2f, 0x37, 0x41, 0x41, 0x34, 0x3e, 0x44, 0x32, 0x59, 0x32, 0x41, 0x55, 0x60, 0x6e, 0x89, 0x9c, 0xa6, 0xa4, 0xa6, 0xa3, 0x6b, 0x3d, 0x51, 0x67, 0x44, 0x41, 0x48, 0x78, 0x6b, 0x3d, 0x47, 0x54, 0x6e, 0x6b, 0x5c, 0x56, 0xdd, 0x0b, 0xdf, 0xf7, 0xf2, 0xdf, 0xea, 0x03, 0x04, 0x03, 0x04, 0x03, 0x04, 0x03, 0x03, 0x03, 0x04, 0x03, 0x04, 0x03, 0x04, 0x04, 0x04, 0x04, 0x04, 0x04, 0x04, 0x03, 0x04, 0x03, 0x04, 0x03, 0x04, 0x04, 0x04, 0x03, 0x04, 0x04, 0x04, 0x04, 0x04, 0x04, 0x04, 0x04, 0x04, 0x04, 0x04, 0x04, 0x04, 0x04, 0x04, 0x04, 0x04, 0x04, 0x04, 
  0x00, 0xc2, 0x00, 0xc2, 0x00, 0xc2, 0x00, 0xc2, 0x00, 0xc2, 0x00, 0xc2, 0x00, 0x00, 0x00, 0x00, 0x00, 0x00, 0x00, 0x00, 0x00, 0x00, 0xf8, 0x00, 0xf8, 0x00, 0xf8, 0x00, 0xf8, 0x00, 0xf8, 0x00, 0xf8, 0x00, 0xf8, 0xe5, 0xf8, 0xe5, 0xf8, 0xe5, 0xf8, 0xe5, 0xf8, 0xe5, 0xf8, 0xe5, 0xf8, 0xf8, 0xe5, 0xf8, 0xe5, 0xf8, 0xe5, 0xf8, 0xe5, 0xf8, 0xf4, 0xf4, 0xf4, 0xf4, 0xf4, 0xf4, 0xf4, 0xf4, 0xf4, 0xf4, 0xf4, 0xf4, 0xf4, 0xf4, 0xf4, 0xf4, 0xf4, 0xf4, 0xf4, 0xf4, 0xf4, 0xf4, 0xf4, 0xf4, 0xcb, 0xcb, 0xc9, 0xf4, 0xf4, 0xef, 0xf0, 0xef, 0xf4, 0xc2, 0xc5, 0xcc, 0xa7, 0x3b, 0x1c, 0x12, 0x12, 0x21, 0x11, 0x30, 0x0d, 0x1b, 0x53, 0x13, 0x10, 0x12, 0x1c, 0x18, 0x1c, 0x11, 0x13, 0x1d, 0x8c, 0x96, 0xa5, 0xc0, 0xd8, 0xfa, 0xfe, 0xfa, 0xf0, 0xd1, 0xe1, 0xe6, 0xe1, 0xe6, 0xf0, 0xeb, 0xeb, 0xeb, 0xf6, 0xf6, 0xe1, 0x01, 0x01, 0xe5, 0xf8, 0xf8, 0xe5, 0xf8, 0xe5, 0xf8, 0xe5, 0xf8, 0xf4, 0xef, 0xf4, 0xe5, 0xe0, 0xe0, 0xe0, 0xe0, 0xe0, 0xe0, 0xe5, 0xf4, 0xf4, 0x01, 0xef, 0x01, 0xe7, 0xe5, 0xc2, 0xee, 0xe6, 0xbe, 0xbe, 0xe8, 0xd2, 0xbb, 0xc6, 0xc6, 0x86, 0x31, 0x11, 0x18, 0x23, 0x26, 0x1d, 0x13, 0x13, 0x26, 0x28, 0x19, 0x28, 0x28, 0x28, 0x21, 0x22, 0x0f, 0x10, 0x32, 0x16, 0x34, 0x2b, 0x35, 0x18, 0x24, 0x86, 0xc8, 0xd8, 0x0a, 0xd0, 0x94, 0x6e, 0x6e, 0x6b, 0x67, 0x6d, 0x90, 0xa6, 0x90, 0x83, 0x83, 0x81, 0x6d, 0x6e, 0x83, 0x78, 0x67, 0x5e, 0x51, 0x32, 0x44, 0x34, 0x40, 0x49, 0x41, 0x32, 0x32, 0x37, 0x32, 0x37, 0x34, 0x4c, 0x51, 0x41, 0x49, 0x48, 0x51, 0x42, 0x42, 0x74, 0x8f, 0x8f, 0x9e, 0xab, 0xa3, 0xa1, 0x43, 0x3e, 0x4e, 0x49, 0x41, 0x48, 0x54, 0x5d, 0x83, 0x54, 0x65, 0x88, 0x90, 0x73, 0x45, 0x82, 0x0a, 0xdf, 0xdf, 0xf7, 0xdf, 0xe4, 0xe9, 0x03, 0x03, 0x03, 0x03, 0x03, 0x03, 0x03, 0x04, 0x03, 0x03, 0x03, 0x04, 0x04, 0x04, 0x03, 0x04, 0x03, 0x04, 0x03, 0x04, 0x04, 0x03, 0x03, 0x03, 0x04, 0x04, 0x03, 0x04, 0x04, 0x04, 0x03, 0x04, 0x03, 0x04, 0x03, 0x04, 0x04, 0x04, 0x04, 0x04, 0x04, 0x04, 0x04, 0x04, 0x04, 0x04, 0xed, 0x04, 
  0x00, 0x00, 0x00, 0x00, 0x00, 0x00, 0x00, 0x00, 0x00, 0x00, 0x00, 0x00, 0x00, 0x00, 0x00, 0x00, 0x00, 0x00, 0x00, 0x00, 0x00, 0xf8, 0x00, 0xe5, 0x00, 0xe5, 0x00, 0xe5, 0x00, 0xe5, 0x00, 0xe5, 0x00, 0xf8, 0xf8, 0xf8, 0xf8, 0xf8, 0xf8, 0xf8, 0xf8, 0xf8, 0xf8, 0xf8, 0xf8, 0xf8, 0xf8, 0xe5, 0xf8, 0xf8, 0xf8, 0xf8, 0xf8, 0xf8, 0xf8, 0xf8, 0xf4, 0xf4, 0xf4, 0xf4, 0xf4, 0xf4, 0xf4, 0xf4, 0xf4, 0xf4, 0xf4, 0xf4, 0xf4, 0xf4, 0xf4, 0xf4, 0xf4, 0xf4, 0xf4, 0xf4, 0xf4, 0xf4, 0xf4, 0xc9, 0xe0, 0xc9, 0xf4, 0xf4, 0xef, 0xf4, 0xef, 0xf4, 0xe1, 0xbe, 0xc5, 0xcc, 0x69, 0x11, 0x23, 0x12, 0x12, 0x12, 0x0d, 0x30, 0x1b, 0x48, 0x83, 0x1f, 0x21, 0x21, 0x3e, 0x4d, 0x35, 0x1d, 0x25, 0x44, 0x8c, 0x85, 0x97, 0xc8, 0xcd, 0xfe, 0xf3, 0xf1, 0xfe, 0xe1, 0xd1, 0xcd, 0xe6, 0xeb, 0xeb, 0xf0, 0xeb, 0xeb, 0xeb, 0xeb, 0xe1, 0x01, 0x01, 0xf8, 0xf8, 0xe5, 0xf8, 0xf8, 0xf8, 0xf8, 0xf8, 0xf4, 0xf4, 0xf4, 0xe0, 0xf4, 0xe5, 0xe0, 0xe0, 0xe0, 0xe0, 0xe5, 0xe0, 0xe5, 0xf4, 0xf4, 0xf4, 0xe5, 0xee, 0xf3, 0xe7, 0xe7, 0xee, 0xf6, 0xe2, 0xbb, 0xc4, 0xcc, 0x99, 0x38, 0x0e, 0x11, 0x12, 0x16, 0x1a, 0x1d, 0x1d, 0x26, 0x26, 0x2e, 0x1f, 0x16, 0x21, 0x19, 0x10, 0x19, 0x2e, 0x26, 0x16, 0x19, 0x26, 0x16, 0x23, 0x20, 0x7b, 0xbc, 0xd4, 0x0a, 0xd6, 0xba, 0x8f, 0x65, 0x62, 0x6d, 0x78, 0x83, 0x7d, 0x83, 0x7d, 0x7d, 0x78, 0x74, 0x67, 0x5d, 0x74, 0x78, 0x72, 0x75, 0x7a, 0x5e, 0x32, 0x41, 0x2c, 0x34, 0x34, 0x32, 0x39, 0x3d, 0x39, 0x32, 0x39, 0x39, 0x51, 0x59, 0x48, 0x41, 0x55, 0x47, 0x72, 0x78, 0x90, 0x9c, 0x98, 0x9c, 0xa8, 0x9c, 0x89, 0x29, 0x3e, 0x41, 0x51, 0x53, 0x54, 0x67, 0x8d, 0xa6, 0x6b, 0x72, 0x97, 0xa5, 0xa2, 0x73, 0xb5, 0x0b, 0x0b, 0xf7, 0xdf, 0xdf, 0x05, 0xe2, 0x03, 0x04, 0x03, 0x04, 0x03, 0x04, 0x03, 0x03, 0x03, 0x04, 0x03, 0x04, 0x03, 0x04, 0x04, 0x04, 0x04, 0x04, 0x04, 0x04, 0x03, 0x04, 0x03, 0x04, 0x03, 0x04, 0x04, 0x04, 0x03, 0x04, 0x04, 0x04, 0x04, 0x04, 0x04, 0x04, 0x04, 0x04, 0x04, 0x04, 0x04, 0x04, 0x04, 0x04, 0x04, 0xed, 0x04, 0x04, 
  0x00, 0xc2, 0x00, 0xc2, 0x00, 0xc2, 0x00, 0xc2, 0x00, 0xc2, 0x00, 0xc2, 0x00, 0x00, 0x00, 0x00, 0x00, 0x00, 0x00, 0x00, 0x00, 0xf8, 0xf8, 0xf8, 0xf8, 0xf8, 0xf8, 0xf8, 0xf8, 0xf8, 0xf8, 0xf8, 0xf8, 0x00, 0xf8, 0xe5, 0xf8, 0xe5, 0xf8, 0xe5, 0xf8, 0xe5, 0xf8, 0xe5, 0xf8, 0xe5, 0xf8, 0xf8, 0xe5, 0xf8, 0xe5, 0xf8, 0xe5, 0xf8, 0xe5, 0xf8, 0xf4, 0xf4, 0xf4, 0xf4, 0xf4, 0xf4, 0xf4, 0xf4, 0xf4, 0xf4, 0xf4, 0xf4, 0xf4, 0xf4, 0xf4, 0xf4, 0xf4, 0xf4, 0xf4, 0xf4, 0xf4, 0xf4, 0xf4, 0xf4, 0xf4, 0xc9, 0xf4, 0xf4, 0xf4, 0xef, 0xf4, 0xf4, 0xe1, 0xbe, 0xcc, 0xa0, 0x0e, 0x29, 0x0f, 0x21, 0x1c, 0x12, 0x16, 0x26, 0x1b, 0x5d, 0x7e, 0x28, 0x21, 0x40, 0x69, 0x6a, 0x5e, 0x32, 0x4c, 0x68, 0x8d, 0x7a, 0xa7, 0xd4, 0xcb, 0xfa, 0x01, 0xfa, 0xf5, 0xfe, 0xe1, 0xd1, 0xe1, 0xeb, 0xeb, 0xf0, 0xf6, 0xe1, 0xeb, 0xe1, 0x01, 0x01, 0xf4, 0xf8, 0xe5, 0xf8, 0xe5, 0xf8, 0xe5, 0xf8, 0xe5, 0xf8, 0xe0, 0xe5, 0xe0, 0xe0, 0xe0, 0xe0, 0xe0, 0xe5, 0xe0, 0xe0, 0xf4, 0xe0, 0xf4, 0xe5, 0xe5, 0xf4, 0xe5, 0xe7, 0xf3, 0xc2, 0xec, 0xcb, 0xbe, 0xd4, 0xac, 0x64, 0x15, 0x27, 0x18, 0x12, 0x23, 0x1c, 0x23, 0x14, 0x2f, 0x55, 0x59, 0x2f, 0x16, 0x19, 0x1c, 0x2e, 0x1c, 0x10, 0x10, 0x1c, 0x23, 0x2e, 0x11, 0x33, 0x4b, 0x9d, 0xdc, 0xdc, 0x0a, 0xc8, 0xb7, 0x92, 0x76, 0x7b, 0x81, 0x78, 0x74, 0x78, 0x8a, 0x6b, 0x5d, 0x60, 0x6d, 0x67, 0x5d, 0x5d, 0x54, 0x47, 0x6a, 0x78, 0x5e, 0x39, 0x2e, 0x19, 0x34, 0x34, 0x34, 0x39, 0x41, 0x41, 0x41, 0x37, 0x49, 0x39, 0x41, 0x49, 0x49, 0x2f, 0x67, 0x54, 0x78, 0x94, 0x9d, 0x98, 0xa6, 0xa3, 0x9c, 0xa6, 0x6b, 0x5e, 0x59, 0x49, 0x72, 0x6a, 0x5e, 0x78, 0x8d, 0x95, 0x83, 0x95, 0x8d, 0x94, 0xa2, 0x7f, 0xdd, 0x0a, 0xdf, 0xdf, 0xdf, 0xdf, 0xea, 0x02, 0xea, 0x03, 0x03, 0x03, 0x03, 0x03, 0x03, 0x04, 0x03, 0x03, 0x03, 0x04, 0x04, 0x04, 0x03, 0x04, 0x03, 0x04, 0x03, 0x04, 0x04, 0x03, 0x03, 0x03, 0x04, 0x04, 0x03, 0x04, 0x04, 0x04, 0x03, 0x04, 0x03, 0x04, 0x03, 0x04, 0x04, 0x04, 0x04, 0x04, 0x04, 0x04, 0x04, 0x04, 0x04, 0x04, 0xed, 0x04, 
  0x00, 0x00, 0x00, 0x00, 0x00, 0x00, 0x00, 0x00, 0x00, 0x00, 0x00, 0x00, 0x00, 0x00, 0x00, 0x00, 0x00, 0x00, 0x00, 0x00, 0x00, 0xf8, 0x00, 0xf8, 0x00, 0xf8, 0x00, 0xf8, 0x00, 0xf8, 0x00, 0xf8, 0x00, 0xf8, 0xf8, 0xf8, 0xf8, 0xf8, 0xf8, 0xf8, 0xf8, 0xf8, 0xf8, 0xf8, 0xf8, 0xf8, 0xf8, 0xe5, 0xf8, 0xf8, 0xf8, 0xf8, 0xf8, 0xf8, 0xf8, 0xe5, 0xf8, 0xf8, 0xf8, 0xf8, 0xf8, 0xf8, 0xf8, 0xf8, 0xf8, 0xf8, 0xf8, 0xf8, 0xf8, 0xf8, 0xf8, 0xf8, 0xf8, 0xf8, 0xf8, 0xf8, 0xf8, 0xf8, 0xf8, 0xf8, 0xe5, 0xe5, 0xe5, 0xef, 0xf8, 0xf4, 0xf8, 0xc9, 0xcb, 0xc5, 0xc0, 0x3f, 0x17, 0x1a, 0x16, 0x1c, 0x1c, 0x16, 0x21, 0x13, 0x14, 0x47, 0x50, 0x1a, 0x1c, 0x40, 0x6a, 0x72, 0x67, 0x44, 0x68, 0x79, 0x88, 0x8d, 0xc7, 0xd4, 0xcd, 0x02, 0xfb, 0xf5, 0xe1, 0xfe, 0xfe, 0xcd, 0xd1, 0xe1, 0xeb, 0xeb, 0xeb, 0xe1, 0xe1, 0x01, 0x01, 0x01, 0xf4, 0xe5, 0xf8, 0xf8, 0xf8, 0xf8, 0xf8, 0xf8, 0xf4, 0xe5, 0xe5, 0xe0, 0xe0, 0xf8, 0xe0, 0xe5, 0xe5, 0xe0, 0xe5, 0xe5, 0xe5, 0xe0, 0xe5, 0xe0, 0xe5, 0xe0, 0x01, 0xf8, 0xf4, 0xc5, 0xbe, 0xd5, 0xb6, 0x76, 0x2d, 0x11, 0x27, 0x1c, 0x0d, 0x1c, 0x2c, 0x0c, 0x26, 0x1d, 0x42, 0x67, 0x60, 0x32, 0x16, 0x26, 0x16, 0x26, 0x28, 0x2b, 0x2b, 0x16, 0x0f, 0x11, 0x43, 0x89, 0xd6, 0xd8, 0xdc, 0x0a, 0xb7, 0xac, 0xa4, 0xa8, 0xa3, 0x89, 0x7d, 0x7b, 0x72, 0x60, 0x72, 0x72, 0x60, 0x51, 0x42, 0x54, 0x5e, 0x5e, 0x51, 0x48, 0x5e, 0x61, 0x41, 0x37, 0x49, 0x39, 0x34, 0x34, 0x39, 0x41, 0x37, 0x3d, 0x37, 0x39, 0x41, 0x41, 0x39, 0x39, 0x41, 0x32, 0x72, 0x6e, 0x89, 0x9d, 0x9c, 0x9c, 0xa6, 0xa8, 0x9c, 0x95, 0x33, 0x58, 0x34, 0x19, 0x53, 0x3d, 0x48, 0x47, 0x65, 0x74, 0x8d, 0xa9, 0x90, 0x8a, 0x87, 0xa3, 0x0b, 0x0a, 0xdf, 0xf7, 0xdf, 0xf2, 0xec, 0xe9, 0x03, 0x04, 0x03, 0x04, 0x03, 0x04, 0x03, 0x03, 0x03, 0x04, 0x03, 0x04, 0x03, 0x04, 0x04, 0x04, 0x04, 0x04, 0x04, 0x04, 0x03, 0x04, 0x03, 0x04, 0x03, 0x04, 0x04, 0x04, 0x03, 0x04, 0x04, 0x04, 0x04, 0x04, 0x04, 0x04, 0x04, 0x04, 0x04, 0x04, 0x04, 0x04, 0x04, 0x04, 0x04, 0xed, 0x04, 0x04, 
  0x00, 0xc2, 0x00, 0xc2, 0x00, 0xc2, 0x00, 0xc2, 0x00, 0xc2, 0x00, 0xc2, 0x00, 0x00, 0x00, 0x00, 0x00, 0x00, 0x00, 0x00, 0x00, 0xf8, 0xf8, 0x00, 0xe5, 0x00, 0xe5, 0x00, 0xe5, 0x00, 0xe5, 0x00, 0xe5, 0x00, 0xf8, 0xe5, 0xf8, 0xe5, 0xf8, 0xe5, 0xf8, 0xe5, 0xf8, 0xe5, 0xf8, 0xe5, 0xf8, 0xf8, 0xe5, 0xf8, 0xe5, 0xf8, 0xe5, 0xf8, 0xe5, 0xf8, 0xe5, 0xf8, 0xe5, 0xf8, 0xe5, 0xf8, 0xe5, 0xf8, 0xe5, 0xf8, 0xe5, 0xf8, 0xe5, 0xf8, 0xe5, 0xf8, 0xe5, 0xf8, 0xe5, 0xf8, 0xe5, 0xf8, 0xe5, 0xf4, 0xe5, 0xe5, 0xe5, 0xf4, 0xe5, 0xf8, 0xf8, 0xe0, 0xc5, 0xcc, 0x8b, 0x0e, 0x20, 0x16, 0x23, 0x10, 0x1a, 0x16, 0x21, 0x10, 0x19, 0x33, 0x0d, 0x18, 0x16, 0x3e, 0x61, 0x6e, 0x61, 0x57, 0x68, 0x84, 0x80, 0xa2, 0xd8, 0xca, 0xc9, 0x01, 0xf1, 0xf3, 0xf9, 0xfe, 0xd1, 0x06, 0xd1, 0xfe, 0xfe, 0xeb, 0xe1, 0xe1, 0x01, 0x01, 0x01, 0xf8, 0xe5, 0xf8, 0xe5, 0xf8, 0xe5, 0xf8, 0xe5, 0xf8, 0xf8, 0xe5, 0xe0, 0xe0, 0xe0, 0xe0, 0xe5, 0xf8, 0xe5, 0xf8, 0xf4, 0xe5, 0xe5, 0xe5, 0xe0, 0xe5, 0xe0, 0xe0, 0xcb, 0x06, 0xca, 0xd2, 0xca, 0x8b, 0x3f, 0x24, 0x0e, 0x31, 0x1c, 0x16, 0x26, 0x12, 0x10, 0x34, 0x19, 0x2f, 0x47, 0x42, 0x35, 0x26, 0x1d, 0x16, 0x1a, 0x16, 0x18, 0x23, 0x1a, 0x11, 0x31, 0x6e, 0xb6, 0xd6, 0xdc, 0x0a, 0xd6, 0xa4, 0xa4, 0xa8, 0x98, 0xa8, 0xa6, 0x8f, 0x81, 0x83, 0x78, 0x5d, 0x51, 0x54, 0x51, 0x47, 0x2e, 0x2f, 0x41, 0x59, 0x1d, 0x41, 0x32, 0x26, 0x41, 0x39, 0x1f, 0x28, 0x34, 0x34, 0x39, 0x41, 0x37, 0x32, 0x32, 0x37, 0x2e, 0x41, 0x44, 0x41, 0x42, 0x48, 0x78, 0x97, 0xa6, 0x95, 0xa8, 0xab, 0x9c, 0xab, 0xa3, 0x75, 0x43, 0x51, 0x3e, 0x41, 0x37, 0x37, 0x78, 0x5d, 0x6d, 0x74, 0x7b, 0x90, 0xa9, 0xa3, 0x8e, 0xd4, 0x0b, 0xff, 0xdf, 0xdf, 0xdf, 0x05, 0xe8, 0xea, 0x03, 0x03, 0x03, 0x03, 0x03, 0x03, 0x03, 0x04, 0x03, 0x03, 0x03, 0x04, 0x04, 0x04, 0x03, 0x04, 0x03, 0x04, 0x03, 0x04, 0x04, 0x03, 0x03, 0x03, 0x04, 0x04, 0x03, 0x04, 0x04, 0x04, 0x03, 0x04, 0x03, 0x04, 0x03, 0x04, 0x04, 0x04, 0x04, 0x04, 0x04, 0x04, 0x04, 0x04, 0x04, 0x04, 0xed, 0x04, 
  0x00, 0x00, 0x00, 0x00, 0x00, 0x00, 0x00, 0x00, 0x00, 0x00, 0x00, 0x00, 0x00, 0x00, 0x00, 0x00, 0x00, 0x00, 0x00, 0x00, 0x00, 0xf8, 0x00, 0xf8, 0xf8, 0xf8, 0xf8, 0xf8, 0xf8, 0xf8, 0xf8, 0xf8, 0xf8, 0xf8, 0xf8, 0xf8, 0xf8, 0xf8, 0xf8, 0xf8, 0xf8, 0xf8, 0xf8, 0xf8, 0xf8, 0xf8, 0xf8, 0xe5, 0xf8, 0xf8, 0xf8, 0xf8, 0xf8, 0xf8, 0xf8, 0xf8, 0xf8, 0xf8, 0xf8, 0xf8, 0xf8, 0xf8, 0xf8, 0xf8, 0xf8, 0xf8, 0xf8, 0xf8, 0xf8, 0xf8, 0xf8, 0xf8, 0xf8, 0xf8, 0xf8, 0xf8, 0xf8, 0xf8, 0xf4, 0xe5, 0xef, 0xe5, 0xef, 0xe5, 0xf4, 0xc9, 0xc9, 0xca, 0xca, 0xad, 0x38, 0x27, 0x16, 0x1a, 0x1f, 0x19, 0x19, 0x16, 0x19, 0x13, 0x23, 0x26, 0x11, 0x20, 0x1c, 0x2b, 0x47, 0x59, 0x60, 0x68, 0x70, 0x84, 0x91, 0xc0, 0xd5, 0xca, 0xe1, 0xf0, 0xfb, 0xf0, 0xf5, 0xfe, 0x07, 0xd1, 0x06, 0xd1, 0xe1, 0xfe, 0xe1, 0xe1, 0x01, 0x01, 0xf4, 0xe5, 0xf8, 0xf8, 0xf8, 0xf8, 0xf8, 0xf8, 0xf8, 0xf8, 0xf4, 0xc9, 0xe5, 0xe0, 0xe5, 0xe5, 0xf8, 0xf8, 0xf4, 0xef, 0xf4, 0xf8, 0xe5, 0xe5, 0xe0, 0xe0, 0xe0, 0xe0, 0xc1, 0xca, 0xca, 0x99, 0x52, 0x0e, 0x17, 0x27, 0x3c, 0x12, 0x2b, 0x4e, 0x3e, 0x34, 0x39, 0x16, 0x13, 0x26, 0x26, 0x19, 0x0f, 0x16, 0x1a, 0x11, 0x14, 0x29, 0x29, 0x0e, 0x15, 0x58, 0x9d, 0xda, 0x0a, 0x0a, 0xdc, 0xb5, 0x9e, 0xa4, 0x98, 0xa4, 0xa8, 0x98, 0x9c, 0x95, 0x8f, 0x7e, 0x6d, 0x48, 0x42, 0x21, 0x19, 0x39, 0x39, 0x28, 0x28, 0x48, 0x28, 0x48, 0x39, 0x39, 0x59, 0x4e, 0x2c, 0x39, 0x34, 0x34, 0x39, 0x41, 0x37, 0x2f, 0x2f, 0x37, 0x28, 0x41, 0x41, 0x39, 0x54, 0x67, 0x7d, 0xa5, 0x98, 0x89, 0x9e, 0xab, 0x98, 0xab, 0xa5, 0x5d, 0x47, 0x32, 0x40, 0x3e, 0x32, 0x54, 0x83, 0x74, 0x74, 0x7b, 0x5d, 0x74, 0xa3, 0xa2, 0x98, 0xdc, 0x0b, 0x0b, 0xdf, 0xff, 0xdf, 0x03, 0xe8, 0x04, 0x03, 0x04, 0x03, 0x04, 0x03, 0x04, 0x03, 0x03, 0x03, 0x04, 0x03, 0x04, 0x03, 0x04, 0x04, 0x04, 0x04, 0x04, 0x04, 0x04, 0x03, 0x04, 0x03, 0x04, 0x03, 0x04, 0x04, 0x04, 0x03, 0x04, 0x04, 0x04, 0x04, 0x04, 0x04, 0x04, 0x04, 0x04, 0x04, 0x04, 0x04, 0x04, 0x04, 0x04, 0x04, 0xed, 0x04, 0x04, 
  0x00, 0xc2, 0x00, 0xc2, 0x00, 0xc2, 0x00, 0xc2, 0x00, 0xc2, 0x00, 0xc2, 0x00, 0x00, 0x00, 0x00, 0x00, 0x00, 0x00, 0x00, 0x00, 0xf8, 0xf8, 0x00, 0xf8, 0x00, 0xf8, 0x00, 0xf8, 0x00, 0xf8, 0x00, 0xf8, 0x00, 0xf8, 0xe5, 0xf8, 0xe5, 0xf8, 0xe5, 0xf8, 0xe5, 0xf8, 0xe5, 0xf8, 0xe5, 0xf8, 0xf8, 0xe5, 0xf8, 0xe5, 0xf8, 0xe5, 0xf8, 0xe5, 0xf8, 0xe5, 0xf8, 0xe5, 0xf8, 0xe5, 0xf8, 0xe5, 0xf8, 0xe5, 0xf8, 0xe5, 0xf8, 0xe5, 0xf8, 0xe5, 0xf8, 0xe5, 0xf8, 0xe5, 0xf8, 0xe5, 0xf8, 0xf8, 0xf4, 0xe5, 0xef, 0xe5, 0xe5, 0xe5, 0xc9, 0xe0, 0xc6, 0xcc, 0x6f, 0x0e, 0x20, 0x16, 0x10, 0x16, 0x1f, 0x1d, 0x22, 0x13, 0x21, 0x19, 0x11, 0x23, 0x14, 0x18, 0x1c, 0x26, 0x3a, 0x57, 0x68, 0x79, 0x79, 0xa5, 0xda, 0xca, 0xcd, 0xe6, 0xeb, 0xef, 0xf5, 0xfe, 0xfe, 0xfe, 0x07, 0xd1, 0x06, 0xd1, 0xe1, 0xe1, 0x01, 0x01, 0x01, 0xf8, 0xf4, 0xf8, 0xe5, 0xf8, 0xe5, 0xf8, 0xe5, 0xf8, 0xe5, 0xf8, 0xe5, 0xe0, 0xe5, 0xe0, 0xf8, 0xf4, 0xef, 0xef, 0xf4, 0xef, 0xf8, 0xf8, 0xc9, 0xe0, 0xe0, 0xc5, 0xca, 0xd3, 0xab, 0x6f, 0x15, 0x0e, 0x18, 0x18, 0x12, 0x23, 0x49, 0x2e, 0x1f, 0x32, 0x28, 0x19, 0x41, 0x28, 0x16, 0x16, 0x19, 0x16, 0x14, 0x14, 0x23, 0x17, 0x27, 0x17, 0x36, 0x8e, 0xd0, 0x0a, 0xdc, 0xdc, 0xc0, 0xa4, 0x98, 0x9e, 0x9e, 0x9e, 0x9e, 0x9e, 0x98, 0x9c, 0xa6, 0x8d, 0x7d, 0x6e, 0x59, 0x3c, 0x44, 0x3e, 0x2e, 0x21, 0x37, 0x37, 0x28, 0x39, 0x19, 0x2e, 0x39, 0x1f, 0x22, 0x44, 0x34, 0x39, 0x2c, 0x37, 0x39, 0x42, 0x32, 0x32, 0x37, 0x37, 0x41, 0x28, 0x37, 0x60, 0x7e, 0x78, 0xa6, 0x9c, 0x9e, 0xa8, 0xa8, 0xa6, 0xab, 0x8d, 0x43, 0x41, 0x39, 0x41, 0x39, 0x51, 0x60, 0x78, 0x83, 0x81, 0x89, 0x65, 0x5f, 0x69, 0x7c, 0xa8, 0xdf, 0x0b, 0xdf, 0xdf, 0xde, 0xdf, 0xe8, 0x04, 0xe8, 0x03, 0x03, 0x03, 0x03, 0x03, 0x03, 0x03, 0x04, 0x03, 0x03, 0x03, 0x04, 0x04, 0x04, 0x03, 0x04, 0x03, 0x04, 0x03, 0x04, 0x04, 0x03, 0x03, 0x03, 0x04, 0x04, 0x03, 0x04, 0x04, 0x04, 0x03, 0x04, 0x03, 0x04, 0x03, 0x04, 0x04, 0x04, 0x04, 0x04, 0x04, 0x04, 0x04, 0x04, 0x04, 0x04, 0xed, 0x04, 
  0xc2, 0xee, 0xc2, 0x00, 0x00, 0x00, 0x00, 0x00, 0x00, 0x00, 0x00, 0x00, 0x00, 0x00, 0x00, 0x00, 0x00, 0x00, 0x00, 0x00, 0x00, 0x00, 0x00, 0x00, 0x00, 0x00, 0x00, 0xe5, 0x00, 0xe5, 0xf8, 0xe5, 0x00, 0xe5, 0x00, 0xf8, 0xf8, 0xf8, 0xf8, 0xf8, 0xf4, 0xf4, 0xf4, 0xf4, 0xf4, 0xf4, 0xf4, 0xf4, 0xf8, 0xf8, 0xf8, 0xf8, 0xf8, 0xf8, 0xf8, 0xf8, 0xf8, 0xf8, 0xf8, 0xf8, 0xf8, 0xf8, 0xf8, 0xf8, 0xf8, 0xf8, 0xf8, 0xf8, 0xf8, 0xf8, 0xf8, 0xf8, 0xf8, 0xf8, 0xf8, 0xf8, 0xf8, 0xe5, 0xf8, 0xe5, 0xee, 0xef, 0xe6, 0xc2, 0x00, 0xca, 0xc5, 0xcc, 0x99, 0x38, 0x0c, 0x35, 0x1a, 0x13, 0x28, 0x13, 0x19, 0x19, 0x19, 0x16, 0x16, 0x16, 0x12, 0x16, 0x18, 0x14, 0x26, 0x2c, 0x5a, 0x71, 0x77, 0x84, 0xcc, 0xcd, 0xcd, 0x01, 0xe1, 0xf0, 0xeb, 0xf0, 0xf5, 0x06, 0xfe, 0xfe, 0xfe, 0xd1, 0xe1, 0xeb, 0xe1, 0x01, 0xe5, 0xf8, 0x00, 0xf8, 0xf8, 0xf4, 0xf8, 0xf8, 0xf8, 0xf8, 0xf8, 0xf8, 0xf8, 0xf8, 0xe5, 0xc2, 0xee, 0x01, 0xf8, 0xf3, 0xef, 0xfa, 0x00, 0xf3, 0xc9, 0xe1, 0xcd, 0xca, 0xc5, 0xb6, 0x7c, 0x38, 0x0e, 0x18, 0x18, 0x1a, 0x1c, 0x16, 0x16, 0x28, 0x19, 0x19, 0x37, 0x26, 0x1d, 0x2f, 0x2e, 0x2c, 0x1c, 0x16, 0x1c, 0x1a, 0x18, 0x20, 0x27, 0x27, 0x6d, 0xba, 0x0a, 0xdc, 0xd6, 0xdc, 0xac, 0xa8, 0x9e, 0x9e, 0x9e, 0x9f, 0x9e, 0x9e, 0x9e, 0x9c, 0xa3, 0x90, 0x7b, 0x67, 0x54, 0x35, 0x39, 0x67, 0x6a, 0x55, 0x3e, 0x2e, 0x21, 0x2e, 0x28, 0x39, 0x2c, 0x28, 0x34, 0x39, 0x32, 0x39, 0x1f, 0x39, 0x41, 0x41, 0x37, 0x37, 0x41, 0x41, 0x41, 0x61, 0x37, 0x41, 0x35, 0x67, 0x8a, 0x94, 0x8f, 0x9e, 0xa8, 0x9c, 0xa8, 0xae, 0x62, 0x47, 0x37, 0x44, 0x39, 0x39, 0x42, 0x6e, 0x83, 0x83, 0x9d, 0x8f, 0x89, 0x52, 0x64, 0x8b, 0x07, 0x0b, 0x0b, 0xdf, 0xdf, 0xf2, 0x05, 0xe8, 0xe8, 0x03, 0x03, 0x03, 0x03, 0x03, 0x03, 0x04, 0x03, 0x03, 0x03, 0x03, 0x04, 0x03, 0x03, 0x03, 0x04, 0x04, 0x04, 0x04, 0x04, 0x03, 0x03, 0x04, 0x04, 0x04, 0x03, 0x03, 0x03, 0x04, 0x03, 0x04, 0x04, 0x04, 0x04, 0x04, 0x04, 0x04, 0x04, 0x04, 0x04, 0x04, 0x04, 0x04, 0x04, 0x04, 0x04, 0x04, 0x04, 0x04, 
  0xc2, 0xc2, 0xf3, 0x00, 0xc2, 0x00, 0xc2, 0x00, 0xc2, 0x00, 0xc2, 0x00, 0x00, 0x00, 0x00, 0x00, 0x00, 0x00, 0x00, 0x00, 0x00, 0x00, 0x00, 0x00, 0x00, 0x00, 0xf8, 0xf8, 0xf8, 0xf8, 0xf8, 0xf8, 0xf8, 0xf8, 0xf8, 0x00, 0xf8, 0x00, 0xf8, 0x00, 0xf8, 0xf8, 0xf8, 0xf8, 0xf8, 0xf8, 0xf8, 0xf8, 0xe5, 0xf8, 0xe5, 0xf8, 0xe5, 0xf8, 0xe5, 0xf8, 0xe5, 0xf8, 0xe5, 0xf8, 0xe5, 0xf8, 0xe5, 0xf8, 0xe5, 0xf8, 0xe5, 0xf8, 0xe5, 0xf8, 0xe5, 0xf8, 0xe5, 0xf8, 0xe5, 0xf8, 0xe5, 0xf8, 0xf4, 0xf8, 0xf4, 0xf0, 0xbe, 0xec, 0xbe, 0xcd, 0xcc, 0xba, 0x5c, 0x20, 0x18, 0x23, 0x0d, 0x19, 0x2e, 0x13, 0x19, 0x13, 0x1b, 0x16, 0x16, 0x12, 0x1c, 0x16, 0x18, 0x1b, 0x19, 0x3a, 0x71, 0x79, 0x71, 0xb4, 0xd0, 0xca, 0xe6, 0xe1, 0xe6, 0xf0, 0xf0, 0xe1, 0xe1, 0xf9, 0xfe, 0x07, 0xfe, 0x06, 0xf6, 0xe1, 0xe1, 0x01, 0xf4, 0xf8, 0x00, 0xf8, 0xe5, 0xf4, 0xf8, 0x00, 0xf8, 0x00, 0xf8, 0x00, 0xf8, 0x00, 0xe1, 0x01, 0x01, 0x01, 0xfa, 0xf5, 0xc9, 0xbb, 0xf9, 0x08, 0x06, 0xbb, 0xbb, 0xca, 0x99, 0x36, 0x24, 0x0d, 0x14, 0x2b, 0x16, 0x16, 0x1c, 0x10, 0x10, 0x28, 0x1c, 0x19, 0x13, 0x13, 0x0d, 0x1d, 0x1c, 0x10, 0x1c, 0x2e, 0x12, 0x0f, 0x18, 0x17, 0x4b, 0xa8, 0x0a, 0xdc, 0xdc, 0x0a, 0x07, 0x92, 0xa8, 0xa4, 0x9f, 0x9e, 0x9f, 0xa4, 0x9f, 0x9f, 0xa3, 0x9f, 0x95, 0x89, 0x6b, 0x5d, 0x50, 0x2f, 0x4d, 0x72, 0x72, 0x4e, 0x2e, 0x49, 0x48, 0x37, 0x2e, 0x39, 0x37, 0x28, 0x37, 0x39, 0x32, 0x2c, 0x37, 0x34, 0x37, 0x39, 0x42, 0x41, 0x2f, 0x28, 0x32, 0x41, 0x37, 0x54, 0x48, 0x50, 0x6d, 0x83, 0x8f, 0x9e, 0x9e, 0xa3, 0xa3, 0x9d, 0x50, 0x39, 0x41, 0x49, 0x37, 0x39, 0x51, 0x83, 0x8d, 0x89, 0xa1, 0xa3, 0x9d, 0x9c, 0xa8, 0x98, 0xdd, 0xdf, 0x0b, 0xdf, 0xdf, 0xdf, 0xed, 0x03, 0xec, 0x03, 0x03, 0x03, 0x03, 0x03, 0x03, 0x03, 0x03, 0x04, 0xe8, 0x03, 0x03, 0x03, 0x04, 0x03, 0x04, 0x03, 0x04, 0x03, 0x03, 0x04, 0x03, 0x03, 0x04, 0x03, 0x04, 0x03, 0x04, 0x03, 0x04, 0x04, 0x03, 0x04, 0x03, 0x04, 0x03, 0x04, 0x04, 0x04, 0x04, 0x04, 0x04, 0x04, 0x04, 0x04, 0x04, 0x04, 0x04, 0x04, 
  0xc2, 0xee, 0xc2, 0x00, 0x00, 0x00, 0x00, 0x00, 0x00, 0x00, 0x00, 0x00, 0x00, 0x00, 0x00, 0x00, 0x00, 0x00, 0x00, 0x00, 0x00, 0x00, 0x00, 0x00, 0x00, 0x00, 0x00, 0xf8, 0x00, 0xe5, 0xf8, 0xe5, 0x00, 0xf8, 0x00, 0xe5, 0x00, 0xe5, 0x00, 0xe5, 0xf8, 0xe5, 0xf8, 0xe5, 0xf8, 0xe5, 0xf8, 0xe5, 0xf8, 0xf8, 0xf8, 0xf8, 0xf8, 0xf8, 0xf8, 0xf8, 0xf8, 0xf8, 0xf8, 0xf8, 0xf8, 0xf8, 0xf8, 0xf8, 0xf8, 0xf8, 0xf8, 0xf8, 0xf8, 0xf8, 0xf8, 0xf8, 0xf8, 0xf8, 0xf8, 0xf8, 0xf8, 0xf8, 0xf8, 0xe5, 0xf0, 0xee, 0xc2, 0x00, 0xcd, 0xc6, 0xd4, 0x86, 0x17, 0x20, 0x2b, 0x1d, 0x10, 0x19, 0x28, 0x0d, 0x19, 0x1d, 0x14, 0x1d, 0x12, 0x1c, 0x12, 0x16, 0x14, 0x22, 0x13, 0x71, 0x79, 0x71, 0x88, 0xd6, 0xce, 0xcd, 0xe1, 0xe6, 0x01, 0xe6, 0xe6, 0xf0, 0xfe, 0x06, 0xfe, 0xfe, 0xfe, 0xd1, 0xe1, 0xe1, 0x01, 0xf4, 0xe5, 0xf8, 0x00, 0xf8, 0xf8, 0xf8, 0x00, 0xe5, 0x00, 0xe5, 0x00, 0xe5, 0x00, 0xe5, 0xf3, 0xef, 0x01, 0xf3, 0xf3, 0xc2, 0xf9, 0x02, 0xc1, 0xbb, 0xce, 0xda, 0xb1, 0x6f, 0x52, 0x45, 0x35, 0x23, 0x23, 0x26, 0x21, 0x2e, 0x2c, 0x10, 0x10, 0x10, 0x19, 0x1d, 0x2f, 0x33, 0x3d, 0x23, 0x2b, 0x1c, 0x0f, 0x12, 0x31, 0x17, 0x4b, 0x8e, 0xd6, 0xdc, 0x0a, 0x0a, 0xc4, 0xa4, 0xa4, 0xb0, 0x9f, 0xa4, 0x9e, 0x9f, 0x9e, 0x9e, 0xa3, 0x9f, 0x9c, 0x9c, 0x94, 0x89, 0x74, 0x6d, 0x65, 0x54, 0x33, 0x4d, 0x5e, 0x58, 0x3b, 0x23, 0x23, 0x1c, 0x2e, 0x32, 0x37, 0x37, 0x32, 0x37, 0x32, 0x2e, 0x41, 0x34, 0x32, 0x41, 0x42, 0x37, 0x41, 0x48, 0x41, 0x44, 0x59, 0x3d, 0x2f, 0x3d, 0x5d, 0x74, 0x8f, 0xa4, 0x9c, 0xab, 0xa6, 0x8a, 0x3d, 0x42, 0x34, 0x41, 0x39, 0x48, 0x47, 0x72, 0x90, 0x97, 0x9d, 0xa5, 0x94, 0x7f, 0x87, 0xa4, 0x0b, 0x0b, 0xdf, 0xdf, 0xdf, 0xde, 0x04, 0xe8, 0xe8, 0xe8, 0x03, 0x03, 0x03, 0x03, 0xe8, 0x04, 0x03, 0x03, 0x03, 0xe8, 0x04, 0x03, 0x03, 0x03, 0x04, 0x04, 0x04, 0x04, 0x03, 0x03, 0x04, 0x03, 0x04, 0x04, 0x03, 0x03, 0x03, 0x04, 0x03, 0x04, 0x04, 0x04, 0x04, 0x04, 0x04, 0x04, 0x04, 0x04, 0x04, 0x04, 0x04, 0x04, 0x04, 0x04, 0x04, 0x04, 0x04, 0x04, 
  0xc2, 0xc2, 0xf3, 0x00, 0xc2, 0x00, 0xc2, 0x00, 0xc2, 0x00, 0xc2, 0x00, 0x00, 0x00, 0x00, 0x00, 0x00, 0x00, 0x00, 0x00, 0x00, 0x00, 0x00, 0x00, 0x00, 0x00, 0xf8, 0x00, 0xf8, 0xf8, 0xf8, 0xf8, 0xe5, 0x00, 0xf8, 0xf8, 0xf8, 0xf8, 0xf8, 0xf8, 0xf8, 0xf8, 0xf8, 0xf8, 0xf8, 0xf8, 0xf8, 0xf8, 0xe5, 0xf8, 0xe5, 0xf8, 0xe5, 0xf8, 0xe5, 0xf8, 0xe5, 0xf8, 0xe5, 0xf8, 0xe5, 0xf8, 0xe5, 0xf8, 0xe5, 0xf8, 0xe5, 0xf8, 0xe5, 0xf8, 0xe5, 0xf8, 0xe5, 0xf8, 0xe5, 0xf8, 0xe5, 0xf8, 0xe5, 0xf4, 0xf3, 0xef, 0x01, 0xb5, 0xd2, 0xbd, 0xaf, 0x45, 0x29, 0x23, 0x1a, 0x16, 0x22, 0x19, 0x16, 0x13, 0x19, 0x13, 0x1b, 0x14, 0x1a, 0x12, 0x19, 0x16, 0x19, 0x22, 0x46, 0x9a, 0x71, 0x71, 0xb9, 0xc7, 0xce, 0xe1, 0xe1, 0xe6, 0xe6, 0xe6, 0x01, 0xe6, 0xe1, 0xfe, 0xfe, 0x06, 0xfe, 0xe1, 0xe1, 0x01, 0x01, 0xf4, 0xf8, 0xf8, 0xf8, 0x00, 0xe5, 0xf8, 0xe5, 0x00, 0xf8, 0xf8, 0xf8, 0xf8, 0xf8, 0x00, 0xf5, 0x00, 0xf3, 0x01, 0xf4, 0xc2, 0xc1, 0xc5, 0xce, 0xce, 0xb1, 0x76, 0x3f, 0x5c, 0x65, 0x56, 0x5e, 0x48, 0x21, 0x16, 0x19, 0x21, 0x23, 0x10, 0x22, 0x16, 0x1a, 0x1d, 0x14, 0x29, 0x33, 0x14, 0x12, 0x18, 0x31, 0x27, 0x0e, 0x73, 0xbc, 0xdc, 0x0b, 0xdc, 0xc8, 0xa4, 0x9e, 0xab, 0xb0, 0xa8, 0xa4, 0x9f, 0xa4, 0x9f, 0x9f, 0x9e, 0x9e, 0x9e, 0x94, 0x98, 0x95, 0x98, 0x8d, 0x89, 0x83, 0x74, 0x73, 0x62, 0x65, 0x6b, 0x50, 0x35, 0x47, 0x54, 0x2b, 0x2e, 0x37, 0x37, 0x32, 0x32, 0x41, 0x39, 0x39, 0x37, 0x37, 0x41, 0x37, 0x37, 0x55, 0x72, 0x72, 0x6a, 0x7a, 0x51, 0x54, 0x5d, 0x75, 0x89, 0x89, 0xa4, 0x98, 0xab, 0xa2, 0x74, 0x37, 0x48, 0x39, 0x32, 0x39, 0x5e, 0x48, 0x60, 0x7e, 0x9b, 0x97, 0x73, 0x95, 0xa7, 0x9e, 0xd9, 0x0b, 0xff, 0xdf, 0xdf, 0xdf, 0x05, 0x04, 0x03, 0xec, 0xfb, 0x03, 0x03, 0x03, 0x03, 0x03, 0x03, 0x03, 0x04, 0xe8, 0x03, 0x03, 0x03, 0x04, 0x03, 0x04, 0x03, 0x04, 0x03, 0x04, 0x03, 0x03, 0x03, 0x03, 0x04, 0x03, 0x04, 0x03, 0x04, 0x04, 0x04, 0x03, 0x04, 0x03, 0x04, 0x03, 0x04, 0x04, 0x04, 0x04, 0x04, 0x04, 0x04, 0x04, 0x04, 0x04, 0x04, 0x04, 0x04, 
  0xc2, 0xee, 0xc2, 0x00, 0x00, 0x00, 0x00, 0x00, 0x00, 0x00, 0x00, 0x00, 0x00, 0x00, 0x00, 0x00, 0x00, 0x00, 0x00, 0x00, 0x00, 0x00, 0x00, 0x00, 0x00, 0x00, 0x00, 0xe5, 0x00, 0xf8, 0xe5, 0xf8, 0xf8, 0xf8, 0x00, 0xf8, 0x00, 0xf8, 0x00, 0xe5, 0xf8, 0xe5, 0xf8, 0xe5, 0xf8, 0xe5, 0xf8, 0xe5, 0xf8, 0xf8, 0xf8, 0xf8, 0xf8, 0xf8, 0xf8, 0xf8, 0xf8, 0xf8, 0xf8, 0xf8, 0xf8, 0xf8, 0xf8, 0xf8, 0xf8, 0xf8, 0xf8, 0xf8, 0xf8, 0xf8, 0xf8, 0xf8, 0xf8, 0xf8, 0xf8, 0xf8, 0xf8, 0xf8, 0xf4, 0xee, 0xf3, 0xf1, 0xbe, 0xe6, 0xca, 0xc6, 0x73, 0x11, 0x20, 0x16, 0x0d, 0x13, 0x1f, 0x16, 0x10, 0x28, 0x13, 0x1d, 0x16, 0x1a, 0x16, 0x16, 0x1c, 0x13, 0x1f, 0x34, 0x79, 0xa5, 0x68, 0x91, 0xda, 0xc1, 0xd1, 0x06, 0xe6, 0x01, 0xe7, 0xe0, 0xe6, 0xe1, 0xe1, 0x06, 0xfe, 0xfe, 0xfe, 0x01, 0xe6, 0xe5, 0xf4, 0xf8, 0xe5, 0xf8, 0x00, 0xf8, 0xf8, 0xf8, 0xf8, 0xf8, 0xf8, 0x00, 0xf8, 0x00, 0xf8, 0xe5, 0x00, 0xef, 0xf4, 0x00, 0xc9, 0xcd, 0xcd, 0xca, 0xbd, 0x86, 0x38, 0x0e, 0x17, 0x38, 0x5d, 0x67, 0x4d, 0x49, 0x3c, 0x2e, 0x23, 0x16, 0x16, 0x26, 0x2b, 0x16, 0x26, 0x1a, 0x0d, 0x14, 0x2b, 0x27, 0x18, 0x15, 0x0c, 0x56, 0xaf, 0xdc, 0x0a, 0x0a, 0xcf, 0xb0, 0x9e, 0xa4, 0xb0, 0xab, 0xa8, 0xa4, 0xa4, 0xa8, 0xa8, 0xa4, 0xa3, 0x9f, 0x9c, 0x9e, 0x94, 0x98, 0x9c, 0x9c, 0x98, 0x95, 0x93, 0x81, 0x7c, 0x83, 0x9c, 0x9d, 0x8e, 0x7d, 0x65, 0x3c, 0x33, 0x2f, 0x37, 0x37, 0x2f, 0x2f, 0x48, 0x48, 0x39, 0x32, 0x37, 0x42, 0x32, 0x37, 0x55, 0x72, 0x6a, 0x49, 0x60, 0x54, 0x5d, 0x5d, 0x6d, 0x89, 0x8f, 0x9e, 0x9c, 0xa6, 0x9d, 0x54, 0x37, 0x39, 0x49, 0x39, 0x32, 0x60, 0x5e, 0x6b, 0x72, 0x78, 0x83, 0x33, 0x7d, 0x92, 0x82, 0xdd, 0xff, 0xdf, 0xdf, 0xdf, 0xe4, 0xed, 0xe8, 0x03, 0xfb, 0xec, 0x03, 0x03, 0x03, 0x03, 0xe8, 0x04, 0x03, 0x03, 0x03, 0xe8, 0x04, 0x03, 0x03, 0x03, 0x04, 0x04, 0x03, 0x03, 0x03, 0x03, 0x03, 0x03, 0x04, 0x03, 0x03, 0x03, 0x03, 0x04, 0x03, 0x04, 0x04, 0x04, 0x04, 0x04, 0x04, 0x04, 0x04, 0x04, 0x04, 0x04, 0x04, 0x04, 0x04, 0x04, 0x04, 0x04, 0x04, 0x04, 
  0xc2, 0xc2, 0xf3, 0x00, 0xc2, 0x00, 0xc2, 0x00, 0xc2, 0x00, 0xc2, 0x00, 0x00, 0x00, 0x00, 0x00, 0x00, 0x00, 0x00, 0x00, 0x00, 0x00, 0x00, 0x00, 0x00, 0x00, 0xf8, 0xf8, 0xf8, 0x00, 0xf4, 0xf8, 0xe5, 0x00, 0xe5, 0x00, 0xe5, 0x00, 0xf8, 0xf8, 0xf8, 0xf8, 0xf8, 0xf8, 0xf8, 0xf8, 0xf8, 0xf8, 0xf8, 0xe5, 0xf8, 0xe5, 0xf8, 0xe5, 0xf8, 0xe5, 0xf8, 0xe5, 0xf8, 0xe5, 0xf8, 0xe5, 0xf8, 0xe5, 0xf8, 0xe5, 0xf8, 0xe5, 0xf8, 0xe5, 0xf8, 0xe5, 0xf8, 0xe5, 0xf8, 0xe5, 0xf8, 0xe5, 0xf8, 0xe5, 0xee, 0xe5, 0xbe, 0xd2, 0xcc, 0xa0, 0x31, 0x27, 0x13, 0x26, 0x28, 0x16, 0x16, 0x16, 0x16, 0x1a, 0x1d, 0x14, 0x1a, 0x16, 0x1a, 0x16, 0x14, 0x19, 0x25, 0x4a, 0x84, 0x8c, 0x7a, 0xc0, 0xd4, 0x06, 0x06, 0xe1, 0xe1, 0xe6, 0xe0, 0xe7, 0xe6, 0xe0, 0xd1, 0xe1, 0xfe, 0x06, 0xe1, 0x01, 0x01, 0xe5, 0xe5, 0x00, 0xf8, 0x00, 0xe5, 0x00, 0xf8, 0x00, 0xf8, 0x00, 0xf8, 0xf8, 0x00, 0xe5, 0x00, 0xf8, 0xbe, 0x01, 0xe5, 0xc2, 0xe0, 0xd3, 0xbd, 0xa0, 0x3f, 0x18, 0x17, 0x14, 0x1a, 0x2f, 0x47, 0x48, 0x51, 0x42, 0x2e, 0x26, 0x2b, 0x26, 0x1a, 0x2e, 0x23, 0x0f, 0x14, 0x23, 0x2b, 0x1a, 0x16, 0x0e, 0x15, 0x45, 0x99, 0xd4, 0xdd, 0x0a, 0xd8, 0xc1, 0xab, 0xac, 0xa3, 0x9e, 0x9e, 0xa4, 0xa8, 0xa3, 0xa8, 0xa4, 0xa4, 0x9f, 0x9e, 0x9e, 0x98, 0x98, 0x98, 0x98, 0x9e, 0x9c, 0x9c, 0x9c, 0x9c, 0x92, 0x9c, 0x92, 0x94, 0x94, 0x89, 0x83, 0x81, 0x7b, 0x47, 0x33, 0x35, 0x42, 0x2f, 0x42, 0x51, 0x3d, 0x41, 0x32, 0x32, 0x37, 0x42, 0x37, 0x42, 0x49, 0x5e, 0x51, 0x55, 0x48, 0x67, 0x74, 0x89, 0x95, 0x98, 0x9c, 0xa6, 0xa2, 0x85, 0x35, 0x3c, 0x37, 0x37, 0x41, 0x42, 0x59, 0x54, 0x60, 0x5e, 0x51, 0x3c, 0x3c, 0x86, 0x9c, 0x9f, 0x0b, 0xdf, 0xfd, 0xdf, 0xdf, 0xe4, 0xe3, 0x02, 0x03, 0x03, 0xfb, 0x03, 0x03, 0x03, 0x03, 0x03, 0x03, 0x03, 0x04, 0xe8, 0x03, 0x03, 0x03, 0x04, 0x03, 0x04, 0x03, 0x04, 0x03, 0x03, 0x03, 0x03, 0x03, 0x03, 0x03, 0x04, 0x03, 0x04, 0x03, 0x04, 0x04, 0x03, 0x04, 0x03, 0x04, 0x03, 0x04, 0x04, 0x04, 0x04, 0x04, 0x04, 0x04, 0x04, 0x04, 0x04, 0x04, 0x04, 0x04, 
  0xc2, 0xee, 0xc2, 0x00, 0x00, 0x00, 0x00, 0x00, 0x00, 0x00, 0x00, 0x00, 0x00, 0x00, 0x00, 0x00, 0x00, 0x00, 0x00, 0x00, 0x00, 0x00, 0x00, 0x00, 0x00, 0x00, 0x00, 0xf8, 0x00, 0xe5, 0xf8, 0xe5, 0xf8, 0xf8, 0xf8, 0xf8, 0xf8, 0xf8, 0x00, 0xf8, 0x00, 0xf8, 0x00, 0xf8, 0x00, 0xf8, 0x00, 0xf8, 0xe5, 0xf8, 0xf8, 0xf8, 0xf8, 0xf8, 0xf8, 0xf8, 0xf8, 0xf8, 0xf8, 0xf8, 0xf8, 0xf8, 0xf8, 0xf8, 0xf8, 0xf8, 0xf8, 0xf8, 0xf8, 0xf8, 0xf8, 0xf8, 0xf8, 0xf8, 0xf8, 0xf8, 0xf8, 0xf8, 0xf8, 0xf4, 0x01, 0xf3, 0xc9, 0xe0, 0xba, 0x64, 0x27, 0x35, 0x1a, 0x37, 0x37, 0x28, 0x13, 0x16, 0x1a, 0x10, 0x1b, 0x16, 0x16, 0x12, 0x16, 0x18, 0x1b, 0x1d, 0x2a, 0x68, 0x84, 0x80, 0x96, 0xd4, 0xc2, 0xfa, 0xf5, 0x06, 0xe6, 0x01, 0xe7, 0xe0, 0xe6, 0xe6, 0xe1, 0x06, 0xfe, 0xe1, 0xeb, 0xe5, 0xe6, 0xe5, 0x00, 0xe5, 0x00, 0xf8, 0xf8, 0xf8, 0x00, 0xe5, 0x00, 0xf8, 0xf8, 0x00, 0xf8, 0xf8, 0xf8, 0xe5, 0xeb, 0xe5, 0xe5, 0xc5, 0xe0, 0xa7, 0x6f, 0x0c, 0x18, 0x12, 0x16, 0x1a, 0x13, 0x1d, 0x25, 0x14, 0x51, 0x50, 0x23, 0x0d, 0x14, 0x1a, 0x11, 0x14, 0x29, 0x11, 0x0f, 0x18, 0x1c, 0x0f, 0x12, 0x29, 0x73, 0xbb, 0x0b, 0xdd, 0xda, 0xd4, 0xb5, 0x98, 0x9e, 0xa4, 0xa8, 0xa4, 0xa3, 0x9c, 0x9c, 0x9c, 0x9e, 0x9f, 0x98, 0x9e, 0x9e, 0x98, 0x92, 0x92, 0x98, 0x98, 0x9e, 0x9e, 0x98, 0x9e, 0xa4, 0x9c, 0x9e, 0x98, 0x8f, 0x98, 0x9c, 0x8f, 0x89, 0x90, 0x6b, 0x47, 0x47, 0x5d, 0x60, 0x67, 0x67, 0x48, 0x49, 0x41, 0x41, 0x42, 0x42, 0x42, 0x32, 0x28, 0x39, 0x61, 0x55, 0x54, 0x65, 0x8d, 0xa6, 0x9c, 0xa3, 0xa3, 0xa6, 0xa2, 0x65, 0x3c, 0x41, 0x48, 0x60, 0x51, 0x41, 0x54, 0x42, 0x4d, 0x42, 0x3e, 0x47, 0x4d, 0x73, 0x93, 0xce, 0x09, 0xdf, 0xdf, 0xdf, 0xdf, 0xde, 0xe8, 0x02, 0xe8, 0x04, 0xfb, 0x03, 0x03, 0x03, 0x03, 0xe8, 0x04, 0x03, 0x03, 0x03, 0xe8, 0x04, 0x03, 0x03, 0x03, 0x04, 0x04, 0x03, 0x03, 0x03, 0x03, 0x03, 0xe8, 0x04, 0x03, 0x03, 0x03, 0x03, 0x04, 0x03, 0x04, 0x04, 0x04, 0x04, 0x04, 0x04, 0x04, 0x04, 0x04, 0x04, 0x04, 0x04, 0x04, 0x04, 0x04, 0x04, 0x04, 0x04, 0x04, 
  0xc2, 0xc2, 0xf3, 0x00, 0xc2, 0x00, 0xc2, 0x00, 0xc2, 0x00, 0xc2, 0x00, 0x00, 0x00, 0x00, 0x00, 0x00, 0x00, 0x00, 0x00, 0x00, 0x00, 0x00, 0x00, 0x00, 0x00, 0xf8, 0x00, 0xf8, 0xf8, 0xf8, 0xf8, 0xf8, 0x00, 0xf8, 0x00, 0xf8, 0x00, 0xe5, 0x00, 0xe5, 0x00, 0xe5, 0x00, 0xe5, 0x00, 0xe5, 0x00, 0xf4, 0xf8, 0xe5, 0xf8, 0xe5, 0xf8, 0xe5, 0xf8, 0xe5, 0xf8, 0xe5, 0xf8, 0xe5, 0xf8, 0xe5, 0xf8, 0xf4, 0xf4, 0xe5, 0xe5, 0xe5, 0xe5, 0xe5, 0xe5, 0xf8, 0xe5, 0xf8, 0xf4, 0xf8, 0xe5, 0xf8, 0xe5, 0xf3, 0xe1, 0xc5, 0xca, 0x93, 0x2d, 0x27, 0x35, 0x2f, 0x22, 0x19, 0x22, 0x16, 0x19, 0x1a, 0x14, 0x18, 0x14, 0x1c, 0x12, 0x1c, 0x14, 0x1b, 0x19, 0x61, 0x79, 0x71, 0x8c, 0xbf, 0xcc, 0xfb, 0xf8, 0xf9, 0xe1, 0xe1, 0xe6, 0xe0, 0xe7, 0xe0, 0xe6, 0xe1, 0xe1, 0x06, 0xe1, 0x06, 0x01, 0xe5, 0xe5, 0xe5, 0x00, 0xf8, 0x00, 0xf8, 0xf8, 0x00, 0xf8, 0xee, 0x00, 0xf8, 0xf8, 0xf8, 0x00, 0xf8, 0xf8, 0xbe, 0xc5, 0xe0, 0xbd, 0x82, 0x2d, 0x0c, 0x2d, 0x1c, 0x0f, 0x0f, 0x28, 0x2e, 0x25, 0x22, 0x19, 0x3c, 0x67, 0x5e, 0x2b, 0x18, 0x1d, 0x14, 0x1a, 0x0f, 0x23, 0x23, 0x18, 0x0f, 0x12, 0x6a, 0xad, 0x0b, 0xdd, 0xdd, 0xd8, 0xb7, 0x9e, 0x9e, 0xa4, 0x9f, 0xa4, 0xa8, 0xa3, 0xa3, 0xa3, 0xa6, 0x9e, 0xa3, 0x9e, 0x98, 0x9e, 0x9e, 0x9e, 0x98, 0x98, 0x92, 0x98, 0x9e, 0x9e, 0x98, 0x9e, 0x9e, 0x98, 0x98, 0xa3, 0x98, 0x8f, 0x98, 0x95, 0x8f, 0x8d, 0x81, 0x62, 0x5d, 0x74, 0x7e, 0x85, 0x83, 0x60, 0x47, 0x51, 0x54, 0x42, 0x3d, 0x37, 0x3d, 0x41, 0x48, 0x67, 0x67, 0x83, 0x8d, 0xa3, 0xae, 0xab, 0xa6, 0xa3, 0x99, 0xa1, 0x30, 0x42, 0x42, 0x51, 0x96, 0x60, 0x22, 0x59, 0x5e, 0x51, 0x42, 0x5e, 0x55, 0x6b, 0x7d, 0x64, 0xdd, 0x0b, 0xdf, 0xdf, 0xdf, 0xe4, 0xf2, 0x02, 0xe2, 0xe8, 0xfc, 0x03, 0x03, 0x03, 0x03, 0x03, 0x03, 0x03, 0x03, 0x04, 0xe8, 0x03, 0x03, 0x03, 0x04, 0x03, 0x04, 0x03, 0x04, 0x03, 0x03, 0xe8, 0x03, 0x03, 0x03, 0x03, 0x04, 0x03, 0x04, 0x03, 0x04, 0x04, 0x03, 0x04, 0x03, 0x04, 0x03, 0x04, 0x04, 0x04, 0x04, 0x04, 0x04, 0x04, 0x04, 0x04, 0x04, 0x04, 0x04, 0x04, 
  0xc2, 0xf3, 0x00, 0xc2, 0xee, 0xc2, 0x00, 0x00, 0x00, 0x00, 0x00, 0x00, 0xc2, 0x00, 0x00, 0x00, 0x00, 0x00, 0x00, 0x00, 0x00, 0x00, 0x00, 0x00, 0x00, 0x00, 0x00, 0x00, 0x00, 0x00, 0x00, 0x00, 0x00, 0xe5, 0x00, 0xe5, 0x00, 0xf8, 0xf8, 0xf8, 0xf8, 0xf8, 0xf8, 0xf8, 0xf8, 0xf8, 0xf8, 0xf8, 0x00, 0xf8, 0xf8, 0xf8, 0xf8, 0xf8, 0xf8, 0xf8, 0xf4, 0xf4, 0xf4, 0xf4, 0xf4, 0xf4, 0xf4, 0xf4, 0xee, 0xe5, 0xee, 0xe0, 0x00, 0xe0, 0x00, 0xe0, 0x00, 0xf8, 0xf8, 0xf4, 0xf8, 0xc9, 0xe5, 0xf4, 0xd1, 0xc2, 0xc5, 0xbd, 0x36, 0x17, 0x11, 0x2f, 0x19, 0x22, 0x1f, 0x19, 0x22, 0x14, 0x16, 0x14, 0x1a, 0x16, 0x2c, 0x0c, 0x21, 0x1f, 0x13, 0x39, 0x80, 0x8c, 0x88, 0xa9, 0xd0, 0xcd, 0xe1, 0xf0, 0xe1, 0xe1, 0xe1, 0x01, 0xe6, 0xe1, 0xe6, 0xe1, 0xe1, 0x06, 0xe1, 0x06, 0xe1, 0xf4, 0xc9, 0x00, 0x06, 0x00, 0xf3, 0x00, 0xef, 0xf3, 0xee, 0xef, 0xf0, 0xef, 0xef, 0xf3, 0xf3, 0xc9, 0x06, 0xc1, 0xcc, 0xc0, 0x93, 0x4b, 0x0c, 0x11, 0x23, 0x0f, 0x12, 0x12, 0x16, 0x16, 0x16, 0x16, 0x16, 0x16, 0x37, 0x43, 0x35, 0x1a, 0x12, 0x23, 0x1a, 0x12, 0x0f, 0x29, 0x12, 0x0c, 0x43, 0x99, 0xd8, 0x0a, 0x0b, 0xcf, 0xc0, 0xa8, 0xa4, 0xa8, 0x98, 0x9e, 0xa4, 0xa4, 0xa3, 0xa4, 0xa3, 0xa8, 0xa3, 0x9e, 0x9f, 0x9e, 0x98, 0x98, 0x98, 0x98, 0x98, 0x98, 0x9e, 0x9e, 0x98, 0x9e, 0x9e, 0x98, 0x9e, 0x98, 0x9e, 0x9c, 0x9c, 0x98, 0x94, 0x98, 0x95, 0x9c, 0x9c, 0x8f, 0x81, 0x8d, 0xa3, 0x9d, 0x86, 0x6b, 0x74, 0x7e, 0x7b, 0x5d, 0x2f, 0x33, 0x42, 0x47, 0x6a, 0x81, 0x8d, 0x9d, 0x9d, 0xa6, 0xa6, 0xa3, 0xa3, 0xa3, 0xa6, 0x74, 0x3d, 0x3e, 0x28, 0x4c, 0x49, 0x3a, 0x39, 0x51, 0x55, 0x47, 0x51, 0x5e, 0x67, 0x97, 0x7f, 0xa2, 0x0a, 0xdf, 0xdf, 0xf7, 0xdf, 0xfd, 0x04, 0xe8, 0x03, 0xe8, 0xe8, 0xe8, 0x03, 0x03, 0x03, 0x03, 0x03, 0x03, 0x03, 0xe8, 0x04, 0x03, 0x04, 0x03, 0x03, 0x03, 0x03, 0x04, 0xe8, 0x03, 0x03, 0x03, 0x03, 0x03, 0x03, 0x03, 0x03, 0x03, 0x03, 0x04, 0x03, 0x03, 0x04, 0x03, 0x04, 0x04, 0x04, 0x04, 0x03, 0x04, 0x04, 0x04, 0x04, 0x04, 0x04, 0x04, 0x04, 0x04, 0x04, 0x04, 
  0xf3, 0xc2, 0xf3, 0xc2, 0xc2, 0xf3, 0x00, 0xc2, 0x00, 0xc2, 0x00, 0xc2, 0xee, 0x00, 0xc2, 0x00, 0xc2, 0x00, 0xc2, 0x00, 0xc2, 0x00, 0xc2, 0x00, 0x00, 0x00, 0x00, 0x00, 0x00, 0x00, 0x00, 0x00, 0xf8, 0xf8, 0xf8, 0xf8, 0xf8, 0x00, 0xf8, 0x00, 0xf8, 0x00, 0xf8, 0x00, 0xf8, 0x00, 0xf8, 0x00, 0xe5, 0x00, 0xf8, 0x00, 0xf8, 0x00, 0xf8, 0x00, 0xf8, 0xf8, 0xf8, 0xf8, 0xf8, 0xf8, 0xf8, 0xf4, 0xee, 0xe5, 0xe5, 0xe5, 0xe0, 0xe0, 0xe0, 0x00, 0xe0, 0x00, 0xf4, 0xf4, 0x00, 0x00, 0xe5, 0xe0, 0xbb, 0xcb, 0xdb, 0x69, 0x1e, 0x17, 0x1d, 0x23, 0x19, 0x19, 0x19, 0x19, 0x19, 0x19, 0x14, 0x14, 0x16, 0x12, 0x19, 0x16, 0x1f, 0x1f, 0x10, 0x7a, 0x9b, 0x90, 0xa2, 0xbd, 0xd3, 0xd2, 0xe1, 0xd1, 0xe1, 0xe1, 0xe1, 0xe1, 0xe1, 0xe1, 0xe1, 0xe1, 0xe1, 0xe1, 0xd1, 0xe1, 0x06, 0xc9, 0xc9, 0xc9, 0xf3, 0xc9, 0xf4, 0xf9, 0xf8, 0xef, 0xf4, 0xf0, 0xf3, 0xf0, 0x01, 0xc9, 0xfe, 0x06, 0xc1, 0x07, 0x9c, 0x62, 0x0d, 0x11, 0x33, 0x23, 0x0f, 0x0f, 0x16, 0x16, 0x1c, 0x16, 0x1c, 0x16, 0x16, 0x16, 0x2b, 0x35, 0x29, 0x16, 0x11, 0x16, 0x1c, 0x0f, 0x12, 0x0f, 0x27, 0x7b, 0xb6, 0xdd, 0xdc, 0xd0, 0xba, 0xab, 0xab, 0xa0, 0xa3, 0xa6, 0x9c, 0xa3, 0x9c, 0xa3, 0xa3, 0xa3, 0xa3, 0xa8, 0xa6, 0xa3, 0xa3, 0x9c, 0x9c, 0x95, 0x9c, 0x9c, 0x9c, 0x9c, 0x94, 0x98, 0x98, 0x9c, 0x9e, 0xa3, 0x9e, 0xa3, 0x9c, 0x95, 0x94, 0x90, 0x9c, 0xa3, 0x9d, 0x95, 0x95, 0x95, 0x95, 0x9c, 0x9d, 0xa3, 0x95, 0x8f, 0x90, 0x97, 0x8d, 0x75, 0x58, 0x54, 0x54, 0x58, 0x91, 0x97, 0x9d, 0x95, 0x9d, 0xa3, 0xa6, 0xa6, 0xa6, 0xa6, 0xa3, 0x67, 0x33, 0x37, 0x21, 0x39, 0x40, 0x34, 0x3a, 0x41, 0x48, 0x51, 0x5d, 0x67, 0x5d, 0x6e, 0x5c, 0xb7, 0xdf, 0x0b, 0xdf, 0xdf, 0xf7, 0xfd, 0x08, 0xfb, 0x03, 0x08, 0xec, 0xe8, 0x03, 0x03, 0x03, 0x03, 0x03, 0x03, 0x03, 0x03, 0x03, 0x03, 0x03, 0x03, 0x04, 0x03, 0x04, 0x03, 0x03, 0x03, 0x03, 0x03, 0x03, 0x03, 0x03, 0x03, 0x03, 0x04, 0x03, 0x03, 0x03, 0x04, 0x03, 0x03, 0x04, 0x03, 0x04, 0x03, 0x04, 0x04, 0x03, 0x04, 0x04, 0x04, 0x04, 0x04, 0x04, 0x04, 0x04, 0x04, 
  0xc2, 0xf3, 0x00, 0xc2, 0xee, 0xc2, 0x00, 0x00, 0x00, 0x00, 0x00, 0x00, 0xc2, 0x00, 0x00, 0x00, 0x00, 0x00, 0x00, 0x00, 0x00, 0x00, 0x00, 0x00, 0x00, 0x00, 0x00, 0x00, 0x00, 0x00, 0x00, 0x00, 0x00, 0xf8, 0x00, 0xf8, 0x00, 0xe5, 0x00, 0xe5, 0x00, 0xe5, 0x00, 0xe5, 0x00, 0xe5, 0x00, 0xf8, 0xf8, 0xf8, 0x00, 0xe5, 0x00, 0xe5, 0x00, 0xf8, 0xe5, 0xf8, 0xe5, 0xf8, 0xe5, 0xf8, 0xf4, 0xf8, 0xe5, 0xee, 0xe5, 0xc2, 0xe0, 0xc5, 0x00, 0xe0, 0xf4, 0xf8, 0xf8, 0xee, 0x00, 0x00, 0x00, 0xc2, 0xc9, 0xcd, 0xa8, 0x52, 0x56, 0x62, 0x14, 0x14, 0x19, 0x19, 0x19, 0x19, 0x14, 0x19, 0x1d, 0x1d, 0x16, 0x22, 0x0f, 0x28, 0x22, 0x10, 0x55, 0x96, 0xa9, 0x97, 0xbc, 0xd0, 0xcd, 0xd2, 0xe5, 0xe1, 0xe1, 0xe1, 0xe1, 0xe1, 0xe1, 0xe1, 0xe1, 0xe1, 0xe1, 0x06, 0xe1, 0x06, 0x01, 0xf4, 0xc9, 0x00, 0xf8, 0x01, 0x01, 0xc2, 0xbe, 0xc2, 0xc2, 0xc2, 0xe6, 0xbe, 0xc2, 0xc5, 0xc5, 0xca, 0xad, 0x76, 0x30, 0x14, 0x0e, 0x14, 0x11, 0x0c, 0x0f, 0x2b, 0x1a, 0x16, 0x1a, 0x16, 0x16, 0x16, 0x16, 0x16, 0x1a, 0x18, 0x16, 0x14, 0x10, 0x12, 0x12, 0x16, 0x1c, 0x0c, 0x0f, 0x29, 0x3b, 0x20, 0x24, 0x27, 0x43, 0x31, 0x43, 0x38, 0x43, 0x4b, 0x43, 0x38, 0x43, 0x43, 0x43, 0x43, 0x4b, 0x50, 0x50, 0x4b, 0x58, 0x56, 0x50, 0x56, 0x50, 0x5c, 0x56, 0x5c, 0x62, 0x65, 0x69, 0x62, 0x7d, 0x89, 0x6d, 0x73, 0x6d, 0x7b, 0x7b, 0x76, 0x6d, 0x73, 0x74, 0x6d, 0x73, 0x74, 0x7b, 0x7b, 0x7b, 0x75, 0x7b, 0x7d, 0x7e, 0x83, 0x7e, 0x6e, 0x60, 0x55, 0x5e, 0x5e, 0x78, 0x7e, 0x78, 0x75, 0x7b, 0x83, 0x94, 0x95, 0x89, 0x8d, 0x8a, 0x58, 0x26, 0x4e, 0x40, 0x40, 0x3a, 0x34, 0x41, 0x51, 0x6a, 0x7b, 0x85, 0x8d, 0x67, 0x62, 0x69, 0xdd, 0x0b, 0xde, 0xe4, 0xf7, 0xdf, 0x05, 0x03, 0x08, 0x03, 0xe8, 0xe8, 0xe8, 0x03, 0x03, 0x03, 0x03, 0x03, 0x03, 0x03, 0xe8, 0x04, 0x03, 0x04, 0x03, 0x03, 0x03, 0x03, 0x03, 0x03, 0x03, 0x03, 0x03, 0x03, 0x03, 0x03, 0x03, 0x03, 0x03, 0x03, 0x04, 0x03, 0x03, 0x04, 0x03, 0x04, 0x04, 0x04, 0x04, 0x03, 0x04, 0x04, 0x04, 0x04, 0x04, 0x04, 0x04, 0x04, 0x04, 0x04, 0x04, 
  0xf3, 0xc2, 0xf3, 0xc2, 0xc2, 0xf3, 0x00, 0xc2, 0x00, 0xc2, 0x00, 0xc2, 0xee, 0x00, 0xc2, 0x00, 0xc2, 0x00, 0xc2, 0x00, 0xc2, 0x00, 0xc2, 0x00, 0x00, 0x00, 0x00, 0x00, 0x00, 0x00, 0x00, 0x00, 0xf8, 0x00, 0xe5, 0x00, 0xf8, 0xf8, 0xf8, 0xf8, 0xf8, 0xf8, 0xf8, 0xf8, 0xf8, 0xf8, 0xf8, 0x00, 0xf8, 0x00, 0xf8, 0xf8, 0xf8, 0xf8, 0xf8, 0x00, 0xf4, 0xf8, 0xf8, 0xf8, 0xf8, 0xf8, 0xf8, 0xf8, 0xee, 0xe5, 0xe5, 0xe0, 0x00, 0xe0, 0xe0, 0x00, 0xf4, 0xf8, 0xf8, 0xee, 0xf8, 0xe5, 0xe0, 0xe0, 0xcb, 0xc4, 0x64, 0x8b, 0x8f, 0x81, 0x26, 0x23, 0x22, 0x19, 0x19, 0x19, 0x19, 0x1d, 0x26, 0x29, 0x16, 0x3c, 0x0d, 0x1d, 0x26, 0x14, 0x91, 0xa5, 0xa9, 0xad, 0xc6, 0xd5, 0xcb, 0xe1, 0xf4, 0xf0, 0xe1, 0xe1, 0xe1, 0xe1, 0xe1, 0xe1, 0xe1, 0xe1, 0xe1, 0xe1, 0x01, 0x01, 0xc9, 0xf8, 0x00, 0x00, 0xe5, 0x00, 0x00, 0xe5, 0xe5, 0xe6, 0xe0, 0xe0, 0xe0, 0xc5, 0xbd, 0xc5, 0xc6, 0x8b, 0x2d, 0x0c, 0x0e, 0x20, 0x33, 0x14, 0x0e, 0x1d, 0x1a, 0x11, 0x16, 0x16, 0x16, 0x16, 0x18, 0x16, 0x18, 0x1a, 0x1a, 0x14, 0x0f, 0x16, 0x12, 0x10, 0x10, 0x1a, 0x1c, 0x23, 0x18, 0x12, 0x0e, 0x11, 0x20, 0x27, 0x14, 0x11, 0x1a, 0x16, 0x18, 0x16, 0x11, 0x16, 0x18, 0x1a, 0x1a, 0x18, 0x16, 0x20, 0x23, 0x18, 0x1a, 0x1a, 0x23, 0x23, 0x29, 0x23, 0x29, 0x23, 0x23, 0x18, 0x29, 0x1a, 0x65, 0x7e, 0x3b, 0x27, 0x47, 0x69, 0x74, 0x65, 0x43, 0x33, 0x33, 0x29, 0x30, 0x29, 0x30, 0x29, 0x33, 0x33, 0x33, 0x3b, 0x29, 0x2b, 0x2f, 0x35, 0x26, 0x26, 0x26, 0x37, 0x2b, 0x32, 0x2b, 0x26, 0x20, 0x33, 0x3d, 0x43, 0x50, 0x50, 0x54, 0x26, 0x1d, 0x3e, 0x39, 0x34, 0x39, 0x34, 0x39, 0x60, 0x85, 0xa1, 0xa1, 0x95, 0x78, 0x65, 0x9c, 0x0b, 0x0b, 0xde, 0xdf, 0xdf, 0xfd, 0xfc, 0x08, 0x08, 0x03, 0x08, 0xe8, 0x03, 0x03, 0x03, 0x03, 0x03, 0x03, 0x03, 0x03, 0x03, 0x03, 0x03, 0x03, 0x03, 0x04, 0x03, 0x04, 0x03, 0x03, 0x03, 0x03, 0x03, 0x03, 0x03, 0x03, 0x03, 0x03, 0x04, 0x03, 0x03, 0x03, 0x04, 0x03, 0x03, 0x04, 0x03, 0x04, 0x03, 0x04, 0x04, 0x03, 0x04, 0x04, 0x04, 0x04, 0x04, 0x04, 0x04, 0x04, 0x04, 
  0xc2, 0xf3, 0x00, 0xc2, 0xee, 0xc2, 0x00, 0x00, 0x00, 0x00, 0x00, 0x00, 0xc2, 0x00, 0x00, 0x00, 0x00, 0x00, 0x00, 0x00, 0x00, 0x00, 0x00, 0x00, 0x00, 0x00, 0x00, 0x00, 0x00, 0x00, 0x00, 0x00, 0x00, 0xf8, 0xf8, 0xf8, 0x00, 0xf8, 0x00, 0xf8, 0x00, 0xf8, 0x00, 0xf8, 0x00, 0xf8, 0x00, 0xe5, 0x00, 0xe5, 0x00, 0xf8, 0x00, 0xf8, 0x00, 0xe5, 0xf8, 0xf8, 0xe5, 0xf8, 0xe5, 0xf8, 0xf4, 0xf8, 0xf8, 0xf8, 0x00, 0x00, 0xe0, 0xc5, 0x00, 0xe5, 0xf4, 0xf8, 0xee, 0xf8, 0xf8, 0x01, 0xe0, 0xcb, 0xc1, 0xa8, 0x7c, 0x99, 0x95, 0x6b, 0x47, 0x26, 0x22, 0x19, 0x19, 0x19, 0x1a, 0x23, 0x23, 0x2f, 0x1a, 0x2f, 0x0f, 0x14, 0x0d, 0x74, 0xb2, 0xa6, 0xa3, 0xc8, 0xcf, 0xd2, 0xd2, 0x01, 0xeb, 0xf0, 0xe1, 0xe1, 0xe1, 0xe1, 0xe1, 0xe1, 0xe1, 0xe1, 0xe1, 0xe1, 0x01, 0xf4, 0xf8, 0xe5, 0x00, 0x00, 0xee, 0xee, 0xee, 0xe6, 0xe0, 0xbe, 0xbe, 0xc5, 0xc5, 0xcc, 0xcc, 0xa0, 0x3b, 0x0c, 0x12, 0x23, 0x20, 0x1b, 0x11, 0x11, 0x14, 0x20, 0x14, 0x0f, 0x14, 0x14, 0x14, 0x16, 0x14, 0x1a, 0x23, 0x23, 0x1a, 0x14, 0x13, 0x1a, 0x16, 0x10, 0x12, 0x16, 0x0f, 0x12, 0x16, 0x0f, 0x18, 0x29, 0x18, 0x0c, 0x1c, 0x26, 0x21, 0x23, 0x21, 0x16, 0x1c, 0x1c, 0x1c, 0x26, 0x1c, 0x1c, 0x16, 0x1c, 0x1c, 0x16, 0x16, 0x16, 0x16, 0x1c, 0x16, 0x1c, 0x16, 0x16, 0x23, 0x16, 0x26, 0x12, 0x59, 0x6e, 0x26, 0x1a, 0x55, 0x6e, 0x78, 0x6e, 0x5e, 0x47, 0x35, 0x14, 0x2f, 0x23, 0x14, 0x1d, 0x26, 0x2b, 0x26, 0x14, 0x2e, 0x26, 0x2e, 0x37, 0x37, 0x34, 0x37, 0x3e, 0x39, 0x3e, 0x3e, 0x37, 0x3c, 0x37, 0x33, 0x35, 0x2f, 0x26, 0x2e, 0x2e, 0x2e, 0x40, 0x2e, 0x34, 0x39, 0x37, 0x39, 0x55, 0x78, 0x8a, 0x83, 0x74, 0x75, 0x56, 0xba, 0xff, 0x0b, 0xdf, 0xdf, 0xf2, 0x05, 0x04, 0xfb, 0x08, 0x03, 0xe8, 0xe8, 0x03, 0x03, 0x03, 0x03, 0x03, 0x03, 0x03, 0x03, 0xe8, 0x04, 0x03, 0x04, 0x03, 0x03, 0x03, 0x03, 0x03, 0x03, 0x03, 0x03, 0x03, 0x03, 0x03, 0x03, 0x03, 0x03, 0x03, 0x03, 0x04, 0x03, 0x03, 0x04, 0x03, 0x04, 0x04, 0x04, 0x04, 0x03, 0x04, 0x04, 0x04, 0x04, 0x04, 0x04, 0x04, 0x04, 0x04, 0x04, 0x04, 
  0xf3, 0xc2, 0xf3, 0xc2, 0xc2, 0xf3, 0x00, 0xc2, 0x00, 0xc2, 0x00, 0xc2, 0xee, 0x00, 0xc2, 0x00, 0xc2, 0x00, 0xc2, 0x00, 0xc2, 0x00, 0xc2, 0x00, 0x00, 0x00, 0x00, 0x00, 0x00, 0x00, 0x00, 0x00, 0xf8, 0x00, 0xf8, 0x00, 0xe5, 0x00, 0xe5, 0x00, 0xe5, 0x00, 0xe5, 0x00, 0xe5, 0x00, 0xf8, 0xf8, 0xf8, 0xf8, 0xf8, 0x00, 0xe5, 0x00, 0xf8, 0xf8, 0xf8, 0xf8, 0xf8, 0xf8, 0xf8, 0xf8, 0x00, 0xe5, 0xf8, 0xf8, 0xc9, 0xc9, 0x00, 0xe0, 0xe5, 0xf8, 0xf8, 0xf8, 0xee, 0xf4, 0xf4, 0x01, 0xe0, 0xc5, 0xc8, 0x87, 0x99, 0x94, 0x6d, 0x3c, 0x1b, 0x26, 0x19, 0x19, 0x16, 0x16, 0x16, 0x1a, 0x1a, 0x1a, 0x1a, 0x13, 0x1b, 0x1b, 0x20, 0xb2, 0xb3, 0xaf, 0xb0, 0xd8, 0x07, 0xcb, 0xfa, 0xe5, 0xf5, 0x01, 0xeb, 0xe1, 0xe1, 0xe1, 0xe1, 0xe1, 0xe1, 0xf0, 0xe1, 0xf0, 0xf4, 0xe5, 0xee, 0xee, 0xee, 0xee, 0xef, 0xe5, 0xee, 0xee, 0xbe, 0xbe, 0xe0, 0xe7, 0xbd, 0xad, 0x62, 0x0c, 0x0c, 0x31, 0x12, 0x12, 0x14, 0x18, 0x14, 0x14, 0x11, 0x0f, 0x14, 0x23, 0x1a, 0x14, 0x16, 0x18, 0x1d, 0x20, 0x26, 0x29, 0x1d, 0x14, 0x14, 0x1a, 0x19, 0x12, 0x13, 0x1c, 0x10, 0x1c, 0x1c, 0x1a, 0x0f, 0x0f, 0x18, 0x35, 0x10, 0x1c, 0x1c, 0x26, 0x21, 0x12, 0x19, 0x10, 0x16, 0x1c, 0x21, 0x16, 0x16, 0x1c, 0x19, 0x1c, 0x1c, 0x21, 0x26, 0x21, 0x26, 0x1c, 0x21, 0x21, 0x1c, 0x21, 0x2b, 0x10, 0x2e, 0x3e, 0x1c, 0x2e, 0x4d, 0x6a, 0x7e, 0x7a, 0x67, 0x54, 0x42, 0x48, 0x2b, 0x32, 0x32, 0x2e, 0x2f, 0x2e, 0x2e, 0x2e, 0x2b, 0x28, 0x2b, 0x2e, 0x2e, 0x28, 0x21, 0x2c, 0x21, 0x21, 0x28, 0x2e, 0x37, 0x37, 0x42, 0x3e, 0x4e, 0x39, 0x2e, 0x49, 0x49, 0x3e, 0x39, 0x49, 0x39, 0x42, 0x42, 0x48, 0x54, 0x5d, 0x59, 0x50, 0x5d, 0x64, 0xd8, 0x0b, 0xdf, 0xdf, 0xf2, 0xdf, 0xfc, 0x08, 0xfb, 0x08, 0x03, 0x08, 0xec, 0x03, 0x03, 0x03, 0x03, 0x03, 0x03, 0x03, 0x03, 0x03, 0x03, 0x03, 0x03, 0x03, 0x04, 0x03, 0x04, 0x03, 0x03, 0x03, 0x03, 0x03, 0x03, 0x03, 0x03, 0x03, 0x03, 0x04, 0x03, 0x03, 0x03, 0x04, 0x03, 0x03, 0x04, 0x03, 0x04, 0x03, 0x04, 0x04, 0x03, 0x04, 0x04, 0x04, 0x04, 0x04, 0x04, 0x04, 0x04, 0x04, 
  0xc2, 0xf3, 0x00, 0xc2, 0xee, 0xc2, 0x00, 0x00, 0x00, 0x00, 0x00, 0x00, 0xc2, 0x00, 0x00, 0x00, 0x00, 0x00, 0x00, 0x00, 0x00, 0x00, 0x00, 0x00, 0x00, 0x00, 0x00, 0x00, 0x00, 0x00, 0x00, 0x00, 0x00, 0xe5, 0x00, 0xf8, 0xf8, 0xf8, 0xf8, 0xf8, 0xf8, 0xf8, 0xf8, 0xf8, 0xf8, 0xf8, 0x00, 0xf8, 0x00, 0xf8, 0x00, 0xf8, 0xf8, 0xf8, 0x00, 0xf8, 0x00, 0xf8, 0x00, 0xf8, 0x00, 0xe5, 0x00, 0xf8, 0xc9, 0xc9, 0xc9, 0x00, 0xe0, 0xc9, 0xe5, 0x00, 0xf8, 0xee, 0xee, 0xf8, 0x01, 0xe0, 0xc2, 0xbd, 0x9f, 0x6d, 0x8f, 0x95, 0x33, 0x33, 0x13, 0x14, 0x19, 0x19, 0x19, 0x1a, 0x16, 0x18, 0x12, 0x18, 0x19, 0x11, 0x1d, 0x30, 0x81, 0xc3, 0xb3, 0xb7, 0xc4, 0x07, 0xfe, 0x06, 0xe1, 0x01, 0x01, 0x01, 0xe1, 0xe1, 0xe1, 0xe1, 0xe1, 0xe1, 0xe1, 0xe1, 0xf0, 0x01, 0xf4, 0xe5, 0x00, 0xee, 0xc2, 0xee, 0xf3, 0xef, 0x00, 0xf3, 0xe0, 0xe2, 0xca, 0xb7, 0x76, 0x24, 0x0e, 0x31, 0x2b, 0x0c, 0x0d, 0x14, 0x23, 0x1d, 0x11, 0x0f, 0x14, 0x2f, 0x23, 0x0f, 0x14, 0x1a, 0x14, 0x14, 0x14, 0x1a, 0x1d, 0x1d, 0x1a, 0x1a, 0x16, 0x16, 0x16, 0x16, 0x16, 0x10, 0x26, 0x10, 0x10, 0x10, 0x1a, 0x16, 0x0f, 0x0f, 0x14, 0x26, 0x14, 0x26, 0x23, 0x13, 0x26, 0x14, 0x16, 0x1a, 0x26, 0x19, 0x1c, 0x19, 0x23, 0x1c, 0x16, 0x1d, 0x1c, 0x23, 0x1a, 0x19, 0x1a, 0x1d, 0x23, 0x26, 0x2b, 0x26, 0x16, 0x23, 0x1d, 0x35, 0x37, 0x60, 0x72, 0x7a, 0x60, 0x49, 0x48, 0x55, 0x1f, 0x26, 0x28, 0x26, 0x1f, 0x1c, 0x22, 0x28, 0x32, 0x37, 0x37, 0x34, 0x2e, 0x37, 0x3a, 0x2e, 0x39, 0x3a, 0x2e, 0x39, 0x2e, 0x37, 0x37, 0x37, 0x39, 0x2c, 0x28, 0x34, 0x39, 0x28, 0x37, 0x39, 0x3e, 0x48, 0x48, 0x42, 0x42, 0x42, 0x42, 0x50, 0x45, 0x8f, 0x0b, 0x0b, 0xdf, 0xde, 0xf2, 0xdf, 0x03, 0xe2, 0x08, 0x08, 0x03, 0xec, 0xe8, 0x03, 0x03, 0x03, 0x03, 0x03, 0x03, 0x03, 0x03, 0xe8, 0x04, 0x03, 0x04, 0x03, 0x03, 0x03, 0x03, 0x03, 0x03, 0x03, 0x03, 0x03, 0x03, 0x03, 0x03, 0x03, 0x03, 0x03, 0x03, 0x04, 0x03, 0x03, 0x04, 0x03, 0x04, 0x04, 0x04, 0x04, 0x03, 0x04, 0x04, 0x04, 0x04, 0x04, 0x04, 0x04, 0x04, 0x04, 0x04, 0x04, 
  0xf3, 0xc2, 0xf3, 0xc2, 0xc2, 0xf3, 0x00, 0xc2, 0x00, 0xc2, 0x00, 0xc2, 0xee, 0x00, 0xc2, 0x00, 0xc2, 0x00, 0xc2, 0x00, 0xc2, 0x00, 0xc2, 0x00, 0x00, 0x00, 0x00, 0x00, 0x00, 0x00, 0x00, 0x00, 0xf8, 0xf8, 0xf8, 0x00, 0xf8, 0x00, 0xf8, 0x00, 0xf8, 0x00, 0xf8, 0x00, 0xf8, 0x00, 0xe5, 0x00, 0xe5, 0x00, 0xe5, 0x00, 0xf8, 0x00, 0xe5, 0x00, 0xe5, 0x00, 0xe5, 0x00, 0xf8, 0xf8, 0xf8, 0xf8, 0xc9, 0xc9, 0xc9, 0xc9, 0x00, 0xc9, 0x00, 0xf8, 0xef, 0xf8, 0xf3, 0xf8, 0xc9, 0xc5, 0xbe, 0xbb, 0x2d, 0x45, 0x89, 0x90, 0x20, 0x3d, 0x54, 0x13, 0x1d, 0x19, 0x1c, 0x1a, 0x1c, 0x16, 0x18, 0x12, 0x14, 0x2f, 0x11, 0x3d, 0xba, 0xaf, 0xb7, 0xb7, 0xfc, 0xc1, 0xfa, 0xe2, 0xf4, 0xf6, 0xe6, 0xe7, 0xeb, 0xe1, 0xe1, 0xe1, 0xe1, 0xf0, 0xe1, 0xf0, 0x01, 0x01, 0xef, 0xe5, 0xee, 0xc2, 0xee, 0xc2, 0x00, 0x06, 0x00, 0xc1, 0xcb, 0xc4, 0x8b, 0x36, 0x15, 0x1e, 0x17, 0x0d, 0x11, 0x26, 0x22, 0x13, 0x13, 0x0f, 0x13, 0x1a, 0x19, 0x0f, 0x0f, 0x1d, 0x16, 0x14, 0x13, 0x11, 0x13, 0x11, 0x14, 0x16, 0x14, 0x14, 0x14, 0x13, 0x14, 0x16, 0x13, 0x16, 0x10, 0x1c, 0x19, 0x16, 0x10, 0x1a, 0x22, 0x1a, 0x13, 0x20, 0x0d, 0x1b, 0x1d, 0x18, 0x35, 0x2f, 0x14, 0x1d, 0x26, 0x20, 0x1a, 0x1a, 0x1a, 0x14, 0x1d, 0x1a, 0x1d, 0x1d, 0x1a, 0x1b, 0x1a, 0x26, 0x26, 0x1d, 0x1b, 0x2f, 0x2f, 0x1d, 0x2f, 0x1a, 0x32, 0x32, 0x48, 0x5e, 0x55, 0x3e, 0x26, 0x28, 0x37, 0x2e, 0x2e, 0x28, 0x28, 0x28, 0x2c, 0x28, 0x26, 0x2e, 0x2e, 0x23, 0x1f, 0x2e, 0x2e, 0x2c, 0x34, 0x2e, 0x2c, 0x2e, 0x34, 0x37, 0x37, 0x39, 0x2e, 0x40, 0x37, 0x40, 0x39, 0x37, 0x39, 0x37, 0x42, 0x37, 0x41, 0x48, 0x49, 0x48, 0x49, 0x47, 0x4b, 0xb6, 0x0b, 0xff, 0xe4, 0xdf, 0xdf, 0x05, 0xfb, 0xe2, 0xfa, 0x08, 0x03, 0xe8, 0xec, 0x03, 0x03, 0x03, 0x03, 0x03, 0x03, 0x03, 0x03, 0x03, 0x03, 0x03, 0x03, 0x03, 0x04, 0x03, 0x04, 0x03, 0x03, 0x03, 0x03, 0x03, 0x03, 0x03, 0x03, 0x03, 0x03, 0x04, 0x03, 0x03, 0x03, 0x04, 0x03, 0x03, 0x04, 0x03, 0x04, 0x03, 0x04, 0x04, 0x03, 0x04, 0x04, 0x04, 0x04, 0x04, 0x04, 0x04, 0x04, 0x04, 
  0xc2, 0xf3, 0x00, 0xc2, 0xee, 0xc2, 0x00, 0x00, 0x00, 0x00, 0x00, 0x00, 0xc2, 0x00, 0x00, 0x00, 0x00, 0x00, 0x00, 0x00, 0x00, 0x00, 0x00, 0x00, 0x00, 0x00, 0x00, 0x00, 0x00, 0x00, 0x00, 0x00, 0x00, 0x00, 0x00, 0x00, 0x00, 0xe5, 0x00, 0xe5, 0x00, 0xe5, 0x00, 0xe5, 0x00, 0xf8, 0xf8, 0xf8, 0xf8, 0xf8, 0xf8, 0xf8, 0x00, 0xf8, 0xf8, 0xf8, 0xf8, 0xf8, 0xf8, 0xf8, 0x00, 0xf8, 0x00, 0xf8, 0xc9, 0xc9, 0x00, 0xf8, 0xc5, 0xf8, 0xe5, 0x00, 0xf3, 0xee, 0x01, 0x06, 0xbe, 0xca, 0xc5, 0x76, 0x36, 0x30, 0x5d, 0x7b, 0x78, 0x8a, 0x35, 0x19, 0x1a, 0x26, 0x1a, 0x10, 0x1a, 0x1a, 0x12, 0x12, 0x26, 0x14, 0x14, 0x90, 0xc7, 0xa8, 0x07, 0xc4, 0x07, 0x06, 0xe1, 0xe1, 0xe1, 0xe6, 0x01, 0xe6, 0xe0, 0x01, 0xeb, 0xf6, 0xeb, 0x01, 0xf0, 0xf6, 0x01, 0xee, 0xc2, 0xf4, 0xe0, 0xc2, 0xe0, 0xf6, 0xc5, 0xbb, 0xc1, 0xca, 0xa4, 0x5f, 0x15, 0x15, 0x17, 0x14, 0x1b, 0x0d, 0x13, 0x1b, 0x1d, 0x1d, 0x19, 0x16, 0x16, 0x16, 0x16, 0x16, 0x14, 0x16, 0x16, 0x16, 0x16, 0x14, 0x16, 0x14, 0x16, 0x14, 0x14, 0x14, 0x16, 0x16, 0x16, 0x16, 0x16, 0x16, 0x19, 0x19, 0x19, 0x16, 0x19, 0x16, 0x16, 0x14, 0x14, 0x33, 0x1b, 0x29, 0x14, 0x54, 0x8d, 0x62, 0x1b, 0x20, 0x1b, 0x23, 0x1d, 0x14, 0x1b, 0x26, 0x14, 0x14, 0x14, 0x20, 0x1d, 0x1a, 0x1d, 0x20, 0x26, 0x20, 0x26, 0x20, 0x26, 0x20, 0x26, 0x1d, 0x2f, 0x32, 0x37, 0x37, 0x37, 0x32, 0x2e, 0x26, 0x28, 0x28, 0x28, 0x28, 0x28, 0x2f, 0x28, 0x2e, 0x32, 0x2f, 0x2e, 0x37, 0x39, 0x32, 0x2c, 0x2e, 0x2e, 0x34, 0x32, 0x39, 0x37, 0x39, 0x37, 0x39, 0x37, 0x37, 0x37, 0x37, 0x37, 0x37, 0x3c, 0x37, 0x32, 0x41, 0x37, 0x3e, 0x49, 0x34, 0x39, 0x3c, 0x5c, 0xdd, 0x0b, 0xdf, 0xdf, 0xe4, 0xf7, 0x03, 0xe8, 0x08, 0x08, 0x08, 0x08, 0xe8, 0x03, 0xe8, 0xe8, 0xe8, 0xe8, 0xe8, 0x03, 0x03, 0x03, 0x03, 0x03, 0x03, 0x03, 0x03, 0x03, 0xe8, 0xe8, 0xe8, 0xe8, 0xe8, 0xe8, 0xe8, 0x03, 0x03, 0x03, 0x03, 0x03, 0x03, 0x03, 0x04, 0x03, 0x03, 0x04, 0x03, 0x04, 0x04, 0x04, 0x04, 0x03, 0x04, 0x04, 0x04, 0x03, 0x04, 0x04, 0x04, 0x04, 0x04, 0x04, 0x04, 
  0xf3, 0xc2, 0xf3, 0xc2, 0xc2, 0xf3, 0x00, 0xc2, 0x00, 0xc2, 0x00, 0xc2, 0xee, 0x00, 0xc2, 0x00, 0xc2, 0x00, 0xc2, 0x00, 0x00, 0x00, 0x00, 0x00, 0x00, 0x00, 0x00, 0x00, 0x00, 0x00, 0x00, 0x00, 0x00, 0x00, 0x00, 0x00, 0x00, 0x00, 0xf8, 0xf8, 0xf8, 0xf8, 0xf8, 0xf8, 0xf8, 0x00, 0xf8, 0x00, 0xf8, 0x00, 0xf8, 0x00, 0xe5, 0x00, 0xf8, 0x00, 0xf8, 0x00, 0xf8, 0x00, 0xe5, 0x00, 0xf8, 0xf8, 0xc9, 0xc9, 0xc9, 0xc9, 0xf8, 0xf8, 0x00, 0xf8, 0xf0, 0xf3, 0xc9, 0xbe, 0xd2, 0xca, 0xa0, 0x52, 0x33, 0x1b, 0x29, 0x3d, 0x2f, 0x5e, 0x14, 0x1d, 0x16, 0x19, 0x16, 0x23, 0x2b, 0x1c, 0x18, 0x29, 0x0f, 0x14, 0x5c, 0xbc, 0xc8, 0xcc, 0xc4, 0x07, 0xf9, 0xfe, 0xe1, 0xeb, 0x01, 0xe6, 0xe6, 0xe6, 0xe6, 0xe6, 0x01, 0xf4, 0xf8, 0xf8, 0x01, 0x01, 0xf5, 0xe1, 0xf4, 0x00, 0xc2, 0xc2, 0xc2, 0xbe, 0xc6, 0xd4, 0xb1, 0x6f, 0x17, 0x24, 0x20, 0x11, 0x0d, 0x14, 0x14, 0x1b, 0x13, 0x1b, 0x13, 0x0d, 0x1f, 0x1c, 0x1c, 0x1c, 0x16, 0x1c, 0x16, 0x1a, 0x16, 0x14, 0x16, 0x16, 0x14, 0x16, 0x10, 0x14, 0x14, 0x14, 0x14, 0x14, 0x16, 0x16, 0x16, 0x16, 0x10, 0x10, 0x14, 0x10, 0x14, 0x16, 0x14, 0x16, 0x14, 0x14, 0x33, 0x50, 0x1b, 0x3d, 0x8a, 0x85, 0x4d, 0x2f, 0x1a, 0x14, 0x1a, 0x14, 0x0f, 0x0d, 0x2f, 0x1d, 0x1b, 0x1d, 0x23, 0x1d, 0x1d, 0x2f, 0x1d, 0x1d, 0x1d, 0x26, 0x1d, 0x26, 0x26, 0x2f, 0x1d, 0x22, 0x2f, 0x2f, 0x2f, 0x28, 0x26, 0x28, 0x26, 0x26, 0x26, 0x26, 0x28, 0x28, 0x26, 0x28, 0x1d, 0x32, 0x3c, 0x39, 0x2f, 0x28, 0x2f, 0x34, 0x37, 0x32, 0x37, 0x2e, 0x32, 0x37, 0x37, 0x39, 0x37, 0x37, 0x37, 0x3c, 0x37, 0x37, 0x37, 0x39, 0x37, 0x48, 0x39, 0x37, 0x40, 0x40, 0x3a, 0x3e, 0x82, 0xff, 0x0b, 0xdf, 0xdf, 0xdf, 0xdf, 0xe8, 0xfb, 0x08, 0x08, 0x08, 0x03, 0xe8, 0xe8, 0x03, 0x03, 0xe8, 0x03, 0xe8, 0x03, 0x03, 0x03, 0x03, 0x03, 0x03, 0x03, 0x03, 0x03, 0xe8, 0x03, 0xec, 0x03, 0xe8, 0x03, 0xe8, 0x03, 0x03, 0x03, 0x03, 0x03, 0x04, 0x03, 0x03, 0x03, 0x04, 0x03, 0x03, 0x04, 0x03, 0x04, 0x03, 0x04, 0x04, 0x03, 0x04, 0x04, 0x04, 0x03, 0x04, 0x04, 0x04, 0x04, 0x04, 
  0xc2, 0xf3, 0x00, 0xc2, 0xee, 0xc2, 0x00, 0x00, 0x00, 0x00, 0x00, 0x00, 0xc2, 0x00, 0x00, 0x00, 0x00, 0x00, 0x00, 0x00, 0x00, 0x00, 0x00, 0x00, 0x00, 0x00, 0x00, 0x00, 0x00, 0x00, 0x00, 0x00, 0x00, 0x00, 0x00, 0x00, 0x00, 0xf8, 0x00, 0xf8, 0x00, 0xf8, 0x00, 0xf8, 0x00, 0xe5, 0x00, 0xe5, 0x00, 0xe5, 0x00, 0xf8, 0xf8, 0xf8, 0x00, 0xe5, 0x00, 0xe5, 0x00, 0xf8, 0xf8, 0xf8, 0xf8, 0x00, 0xf8, 0xf8, 0xf8, 0x00, 0xf8, 0x00, 0xe5, 0xee, 0x00, 0xc9, 0xc2, 0xcb, 0xc5, 0xba, 0x69, 0x58, 0x33, 0x1b, 0x1b, 0x13, 0x0f, 0x2f, 0x0f, 0x19, 0x1d, 0x1a, 0x1a, 0x23, 0x23, 0x12, 0x0f, 0x23, 0x1a, 0x27, 0x97, 0xd0, 0xcf, 0xce, 0x07, 0xd2, 0xe1, 0xe1, 0xf0, 0xe1, 0xe1, 0xe6, 0xe0, 0xe6, 0xe6, 0xe1, 0x01, 0xf4, 0x01, 0xeb, 0xf9, 0xe1, 0xf3, 0x00, 0xc9, 0xc2, 0xe0, 0xe2, 0xcd, 0xc5, 0xb6, 0x86, 0x3b, 0x0f, 0x11, 0x0f, 0x0f, 0x19, 0x14, 0x19, 0x13, 0x13, 0x13, 0x1b, 0x25, 0x28, 0x10, 0x10, 0x12, 0x10, 0x12, 0x0f, 0x16, 0x0f, 0x16, 0x14, 0x16, 0x14, 0x16, 0x16, 0x16, 0x16, 0x18, 0x1a, 0x18, 0x1a, 0x16, 0x1a, 0x16, 0x1a, 0x1a, 0x23, 0x1a, 0x22, 0x23, 0x1d, 0x23, 0x1d, 0x35, 0x3c, 0x6b, 0x72, 0x29, 0x16, 0x55, 0x6e, 0x6b, 0x55, 0x23, 0x14, 0x10, 0x23, 0x2e, 0x37, 0x35, 0x26, 0x19, 0x16, 0x19, 0x19, 0x1a, 0x19, 0x1a, 0x19, 0x1c, 0x22, 0x19, 0x23, 0x22, 0x22, 0x1d, 0x26, 0x26, 0x26, 0x2f, 0x2f, 0x2f, 0x2f, 0x32, 0x2f, 0x32, 0x2f, 0x32, 0x2f, 0x32, 0x2f, 0x22, 0x35, 0x37, 0x2f, 0x2f, 0x32, 0x32, 0x2e, 0x48, 0x41, 0x37, 0x32, 0x32, 0x32, 0x39, 0x3d, 0x37, 0x32, 0x3d, 0x37, 0x3d, 0x37, 0x3c, 0x39, 0x32, 0x49, 0x39, 0x2e, 0x40, 0x40, 0x40, 0x58, 0xba, 0x0b, 0xdf, 0xdf, 0xdf, 0xf7, 0x05, 0xec, 0xe8, 0x08, 0x08, 0x08, 0x08, 0x03, 0xe8, 0x03, 0xe8, 0xe8, 0xe8, 0xe8, 0x03, 0x03, 0x03, 0x03, 0x03, 0x03, 0x03, 0x03, 0x03, 0x03, 0xe8, 0xe8, 0xe8, 0xe8, 0xe8, 0xe8, 0x03, 0x03, 0x03, 0x03, 0x03, 0x03, 0x03, 0x04, 0x03, 0x03, 0x04, 0x03, 0x04, 0x04, 0x04, 0x04, 0x03, 0x04, 0x04, 0x04, 0x03, 0x04, 0x04, 0x04, 0x04, 0x04, 0x04, 0x04, 
  0xf3, 0xc2, 0xf3, 0xc2, 0xc2, 0xf3, 0x00, 0xc2, 0x00, 0xc2, 0x00, 0xc2, 0xee, 0x00, 0xc2, 0x00, 0xc2, 0x00, 0xc2, 0x00, 0x00, 0x00, 0x00, 0x00, 0x00, 0x00, 0x00, 0x00, 0x00, 0x00, 0x00, 0x00, 0x00, 0x00, 0x00, 0x00, 0x00, 0xf8, 0xf8, 0x00, 0xe5, 0x00, 0xe5, 0x00, 0xf8, 0xf8, 0xf8, 0xf8, 0xf8, 0xf8, 0xf8, 0x00, 0xf8, 0x00, 0xf8, 0xf8, 0xf8, 0xf8, 0xf8, 0x00, 0xf8, 0x00, 0xf8, 0x00, 0xc9, 0xf8, 0xc9, 0xf8, 0x00, 0xf8, 0xe5, 0x00, 0xf8, 0xc2, 0x06, 0xd3, 0xbd, 0x8e, 0x52, 0x62, 0x2b, 0x1d, 0x35, 0x14, 0x2f, 0x1d, 0x16, 0x1a, 0x23, 0x26, 0x1a, 0x14, 0x1a, 0x14, 0x12, 0x1a, 0x20, 0x69, 0xc3, 0xd0, 0xce, 0xca, 0xd1, 0xd1, 0xfe, 0xf0, 0xe1, 0xeb, 0x01, 0xe6, 0xe6, 0xcd, 0xe5, 0x01, 0xe1, 0xe1, 0xeb, 0x02, 0xe1, 0x01, 0xc9, 0xc9, 0xc9, 0xbe, 0xc5, 0xbd, 0xb1, 0xa0, 0x58, 0x12, 0x0c, 0x12, 0x1c, 0x16, 0x10, 0x23, 0x10, 0x13, 0x22, 0x19, 0x13, 0x13, 0x0d, 0x0d, 0x1a, 0x1c, 0x1a, 0x1a, 0x1a, 0x1a, 0x18, 0x1a, 0x18, 0x14, 0x18, 0x16, 0x18, 0x16, 0x16, 0x18, 0x12, 0x14, 0x11, 0x14, 0x14, 0x18, 0x14, 0x16, 0x1a, 0x1a, 0x1a, 0x18, 0x14, 0x14, 0x14, 0x14, 0x2f, 0x50, 0x85, 0x75, 0x2e, 0x23, 0x2b, 0x35, 0x3e, 0x3e, 0x3e, 0x3e, 0x2b, 0x16, 0x10, 0x0f, 0x3e, 0x32, 0x26, 0x23, 0x22, 0x23, 0x1f, 0x1c, 0x28, 0x26, 0x21, 0x26, 0x21, 0x21, 0x1c, 0x21, 0x26, 0x26, 0x1d, 0x26, 0x1d, 0x26, 0x1d, 0x26, 0x26, 0x26, 0x26, 0x26, 0x28, 0x2b, 0x28, 0x2e, 0x2f, 0x37, 0x2f, 0x2f, 0x48, 0x5e, 0x59, 0x3c, 0x48, 0x3e, 0x37, 0x37, 0x32, 0x37, 0x37, 0x41, 0x35, 0x3d, 0x37, 0x3d, 0x37, 0x37, 0x39, 0x39, 0x37, 0x3e, 0x39, 0x39, 0x49, 0x40, 0x4e, 0x72, 0xde, 0x0b, 0xdf, 0xdf, 0xdf, 0xdf, 0xed, 0xec, 0xfb, 0x08, 0x08, 0x08, 0x03, 0xe8, 0xe8, 0x03, 0xe8, 0x03, 0xe8, 0x03, 0x03, 0x03, 0x03, 0x03, 0x03, 0x03, 0x03, 0x03, 0x03, 0xe8, 0x03, 0xec, 0x03, 0xe8, 0x03, 0xe8, 0x03, 0x03, 0x03, 0x03, 0x03, 0x04, 0x03, 0x03, 0x03, 0x04, 0x03, 0x03, 0x04, 0x03, 0x04, 0x03, 0x04, 0x04, 0x03, 0x04, 0x04, 0x04, 0x03, 0x04, 0x04, 0x04, 0x04, 0x04, 
  0xc2, 0xf3, 0x00, 0xc2, 0xee, 0xc2, 0x00, 0x00, 0x00, 0x00, 0x00, 0x00, 0xc2, 0x00, 0x00, 0x00, 0x00, 0x00, 0x00, 0x00, 0x00, 0x00, 0x00, 0x00, 0x00, 0x00, 0x00, 0x00, 0x00, 0x00, 0x00, 0x00, 0x00, 0x00, 0x00, 0x00, 0x00, 0xf8, 0x00, 0xf8, 0xf8, 0xf8, 0xf8, 0xf8, 0x00, 0xf8, 0x00, 0xf8, 0x00, 0xf8, 0x00, 0xe5, 0x00, 0xe5, 0x00, 0xf8, 0x00, 0xf8, 0x00, 0xe5, 0x00, 0xe5, 0x00, 0xf8, 0xf8, 0xf8, 0x00, 0x00, 0xe5, 0xe5, 0x00, 0xf8, 0x02, 0xbb, 0xcb, 0xc6, 0xb6, 0x5c, 0x50, 0x3c, 0x32, 0x14, 0x28, 0x0d, 0x1a, 0x13, 0x23, 0x19, 0x14, 0x23, 0x23, 0x10, 0x23, 0x2b, 0x23, 0x18, 0x27, 0x9c, 0xc8, 0xdc, 0xca, 0x08, 0xc9, 0xeb, 0xe1, 0xf0, 0xeb, 0xf0, 0xe1, 0xe1, 0xe1, 0xe1, 0x01, 0xe6, 0xf6, 0xe1, 0x01, 0x01, 0xc9, 0xc9, 0xf6, 0xc5, 0xbe, 0xca, 0xc5, 0xac, 0x6f, 0x15, 0x0c, 0x12, 0x27, 0x1a, 0x29, 0x23, 0x23, 0x0f, 0x16, 0x1a, 0x1a, 0x16, 0x14, 0x1a, 0x29, 0x29, 0x12, 0x11, 0x12, 0x11, 0x11, 0x11, 0x11, 0x11, 0x0e, 0x11, 0x11, 0x11, 0x11, 0x0f, 0x11, 0x0f, 0x18, 0x18, 0x18, 0x18, 0x1a, 0x20, 0x23, 0x20, 0x18, 0x18, 0x18, 0x14, 0x18, 0x1b, 0x18, 0x14, 0x29, 0x58, 0x91, 0x7e, 0x3c, 0x35, 0x1a, 0x1c, 0x58, 0x58, 0x60, 0x5e, 0x55, 0x3b, 0x21, 0x16, 0x23, 0x1c, 0x1a, 0x16, 0x1c, 0x1c, 0x1c, 0x16, 0x1c, 0x16, 0x1c, 0x19, 0x1c, 0x19, 0x1c, 0x19, 0x26, 0x2f, 0x26, 0x26, 0x26, 0x2f, 0x2e, 0x2f, 0x26, 0x26, 0x28, 0x2f, 0x2e, 0x2f, 0x2e, 0x32, 0x28, 0x2f, 0x28, 0x32, 0x59, 0x6a, 0x6a, 0x59, 0x37, 0x37, 0x37, 0x32, 0x37, 0x37, 0x32, 0x3d, 0x32, 0x3d, 0x37, 0x37, 0x37, 0x37, 0x39, 0x39, 0x39, 0x37, 0x39, 0x3e, 0x49, 0x35, 0x4e, 0x99, 0x0b, 0xe4, 0xdf, 0xdf, 0xf7, 0xf2, 0xe8, 0xe8, 0xec, 0x08, 0x08, 0x08, 0x08, 0xe8, 0x03, 0x03, 0xe8, 0xe8, 0xe8, 0xe8, 0x03, 0x03, 0x03, 0x03, 0x03, 0x03, 0x03, 0x03, 0x03, 0x03, 0xe8, 0xe8, 0xe8, 0xe8, 0xe8, 0xe8, 0x03, 0x03, 0x03, 0x03, 0x03, 0x03, 0x03, 0x04, 0x03, 0x03, 0x04, 0x03, 0x04, 0x04, 0x04, 0x04, 0x03, 0x04, 0x04, 0x04, 0x03, 0x04, 0x04, 0x04, 0x04, 0x04, 0x04, 0x04, 
  0xf3, 0xc2, 0xf3, 0xc2, 0xc2, 0xf3, 0x00, 0xc2, 0x00, 0xc2, 0x00, 0xc2, 0xee, 0x00, 0xc2, 0x00, 0xc2, 0x00, 0xc2, 0x00, 0x00, 0x00, 0x00, 0x00, 0x00, 0x00, 0x00, 0x00, 0x00, 0x00, 0x00, 0x00, 0x00, 0x00, 0x00, 0x00, 0x00, 0xf8, 0xf8, 0x00, 0xf8, 0x00, 0xf8, 0x00, 0xe5, 0x00, 0xe5, 0x00, 0xe5, 0x00, 0xf8, 0xf8, 0xf8, 0xf8, 0xf8, 0x00, 0xe5, 0x00, 0xf8, 0xf8, 0xf8, 0xf8, 0xf8, 0x00, 0xf8, 0xf8, 0x00, 0xf4, 0x00, 0x00, 0xe5, 0x00, 0xe1, 0xc9, 0xc1, 0xc6, 0x7f, 0x27, 0x29, 0x23, 0x26, 0x19, 0x19, 0x10, 0x22, 0x16, 0x1d, 0x1a, 0x0f, 0x23, 0x23, 0x1a, 0x23, 0x23, 0x16, 0x14, 0x74, 0xc4, 0xcf, 0xce, 0xd5, 0x06, 0x02, 0xf5, 0xf0, 0xf0, 0xf0, 0xe1, 0xe1, 0xe1, 0x06, 0xe1, 0x01, 0xe6, 0xeb, 0xe5, 0xf4, 0xfe, 0xf6, 0x06, 0xbb, 0xc9, 0xce, 0xb1, 0x7c, 0x36, 0x0e, 0x0e, 0x3f, 0x17, 0x0e, 0x38, 0x58, 0x58, 0x3b, 0x11, 0x18, 0x18, 0x18, 0x11, 0x0e, 0x11, 0x15, 0x17, 0x17, 0x18, 0x17, 0x17, 0x17, 0x15, 0x11, 0x15, 0x20, 0x24, 0x17, 0x18, 0x17, 0x18, 0x18, 0x18, 0x12, 0x11, 0x12, 0x11, 0x12, 0x17, 0x11, 0x18, 0x11, 0x14, 0x17, 0x18, 0x1b, 0x18, 0x1b, 0x20, 0x30, 0x5e, 0x94, 0x91, 0x69, 0x3b, 0x11, 0x18, 0x5e, 0x4d, 0x23, 0x23, 0x23, 0x2b, 0x29, 0x2b, 0x11, 0x1a, 0x1d, 0x23, 0x1a, 0x23, 0x23, 0x1a, 0x23, 0x23, 0x23, 0x23, 0x26, 0x2b, 0x28, 0x2b, 0x1a, 0x16, 0x1a, 0x1d, 0x23, 0x23, 0x26, 0x2b, 0x26, 0x26, 0x26, 0x28, 0x26, 0x28, 0x2b, 0x28, 0x26, 0x28, 0x2f, 0x28, 0x37, 0x48, 0x48, 0x42, 0x28, 0x2f, 0x32, 0x37, 0x32, 0x37, 0x32, 0x32, 0x37, 0x37, 0x37, 0x37, 0x39, 0x39, 0x39, 0x39, 0x40, 0x2e, 0x3e, 0x3c, 0x42, 0x23, 0x58, 0xb8, 0xdf, 0xde, 0xdf, 0xf2, 0xf7, 0xed, 0xf1, 0x03, 0xe8, 0x08, 0x08, 0x08, 0x08, 0xe8, 0x03, 0xf1, 0x03, 0xe8, 0x03, 0xe8, 0x03, 0x03, 0x03, 0x03, 0x03, 0x03, 0x03, 0x03, 0x03, 0xe8, 0x03, 0xec, 0x03, 0xe8, 0x03, 0xe8, 0x03, 0x03, 0x03, 0x03, 0x03, 0x04, 0x03, 0x03, 0x03, 0x04, 0x03, 0x03, 0x04, 0x03, 0x04, 0x03, 0x04, 0x04, 0x03, 0x04, 0x04, 0x04, 0x03, 0x04, 0x04, 0x04, 0x04, 0x04, 
  0xc2, 0xf3, 0x00, 0xc2, 0xee, 0xc2, 0x00, 0x00, 0x00, 0x00, 0x00, 0x00, 0xc2, 0x00, 0x00, 0x00, 0x00, 0x00, 0x00, 0x00, 0x00, 0x00, 0x00, 0x00, 0x00, 0x00, 0x00, 0x00, 0x00, 0x00, 0x00, 0x00, 0x00, 0x00, 0x00, 0x00, 0x00, 0xf8, 0x00, 0xe5, 0x00, 0xe5, 0x00, 0xf8, 0xf8, 0xf8, 0xf8, 0xf8, 0xf8, 0xf8, 0x00, 0xf8, 0x00, 0xf8, 0x00, 0xf8, 0xf8, 0xf8, 0x00, 0xf8, 0x00, 0xf8, 0x00, 0xf8, 0xf8, 0x00, 0xe5, 0x00, 0xe5, 0xe5, 0x00, 0xf8, 0xbe, 0x08, 0xbb, 0xa7, 0x24, 0x18, 0x0f, 0x1f, 0x16, 0x19, 0x26, 0x28, 0x2e, 0x1a, 0x22, 0x14, 0x16, 0x1a, 0x1a, 0x1d, 0x1a, 0x14, 0x19, 0x45, 0xab, 0xcf, 0xd3, 0xc1, 0x08, 0xbe, 0x03, 0xf0, 0xf0, 0xf0, 0xf0, 0xf0, 0xf0, 0xf9, 0xfe, 0xe1, 0x01, 0xe6, 0xf4, 0x01, 0xe1, 0xe2, 0x06, 0xbe, 0xfa, 0xc1, 0xac, 0x87, 0x6f, 0x6f, 0x6f, 0x6f, 0x5f, 0x64, 0x64, 0x64, 0x6f, 0x76, 0x6d, 0x56, 0x69, 0x76, 0x82, 0x7f, 0x76, 0x64, 0x3f, 0x2d, 0x2d, 0x30, 0x2d, 0x30, 0x24, 0x30, 0x24, 0x27, 0x17, 0x17, 0x17, 0x15, 0x18, 0x15, 0x11, 0x11, 0x23, 0x24, 0x18, 0x18, 0x17, 0x18, 0x17, 0x11, 0x20, 0x17, 0x20, 0x17, 0x1b, 0x17, 0x20, 0x17, 0x17, 0x3f, 0x73, 0x86, 0x6d, 0x45, 0x27, 0x2d, 0x38, 0x27, 0x24, 0x27, 0x38, 0x31, 0x29, 0x20, 0x20, 0x30, 0x33, 0x27, 0x20, 0x20, 0x18, 0x18, 0x18, 0x18, 0x1a, 0x20, 0x18, 0x1a, 0x20, 0x1a, 0x2b, 0x2e, 0x2b, 0x2b, 0x2b, 0x2e, 0x2b, 0x2e, 0x2e, 0x35, 0x2e, 0x2e, 0x2b, 0x26, 0x21, 0x26, 0x39, 0x37, 0x34, 0x28, 0x2e, 0x28, 0x26, 0x22, 0x32, 0x32, 0x32, 0x37, 0x37, 0x32, 0x37, 0x32, 0x37, 0x37, 0x39, 0x39, 0x34, 0x39, 0x3a, 0x39, 0x39, 0x37, 0x41, 0x35, 0x3d, 0x38, 0x6d, 0xd8, 0x0b, 0xdf, 0xf7, 0xf2, 0xf7, 0xea, 0xe8, 0xe8, 0xe2, 0x08, 0x08, 0x08, 0xfb, 0x03, 0xe8, 0x03, 0xe8, 0xe8, 0xe8, 0xe8, 0x03, 0x03, 0x03, 0x03, 0x03, 0x03, 0x03, 0x03, 0x03, 0x03, 0xe8, 0xe8, 0xe8, 0xe8, 0xe8, 0xe8, 0x03, 0x03, 0x03, 0x03, 0x03, 0x03, 0x03, 0x04, 0x03, 0x03, 0x04, 0x03, 0x04, 0x04, 0x04, 0x04, 0x03, 0x04, 0x04, 0x04, 0x03, 0x04, 0x04, 0x04, 0x04, 0x04, 0x04, 0x04, 
  0xf3, 0xc2, 0xf3, 0xc2, 0xc2, 0xf3, 0x00, 0xc2, 0x00, 0xc2, 0x00, 0xc2, 0xee, 0x00, 0xc2, 0x00, 0xc2, 0x00, 0xc2, 0x00, 0x00, 0x00, 0x00, 0x00, 0x00, 0x00, 0x00, 0x00, 0x00, 0x00, 0x00, 0x00, 0x00, 0x00, 0x00, 0x00, 0x00, 0xf8, 0xf8, 0xf8, 0xf8, 0xf8, 0xf8, 0x00, 0xf8, 0x00, 0xf8, 0x00, 0xf8, 0x00, 0xe5, 0x00, 0xe5, 0x00, 0xe5, 0x00, 0xf8, 0x00, 0xe5, 0x00, 0xe5, 0x00, 0xe5, 0x00, 0xe5, 0xf8, 0xe5, 0xf8, 0xee, 0xee, 0xe5, 0x00, 0xc9, 0xca, 0xc0, 0x5f, 0x17, 0x11, 0x32, 0x16, 0x19, 0x26, 0x19, 0x23, 0x19, 0x10, 0x23, 0x1d, 0x23, 0x14, 0x13, 0x23, 0x1d, 0x14, 0x42, 0x7b, 0xc0, 0xc1, 0xc1, 0xd9, 0xfe, 0xfa, 0xf5, 0xf0, 0xf0, 0xf0, 0xf0, 0xf5, 0xe1, 0xe1, 0x06, 0xe1, 0xd1, 0x06, 0x01, 0xcb, 0xd1, 0x06, 0xb5, 0x9f, 0x82, 0xb0, 0xfc, 0x0b, 0xdd, 0xdd, 0xdd, 0xdd, 0x0b, 0x0a, 0x0a, 0x0b, 0x0a, 0xdd, 0xdc, 0xdc, 0xdd, 0xdd, 0x0a, 0xde, 0xdd, 0xde, 0xe4, 0x0b, 0x0a, 0xdd, 0xdd, 0xdd, 0xdd, 0xdc, 0x09, 0xdc, 0xda, 0xda, 0xd8, 0xd8, 0xd8, 0xd4, 0xd4, 0xd4, 0xcc, 0xc7, 0xc6, 0xc6, 0xbf, 0xbd, 0xbc, 0xbd, 0xb8, 0xba, 0xb6, 0xb6, 0xb3, 0xb3, 0xaf, 0xaf, 0xb1, 0xab, 0xac, 0xb3, 0xac, 0xa7, 0xa4, 0xa0, 0xa3, 0xa2, 0x9c, 0x9d, 0x99, 0x99, 0x99, 0xa0, 0x93, 0x99, 0x99, 0x90, 0x87, 0x86, 0x86, 0x82, 0x81, 0x7f, 0x7f, 0x7c, 0x7c, 0x7b, 0x76, 0x75, 0x73, 0x6e, 0x73, 0x6b, 0x6b, 0x69, 0x65, 0x62, 0x69, 0x62, 0x62, 0x5c, 0x5e, 0x58, 0x58, 0x50, 0x5e, 0x47, 0x35, 0x47, 0x54, 0x58, 0x47, 0x43, 0x3b, 0x3c, 0x3b, 0x3c, 0x3c, 0x3c, 0x3c, 0x3b, 0x35, 0x35, 0x3c, 0x35, 0x3c, 0x37, 0x37, 0x39, 0x35, 0x35, 0x43, 0x29, 0x45, 0x50, 0x7f, 0x0b, 0xde, 0xdf, 0xdf, 0xf2, 0xf7, 0xe8, 0x03, 0xec, 0xe8, 0x08, 0x08, 0x08, 0x08, 0xe8, 0xe8, 0x03, 0xe8, 0x03, 0xe8, 0x03, 0x03, 0x03, 0x03, 0x03, 0x03, 0x03, 0x03, 0x03, 0x03, 0xe8, 0x03, 0xec, 0x03, 0xe8, 0x03, 0xe8, 0x03, 0x03, 0x03, 0x03, 0x03, 0x04, 0x03, 0x03, 0x03, 0x04, 0x03, 0x03, 0x04, 0x03, 0x04, 0x03, 0x04, 0x04, 0x03, 0x04, 0x04, 0x04, 0x03, 0x04, 0x04, 0x04, 0x04, 0x04, 
  0xc2, 0x00, 0xc2, 0x00, 0x00, 0x00, 0x00, 0x00, 0x00, 0x00, 0x00, 0x00, 0xc2, 0x00, 0x00, 0x00, 0x00, 0x00, 0x00, 0x00, 0xc2, 0x00, 0x00, 0x00, 0x00, 0x00, 0x00, 0x00, 0x00, 0x00, 0x00, 0x00, 0x00, 0x00, 0x00, 0x00, 0x00, 0xf8, 0x00, 0xf8, 0x00, 0xf8, 0x00, 0xe5, 0x00, 0xe5, 0x00, 0xe5, 0x00, 0xf8, 0xf8, 0xf8, 0xf8, 0xf8, 0xf8, 0xf8, 0x00, 0xf8, 0xf8, 0xf8, 0xf8, 0xf8, 0x00, 0xe0, 0xc2, 0xc2, 0xc2, 0xf3, 0xf9, 0x00, 0xf3, 0x06, 0xbb, 0xda, 0x86, 0x18, 0x31, 0x1c, 0x10, 0x2b, 0x1a, 0x23, 0x1a, 0x16, 0x18, 0x14, 0x1a, 0x1a, 0x1a, 0x1a, 0x29, 0x1d, 0x1a, 0x1a, 0x35, 0xbf, 0xc6, 0xc4, 0xc4, 0x06, 0x02, 0xfe, 0xf5, 0xf5, 0xef, 0xf0, 0xf5, 0xeb, 0x01, 0xe0, 0xe7, 0xd2, 0xce, 0x07, 0xc8, 0xcc, 0x9f, 0x6f, 0x52, 0x52, 0xef, 0xc9, 0xf3, 0xff, 0xde, 0xe4, 0xdb, 0xe4, 0x0b, 0x0b, 0x0b, 0x0b, 0xff, 0xfd, 0x05, 0xed, 0x08, 0xfd, 0xde, 0x09, 0xde, 0xff, 0x0b, 0xde, 0xdb, 0xe4, 0xe4, 0xe3, 0xdf, 0xdb, 0xde, 0xde, 0xde, 0xe4, 0xde, 0xe4, 0xde, 0xe4, 0xde, 0xde, 0xdb, 0xe4, 0xdf, 0xdb, 0xe4, 0xe4, 0xde, 0xdb, 0xe4, 0xdd, 0x0b, 0x09, 0x0b, 0xdd, 0x0b, 0xde, 0x09, 0xdf, 0xd9, 0xe4, 0x0b, 0xde, 0xff, 0x0b, 0x0b, 0x0a, 0xdd, 0xdd, 0x0b, 0xde, 0xde, 0xe4, 0xdd, 0x0b, 0xdd, 0xff, 0x0a, 0x0b, 0x0a, 0xdf, 0xff, 0xe4, 0xe4, 0xe3, 0xdf, 0xff, 0xdd, 0x0b, 0x0a, 0x0b, 0x0a, 0xdd, 0x0b, 0xe4, 0xdb, 0x0b, 0x0a, 0x0b, 0xdd, 0xdd, 0x0a, 0x0b, 0x0b, 0xdd, 0x0a, 0xdd, 0xdc, 0xdd, 0xdd, 0xdd, 0xdd, 0xdd, 0xdd, 0x09, 0xdb, 0xda, 0xda, 0xd8, 0xd8, 0xd8, 0xd4, 0xd8, 0xd0, 0xcc, 0xc0, 0xbd, 0xb8, 0xb6, 0xb2, 0xaf, 0xb2, 0xad, 0xad, 0xb1, 0xce, 0x0b, 0x0b, 0xdf, 0xdf, 0xdf, 0xf2, 0xec, 0xec, 0x03, 0xe2, 0xe2, 0xec, 0xe8, 0xec, 0xe8, 0xe8, 0x03, 0xe8, 0xe8, 0xe8, 0xe8, 0x03, 0x03, 0x03, 0x03, 0x03, 0x03, 0xe8, 0xe8, 0xe8, 0xec, 0xe8, 0xe8, 0xe8, 0xe8, 0xe8, 0xe8, 0x03, 0x03, 0x03, 0x03, 0x03, 0x03, 0x03, 0x04, 0x03, 0x03, 0x04, 0x04, 0x03, 0x04, 0x03, 0x04, 0x03, 0x04, 0x04, 0x04, 0x03, 0x04, 0x04, 0x04, 0x04, 0x04, 0x04, 0x04, 
  0xc2, 0xf3, 0xc2, 0x00, 0xc2, 0x00, 0xc2, 0x00, 0xc2, 0x00, 0xc2, 0x00, 0x00, 0x00, 0xc2, 0x00, 0xc2, 0x00, 0xc2, 0x00, 0x00, 0x00, 0xc2, 0x00, 0x00, 0x00, 0x00, 0x00, 0x00, 0x00, 0x00, 0x00, 0x00, 0x00, 0x00, 0x00, 0x00, 0xf8, 0xf8, 0x00, 0xe5, 0x00, 0xf8, 0xf8, 0xf8, 0xf8, 0xf8, 0xf8, 0xf8, 0x00, 0xf8, 0x00, 0xf8, 0x00, 0xf8, 0x00, 0xe5, 0x00, 0xf8, 0x00, 0xf8, 0x00, 0xf8, 0x00, 0xc2, 0xcd, 0x01, 0xf3, 0xee, 0xf9, 0xc9, 0xc1, 0xd3, 0xad, 0x5c, 0x12, 0x1c, 0x1c, 0x16, 0x1c, 0x1a, 0x1a, 0x1a, 0x18, 0x1a, 0x1a, 0x1a, 0x1a, 0x35, 0x14, 0x4d, 0x54, 0x14, 0x29, 0x91, 0x9d, 0xbb, 0xca, 0xec, 0xd5, 0xfe, 0xc9, 0xf9, 0xf9, 0x04, 0xef, 0xc2, 0x01, 0xe7, 0xe7, 0xca, 0xbd, 0xcc, 0x9c, 0x7c, 0x30, 0x15, 0x0e, 0x6f, 0xd2, 0x06, 0xfe, 0xf9, 0xf7, 0xff, 0xdf, 0xde, 0xe4, 0xdd, 0xfd, 0xff, 0xfd, 0xfd, 0xde, 0xfd, 0x05, 0x05, 0xfd, 0xf2, 0xdf, 0xdf, 0xff, 0x0b, 0xff, 0xdf, 0xdf, 0xe4, 0xde, 0xdf, 0xe4, 0xe4, 0xe4, 0xde, 0xde, 0xde, 0xde, 0xe4, 0xde, 0xf2, 0xff, 0xf7, 0xfd, 0xe4, 0xe4, 0xdf, 0xe4, 0xde, 0xdf, 0xde, 0xdf, 0xfd, 0xdf, 0xff, 0x05, 0xdf, 0xe4, 0x0b, 0xdf, 0xdf, 0xff, 0xdf, 0xde, 0xde, 0xde, 0xd9, 0x0b, 0x0a, 0x09, 0xfd, 0xdf, 0xf2, 0xde, 0xf2, 0x0b, 0xde, 0x0a, 0xde, 0x0b, 0xfd, 0xfd, 0xf2, 0xf2, 0xdf, 0xe4, 0xe4, 0xe4, 0xff, 0xff, 0x0b, 0x0a, 0xff, 0xde, 0xdf, 0xe4, 0xdf, 0xde, 0xdf, 0x0b, 0x0a, 0x0b, 0x0b, 0xdd, 0xde, 0xdd, 0x0b, 0x0a, 0xdd, 0x0a, 0xde, 0xdd, 0x09, 0x05, 0xdb, 0x05, 0xdd, 0xdb, 0xe4, 0x0b, 0xdf, 0xe4, 0xff, 0x0b, 0xde, 0xdb, 0xd4, 0xd4, 0xcf, 0xd0, 0xcc, 0xd4, 0xd4, 0xda, 0xd8, 0xd9, 0x0a, 0xdf, 0xdf, 0xdf, 0xdf, 0xdf, 0x05, 0xe2, 0x02, 0xe8, 0xec, 0xec, 0xe8, 0xe8, 0xe8, 0xec, 0x03, 0xe8, 0x03, 0xe8, 0x03, 0xe8, 0x03, 0x03, 0x03, 0x03, 0x03, 0x03, 0xe8, 0xe8, 0xec, 0xe8, 0xec, 0x03, 0xe8, 0x03, 0xe8, 0x03, 0x03, 0x03, 0x03, 0x03, 0x03, 0x03, 0x03, 0x03, 0x03, 0x04, 0x03, 0x04, 0x03, 0x03, 0x03, 0x04, 0x04, 0x04, 0x03, 0x04, 0x04, 0x04, 0x03, 0x04, 0x04, 0x04, 0x04, 0x04, 
  0xc2, 0x00, 0xc2, 0x00, 0x00, 0x00, 0x00, 0x00, 0x00, 0x00, 0x00, 0x00, 0xc2, 0x00, 0x00, 0x00, 0x00, 0x00, 0x00, 0x00, 0xc2, 0x00, 0x00, 0x00, 0x00, 0x00, 0x00, 0x00, 0x00, 0x00, 0x00, 0x00, 0x00, 0x00, 0x00, 0x00, 0x00, 0xf8, 0x00, 0xf8, 0xf8, 0xf8, 0x00, 0xf8, 0x00, 0xf8, 0x00, 0xf8, 0x00, 0xe5, 0x00, 0xe5, 0x00, 0xe5, 0x00, 0xf8, 0xf8, 0x00, 0xe5, 0x00, 0xe5, 0x00, 0xe5, 0x00, 0xe0, 0xe0, 0xf4, 0x00, 0xf3, 0x06, 0x06, 0xc1, 0xd3, 0x73, 0x17, 0x18, 0x18, 0x21, 0x23, 0x1c, 0x1a, 0x1a, 0x1a, 0x19, 0x1a, 0x1c, 0x23, 0x23, 0x14, 0x54, 0x7d, 0x6b, 0x14, 0x5d, 0xbc, 0xaf, 0xc5, 0xe0, 0xe0, 0x00, 0x06, 0xf6, 0xeb, 0x06, 0x01, 0xcb, 0xd2, 0xd3, 0xca, 0xc6, 0xad, 0x7c, 0x24, 0x30, 0x0c, 0x2d, 0x17, 0x93, 0xda, 0xbd, 0xcb, 0xcb, 0xfe, 0x09, 0x09, 0xff, 0xde, 0xde, 0xff, 0x0b, 0xff, 0xff, 0x0b, 0xe4, 0xff, 0xe4, 0x0b, 0xdb, 0xdb, 0xdd, 0x09, 0x09, 0x0b, 0x0b, 0xde, 0xde, 0x09, 0xf2, 0xdd, 0xff, 0x09, 0xde, 0x0b, 0xff, 0xff, 0xff, 0xff, 0xff, 0xff, 0xde, 0x0b, 0x04, 0xde, 0xde, 0x05, 0xdb, 0xe7, 0xdb, 0xdb, 0x09, 0xd9, 0xdf, 0xde, 0xde, 0xe4, 0xde, 0xdf, 0xde, 0xdf, 0xe9, 0xde, 0xe4, 0x0b, 0x0b, 0xdd, 0x0b, 0x0b, 0x0b, 0x0b, 0xe4, 0xde, 0xde, 0xde, 0xde, 0xdd, 0xdf, 0xff, 0x0b, 0xf7, 0xf7, 0xf7, 0xe4, 0xe4, 0xe4, 0xdb, 0xe4, 0xf7, 0xff, 0xf7, 0xfd, 0xdf, 0xe4, 0xde, 0x05, 0xdf, 0x05, 0x0b, 0xff, 0xff, 0x0b, 0x0b, 0xfd, 0xe4, 0xdf, 0x0b, 0xff, 0xff, 0xff, 0xff, 0xfd, 0xde, 0xfd, 0xff, 0xdf, 0xdf, 0xdf, 0xff, 0xff, 0xde, 0x09, 0xde, 0xde, 0xdd, 0xd9, 0xd7, 0xd7, 0xdb, 0xdc, 0xda, 0xda, 0xda, 0xd8, 0xda, 0xdd, 0x0b, 0x0b, 0xdf, 0xdf, 0xdf, 0xf2, 0xed, 0x02, 0xe2, 0xe8, 0xec, 0xe2, 0xec, 0xe8, 0xec, 0xe8, 0xe8, 0xe8, 0xe8, 0xe8, 0xe8, 0xe8, 0x03, 0x03, 0x03, 0x03, 0x03, 0x03, 0x03, 0xec, 0xe8, 0xec, 0xe8, 0xe8, 0xe8, 0xe8, 0xe8, 0xe8, 0x03, 0x03, 0x03, 0x03, 0x03, 0x03, 0x03, 0x04, 0x03, 0x03, 0x04, 0x04, 0x03, 0x04, 0x03, 0x04, 0x03, 0x04, 0x04, 0x04, 0x03, 0x04, 0x04, 0x04, 0x04, 0x04, 0x04, 0x04, 
  0xc2, 0xf3, 0xc2, 0x00, 0xc2, 0x00, 0xc2, 0x00, 0xc2, 0x00, 0xc2, 0x00, 0x00, 0x00, 0xc2, 0x00, 0xc2, 0x00, 0xc2, 0x00, 0x00, 0x00, 0xc2, 0x00, 0x00, 0x00, 0x00, 0x00, 0x00, 0x00, 0x00, 0x00, 0x00, 0x00, 0x00, 0x00, 0x00, 0xf8, 0xf8, 0x00, 0xf8, 0x00, 0xe5, 0x00, 0xe5, 0x00, 0xe5, 0x00, 0xf8, 0xf8, 0xf8, 0xf8, 0xf8, 0xf8, 0xf8, 0x00, 0xf8, 0xf8, 0xf8, 0xf8, 0xf8, 0xf8, 0xf8, 0x00, 0x01, 0xc2, 0xc2, 0x01, 0xf4, 0xf3, 0xc9, 0xca, 0xa7, 0x36, 0x18, 0x3b, 0x1c, 0x1c, 0x23, 0x28, 0x19, 0x1c, 0x19, 0x16, 0x1c, 0x1a, 0x1c, 0x23, 0x11, 0x3c, 0x74, 0x58, 0x30, 0x95, 0xab, 0xaf, 0xbe, 0xe6, 0xe2, 0xe7, 0x01, 0xcd, 0xd1, 0xcd, 0xcb, 0xce, 0xcc, 0xad, 0x6f, 0x3f, 0x24, 0x0c, 0x31, 0x18, 0x27, 0x0e, 0xad, 0xcc, 0xba, 0xd3, 0xd8, 0xc1, 0xcb, 0xd7, 0x08, 0xdd, 0xdd, 0x0a, 0xdd, 0xdd, 0xde, 0x0a, 0xde, 0x0b, 0x0b, 0x0b, 0x0b, 0x0b, 0x0b, 0x0b, 0xff, 0x0b, 0xff, 0xdd, 0x0b, 0x0b, 0x0b, 0x0b, 0xdd, 0x0b, 0x0b, 0x0b, 0x0a, 0x0b, 0x0a, 0x0a, 0x0b, 0x0a, 0x0b, 0x0b, 0x0b, 0x0b, 0xdf, 0x0b, 0xe3, 0xdf, 0xde, 0xde, 0xdf, 0xd5, 0xdd, 0x0b, 0xff, 0xdf, 0x0b, 0xdf, 0xde, 0x0b, 0x0b, 0xff, 0x0b, 0xe4, 0x0b, 0xdb, 0x0b, 0x0a, 0xdc, 0xdd, 0x0a, 0xdb, 0xdb, 0xdf, 0xdd, 0x0b, 0xff, 0x0b, 0xdb, 0xff, 0xfc, 0xff, 0xf7, 0xdf, 0xde, 0xe4, 0xdb, 0xe4, 0x0b, 0xf7, 0xfd, 0xfd, 0xf7, 0xde, 0xe4, 0xea, 0xdf, 0xdf, 0xdf, 0xff, 0x0b, 0x0b, 0xff, 0xde, 0x05, 0xde, 0xfd, 0xfd, 0xfc, 0xfd, 0x09, 0xfc, 0xfc, 0xfc, 0x09, 0xff, 0x0b, 0xff, 0xff, 0xf7, 0xff, 0xfd, 0xd9, 0xe3, 0xd9, 0xd2, 0xd5, 0xd9, 0xdc, 0x09, 0xdd, 0xdc, 0xd5, 0xcd, 0xd5, 0x0a, 0xf7, 0x0b, 0xf7, 0xdf, 0xf2, 0xfd, 0xe8, 0xe2, 0xe2, 0x04, 0xe2, 0xec, 0xe8, 0xec, 0xe8, 0xec, 0x03, 0xe8, 0x03, 0xe8, 0x03, 0xe8, 0x03, 0x03, 0x03, 0x03, 0x03, 0x03, 0xe8, 0xe8, 0xec, 0xe8, 0xec, 0x03, 0xe8, 0x03, 0xe8, 0x03, 0x03, 0x03, 0x03, 0x03, 0x03, 0x03, 0x03, 0x03, 0x03, 0x04, 0x03, 0x04, 0x03, 0x03, 0x03, 0x04, 0x04, 0x04, 0x03, 0x04, 0x04, 0x04, 0x03, 0x04, 0x04, 0x04, 0x04, 0x04, 
  0xc2, 0x00, 0xc2, 0x00, 0x00, 0x00, 0x00, 0x00, 0x00, 0x00, 0x00, 0x00, 0xc2, 0x00, 0x00, 0x00, 0x00, 0x00, 0x00, 0x00, 0xc2, 0x00, 0x00, 0x00, 0x00, 0x00, 0x00, 0x00, 0x00, 0x00, 0x00, 0x00, 0x00, 0x00, 0x00, 0x00, 0x00, 0xf8, 0x00, 0xe5, 0x00, 0xf8, 0xf8, 0xf8, 0xf8, 0xf8, 0xf8, 0xf8, 0x00, 0xf8, 0x00, 0xf8, 0x00, 0xf8, 0x00, 0xf8, 0xf8, 0x00, 0xf8, 0x00, 0xf8, 0x00, 0xf8, 0xe5, 0x01, 0xbe, 0xee, 0xf4, 0xc9, 0xc9, 0xca, 0xbd, 0x64, 0x17, 0x23, 0x2b, 0x16, 0x23, 0x14, 0x22, 0x1c, 0x19, 0x21, 0x16, 0x19, 0x19, 0x1a, 0x1a, 0x18, 0x33, 0x7d, 0x7d, 0x7b, 0xb3, 0xb3, 0xc6, 0xcd, 0xe6, 0xe0, 0xc5, 0xe7, 0xda, 0xd5, 0xca, 0xba, 0x7c, 0x36, 0x2d, 0x20, 0x17, 0x17, 0x18, 0x0c, 0x12, 0x58, 0xbf, 0xc6, 0xd0, 0xda, 0xcc, 0xa2, 0x76, 0x6f, 0x7c, 0x7f, 0x82, 0x87, 0x8b, 0xa0, 0x99, 0xa0, 0xa2, 0xa7, 0xa7, 0xa9, 0xad, 0xaf, 0xb1, 0xba, 0xba, 0xb6, 0xdf, 0x0b, 0x0b, 0xc8, 0xd7, 0xc8, 0x07, 0xc8, 0xdc, 0xd7, 0xd6, 0xda, 0xdc, 0xdc, 0xdc, 0x0a, 0x0a, 0x0b, 0x0b, 0x0a, 0xdd, 0xff, 0xdf, 0x0b, 0xdf, 0xdf, 0x0b, 0x0a, 0xdd, 0x0b, 0x0b, 0x0b, 0xd5, 0xdf, 0xdf, 0x0b, 0xdf, 0xbb, 0xcd, 0xbd, 0xc6, 0xda, 0xd4, 0xdd, 0xdc, 0xdc, 0xdd, 0x0b, 0x0b, 0x0b, 0x0b, 0x0b, 0x0b, 0xdd, 0xdd, 0x0b, 0x0b, 0x0b, 0xdf, 0xff, 0xdf, 0xde, 0xe4, 0xdf, 0x0b, 0x0b, 0xfd, 0xf7, 0xf7, 0xdf, 0x05, 0xdf, 0xde, 0xde, 0xe4, 0x0a, 0xfd, 0x0b, 0xfd, 0xdf, 0xdf, 0xdf, 0xdf, 0xdf, 0x0b, 0x0b, 0x0b, 0xff, 0xdd, 0x09, 0xdd, 0xdd, 0x0a, 0x0b, 0x0b, 0xff, 0xff, 0xf2, 0xde, 0xff, 0xde, 0x09, 0x09, 0xfd, 0x0b, 0x0b, 0x0a, 0xdd, 0xde, 0xdd, 0x09, 0xff, 0x0b, 0xf7, 0xf7, 0xdf, 0xdf, 0xe4, 0x05, 0xe8, 0xe2, 0xe8, 0x03, 0xec, 0xec, 0xec, 0xe8, 0xec, 0xe8, 0xe8, 0xe8, 0xe8, 0xe8, 0xe8, 0xe8, 0x03, 0x03, 0x03, 0x03, 0x03, 0x03, 0x03, 0xec, 0xe8, 0xec, 0xe8, 0xe8, 0xe8, 0xe8, 0xe8, 0xe8, 0x03, 0x03, 0x03, 0x03, 0x03, 0x03, 0x03, 0x04, 0x03, 0x03, 0x04, 0x04, 0x03, 0x04, 0x03, 0x04, 0x03, 0x04, 0x04, 0x04, 0x03, 0x04, 0x04, 0x04, 0x04, 0x04, 0x04, 0x04, 
  0xc2, 0xf3, 0xc2, 0x00, 0xc2, 0x00, 0xc2, 0x00, 0xc2, 0x00, 0xc2, 0x00, 0x00, 0x00, 0xc2, 0x00, 0xc2, 0x00, 0xc2, 0x00, 0x00, 0x00, 0xc2, 0x00, 0x00, 0x00, 0x00, 0x00, 0x00, 0x00, 0x00, 0x00, 0x00, 0x00, 0x00, 0x00, 0x00, 0xf8, 0xf8, 0xf8, 0xf8, 0x00, 0xf8, 0x00, 0xf8, 0x00, 0xf8, 0x00, 0xe5, 0x00, 0xe5, 0x00, 0xe5, 0x00, 0xe5, 0x00, 0xf8, 0xf8, 0x00, 0xe5, 0x00, 0xe5, 0x00, 0xe5, 0xf3, 0xef, 0xe1, 0x00, 0xbe, 0xcd, 0xbd, 0x99, 0x24, 0x18, 0x1a, 0x12, 0x1a, 0x2e, 0x1d, 0x19, 0x1f, 0x19, 0x19, 0x1f, 0x19, 0x1c, 0x19, 0x23, 0x23, 0x14, 0x0e, 0x5d, 0xb3, 0xc3, 0xb7, 0xc0, 0xd1, 0xcd, 0xe7, 0xd3, 0xc5, 0xb1, 0x93, 0x7f, 0x76, 0x5c, 0x20, 0x0d, 0x11, 0x14, 0x14, 0x17, 0x29, 0x73, 0xcc, 0xc0, 0xc6, 0xca, 0xd4, 0xca, 0x86, 0x1e, 0x0e, 0x17, 0x24, 0x17, 0x17, 0x36, 0x0e, 0x0e, 0x0e, 0x11, 0x11, 0x18, 0x18, 0x18, 0x20, 0x24, 0x24, 0x15, 0x1e, 0xac, 0xd3, 0xd3, 0x7c, 0x76, 0x5f, 0x74, 0x87, 0x8f, 0x74, 0x7c, 0x15, 0x15, 0x15, 0x1e, 0x17, 0x27, 0x27, 0x27, 0x3f, 0x52, 0x6f, 0xcb, 0x04, 0xfc, 0xdb, 0x08, 0x2d, 0x4b, 0x17, 0x2d, 0x52, 0x3f, 0xfc, 0x09, 0xde, 0xdb, 0x76, 0x6f, 0x3f, 0x15, 0x24, 0x1e, 0x3f, 0x69, 0x7c, 0x87, 0x94, 0x93, 0x7c, 0x5f, 0x3f, 0x3f, 0x4b, 0x6f, 0xca, 0xff, 0x0b, 0x0b, 0x0b, 0x0b, 0xde, 0xe4, 0x0b, 0xdd, 0x0b, 0xf7, 0xf7, 0xf7, 0xf2, 0xe4, 0xdf, 0xdf, 0xe4, 0x0b, 0xdf, 0x0b, 0xdf, 0xff, 0xff, 0xdf, 0xe4, 0xdf, 0xe4, 0x0b, 0x0b, 0x0b, 0x0b, 0x0b, 0x0b, 0x0b, 0x0b, 0x0b, 0x0b, 0x0b, 0xdf, 0x0b, 0xe4, 0xdf, 0xdf, 0xdf, 0xdf, 0x0b, 0x0b, 0xdf, 0x0b, 0x0b, 0xff, 0x0b, 0x0b, 0x0b, 0x0b, 0xf7, 0xf7, 0xf7, 0xf7, 0xdf, 0xf2, 0x05, 0xe8, 0xec, 0xec, 0x03, 0xe2, 0xec, 0xe8, 0xec, 0xe8, 0xec, 0x03, 0xe8, 0x03, 0xe8, 0x03, 0xe8, 0x03, 0x03, 0x03, 0x03, 0x03, 0x03, 0xe8, 0xe8, 0xec, 0xe8, 0xec, 0x03, 0xe8, 0x03, 0xe8, 0x03, 0x03, 0x03, 0x03, 0x03, 0x03, 0x03, 0x03, 0x03, 0x03, 0x04, 0x03, 0x04, 0x03, 0x03, 0x03, 0x04, 0x04, 0x04, 0x03, 0x04, 0x04, 0x04, 0x03, 0x04, 0x04, 0x04, 0x04, 0x04, 
  0xc2, 0x00, 0xc2, 0x00, 0x00, 0x00, 0x00, 0x00, 0x00, 0x00, 0x00, 0x00, 0xc2, 0x00, 0x00, 0x00, 0x00, 0x00, 0x00, 0x00, 0xc2, 0x00, 0x00, 0x00, 0x00, 0x00, 0x00, 0x00, 0x00, 0x00, 0x00, 0x00, 0x00, 0x00, 0x00, 0x00, 0x00, 0xf8, 0x00, 0xf8, 0x00, 0xe5, 0x00, 0xe5, 0x00, 0xe5, 0x00, 0xf8, 0xf8, 0xf8, 0xf8, 0xf8, 0xf8, 0xf8, 0xf8, 0xf8, 0xf8, 0x00, 0xf8, 0xf8, 0xf8, 0xf8, 0xf8, 0xee, 0xee, 0xef, 0xe1, 0xc2, 0xc5, 0xcd, 0xa7, 0x5c, 0x12, 0x29, 0x1a, 0x16, 0x26, 0x1d, 0x2f, 0x19, 0x19, 0x1f, 0x19, 0x19, 0x22, 0x26, 0x2b, 0x2b, 0x14, 0x33, 0x15, 0x74, 0xd0, 0xba, 0xc8, 0xd8, 0xd3, 0xc5, 0xad, 0x82, 0x52, 0x1e, 0x3b, 0x62, 0x18, 0x35, 0x27, 0x14, 0x33, 0x27, 0x14, 0x20, 0x8e, 0xcc, 0xbd, 0xc4, 0x07, 0x07, 0xc8, 0x09, 0x82, 0x12, 0x12, 0x12, 0x12, 0x12, 0x14, 0x18, 0x18, 0x18, 0x18, 0x18, 0x18, 0x14, 0x11, 0x13, 0x11, 0x11, 0x17, 0x0e, 0x1e, 0xb1, 0xca, 0xbd, 0x6d, 0x5d, 0x45, 0x62, 0x90, 0x74, 0x56, 0x65, 0x20, 0x20, 0x20, 0x18, 0x20, 0x18, 0x11, 0x18, 0x0c, 0x15, 0x3f, 0xca, 0xfd, 0x06, 0xc5, 0xb0, 0x0c, 0x2d, 0x18, 0x3b, 0x52, 0x64, 0xd2, 0xd1, 0xcb, 0xcd, 0x7c, 0x82, 0x76, 0x4b, 0x15, 0x15, 0x52, 0x64, 0x82, 0x99, 0xa0, 0x82, 0x56, 0x27, 0x17, 0x15, 0x0e, 0x2d, 0xc6, 0xd3, 0xd2, 0x06, 0xa8, 0x82, 0x86, 0x8b, 0x8e, 0x87, 0xd2, 0xef, 0xf0, 0xf0, 0xe7, 0x05, 0xb6, 0xc6, 0xc6, 0xbd, 0xcc, 0xc1, 0xdd, 0xff, 0xd2, 0xbb, 0x92, 0xa0, 0xa2, 0xa2, 0xa7, 0xad, 0xaf, 0xad, 0xaf, 0xaf, 0xb2, 0xad, 0xaf, 0xb6, 0xba, 0xb6, 0xbd, 0xd3, 0xe3, 0x09, 0xfd, 0xfd, 0xfd, 0xfd, 0x05, 0x09, 0xff, 0xff, 0xde, 0xde, 0xfd, 0xfd, 0xff, 0xf7, 0xfd, 0xde, 0x05, 0x03, 0xe2, 0xe2, 0xe8, 0xe2, 0xec, 0xec, 0xec, 0xe8, 0xec, 0xe8, 0xe8, 0xe8, 0xe8, 0xe8, 0xe8, 0xe8, 0x03, 0x03, 0x03, 0x03, 0x03, 0x03, 0x03, 0xec, 0xe8, 0xec, 0xe8, 0xe8, 0xe8, 0xe8, 0xe8, 0xe8, 0x03, 0x03, 0x03, 0x03, 0x03, 0x03, 0x03, 0x04, 0x03, 0x03, 0x04, 0x04, 0x03, 0x04, 0x03, 0x04, 0x03, 0x04, 0x04, 0x04, 0x03, 0x04, 0x04, 0x04, 0x04, 0x04, 0x04, 0x04, 
  0xc2, 0xf3, 0xc2, 0x00, 0xc2, 0x00, 0xc2, 0x00, 0xc2, 0x00, 0xc2, 0x00, 0x00, 0x00, 0xc2, 0x00, 0xc2, 0x00, 0xc2, 0x00, 0x00, 0x00, 0xc2, 0x00, 0x00, 0x00, 0x00, 0x00, 0x00, 0x00, 0x00, 0x00, 0x00, 0x00, 0x00, 0x00, 0x00, 0xf8, 0xf8, 0x00, 0xf8, 0xf8, 0xf8, 0xf8, 0xf8, 0xf8, 0xf8, 0x00, 0xf8, 0x00, 0xf8, 0x00, 0xf8, 0x00, 0xf8, 0x00, 0xf8, 0xf8, 0x00, 0xf8, 0x00, 0xf8, 0x00, 0xf8, 0xf0, 0xbe, 0xf3, 0x01, 0xca, 0xbd, 0x8b, 0x0c, 0x12, 0x29, 0x16, 0x2e, 0x1d, 0x13, 0x2f, 0x14, 0x22, 0x19, 0x22, 0x22, 0x28, 0x2f, 0x32, 0x35, 0x29, 0x14, 0x38, 0xaf, 0xbc, 0xbc, 0xc8, 0xb3, 0x82, 0x5f, 0x1e, 0x0e, 0x17, 0x18, 0x24, 0x2b, 0x18, 0x18, 0x0f, 0x20, 0x20, 0x0c, 0x45, 0xaf, 0xd4, 0xbd, 0xcb, 0x06, 0x07, 0xfc, 0x09, 0xc8, 0x73, 0x0e, 0x12, 0x12, 0x10, 0x1c, 0x19, 0x18, 0x12, 0x12, 0x12, 0x1a, 0x1c, 0x1a, 0x19, 0x1b, 0x1d, 0x14, 0x17, 0x15, 0x1e, 0xb1, 0xca, 0xbd, 0x5c, 0x38, 0x33, 0x65, 0x90, 0x58, 0x18, 0x65, 0x11, 0x11, 0x11, 0x12, 0x18, 0x16, 0x1c, 0x12, 0x1c, 0x27, 0x15, 0xb0, 0xd1, 0xc9, 0x06, 0xa4, 0x2d, 0x0d, 0x1c, 0x12, 0x31, 0x7c, 0xbe, 0xc9, 0xcb, 0xbd, 0x7c, 0x7c, 0x7f, 0x65, 0x30, 0x56, 0x86, 0x7c, 0x7c, 0x92, 0x8e, 0x56, 0x15, 0x20, 0x27, 0x31, 0x31, 0x24, 0xcc, 0xce, 0xcb, 0xd2, 0x87, 0x15, 0x2d, 0x24, 0x15, 0x3f, 0x07, 0x06, 0xe8, 0xef, 0xe7, 0xcc, 0x69, 0x5c, 0x5c, 0x4b, 0x36, 0x5f, 0xac, 0xd7, 0xca, 0x8b, 0x3f, 0x1e, 0x2d, 0x2d, 0x31, 0x3b, 0x31, 0x29, 0x29, 0x2b, 0x4d, 0x29, 0x29, 0x3b, 0x3b, 0x2d, 0x3b, 0x64, 0xbb, 0xe1, 0x08, 0x08, 0xfa, 0xfa, 0xfa, 0xfa, 0x02, 0xd1, 0xf6, 0x03, 0x03, 0xfa, 0xf5, 0xfb, 0xf1, 0xe8, 0x03, 0x02, 0xf6, 0xec, 0xe8, 0xec, 0xe2, 0xec, 0xe8, 0xec, 0xe8, 0xec, 0x03, 0xe8, 0x03, 0xe8, 0x03, 0xe8, 0x03, 0x03, 0x03, 0x03, 0x03, 0x03, 0xe8, 0xe8, 0xec, 0xe8, 0xec, 0x03, 0xe8, 0x03, 0xe8, 0x03, 0x03, 0x03, 0x03, 0x03, 0x03, 0x03, 0x03, 0x03, 0x03, 0x04, 0x03, 0x04, 0x03, 0x03, 0x03, 0x04, 0x04, 0x04, 0x03, 0x04, 0x04, 0x04, 0x03, 0x04, 0x04, 0x04, 0x04, 0x04, 
  0x00, 0x00, 0x00, 0x00, 0x00, 0x00, 0x00, 0x00, 0x00, 0x00, 0x00, 0x00, 0x00, 0x00, 0x00, 0x00, 0x00, 0x00, 0x00, 0x00, 0x00, 0x00, 0x00, 0x00, 0x00, 0x00, 0x00, 0x00, 0x00, 0x00, 0x00, 0x00, 0xf8, 0xf8, 0xf8, 0xf8, 0x00, 0xf8, 0x00, 0xe5, 0x00, 0xf8, 0x00, 0xf8, 0x00, 0xf8, 0x00, 0xe5, 0x00, 0xe5, 0x00, 0xe5, 0x00, 0xe5, 0x00, 0xf8, 0xf8, 0x00, 0xe5, 0x00, 0xe5, 0x00, 0xe5, 0x00, 0xf0, 0xbe, 0xcb, 0xe7, 0xb6, 0xb1, 0x12, 0x31, 0x1c, 0x23, 0x21, 0x23, 0x22, 0x1d, 0x1d, 0x1d, 0x26, 0x13, 0x2f, 0x59, 0x5e, 0x42, 0x3c, 0x55, 0x4d, 0x18, 0x81, 0xb9, 0xaf, 0x86, 0x56, 0x17, 0x15, 0x17, 0x24, 0x11, 0x18, 0x16, 0x37, 0x0f, 0x16, 0x1a, 0x29, 0x27, 0x0e, 0x5c, 0xba, 0xdc, 0xd2, 0xd2, 0x06, 0xfa, 0xfc, 0xfc, 0x07, 0xcd, 0x64, 0x17, 0x0f, 0x12, 0x1c, 0x0d, 0x2b, 0x2f, 0x12, 0x18, 0x0f, 0x16, 0x1a, 0x0d, 0x2f, 0x14, 0x11, 0x1b, 0x0e, 0x69, 0x64, 0xbb, 0xcd, 0xbd, 0x69, 0x42, 0x62, 0x85, 0x65, 0x20, 0x20, 0x0e, 0x11, 0x18, 0x12, 0x18, 0x12, 0x2b, 0x29, 0x12, 0x35, 0x1a, 0x1e, 0x92, 0xc9, 0x06, 0x06, 0xa0, 0x17, 0x12, 0x21, 0x35, 0x11, 0x7f, 0xb5, 0xfa, 0xcd, 0xc2, 0x8b, 0x82, 0x7d, 0x30, 0x38, 0x45, 0x56, 0x52, 0x52, 0x82, 0x98, 0x3f, 0x27, 0x50, 0x20, 0x23, 0x27, 0x31, 0xc6, 0xce, 0xd2, 0x07, 0x8b, 0x15, 0x24, 0x18, 0x24, 0x2d, 0xc1, 0xfe, 0xf0, 0xe0, 0xd5, 0x99, 0x3f, 0x50, 0x50, 0x27, 0x1e, 0x6f, 0x07, 0xd3, 0xcd, 0x87, 0x3f, 0x2d, 0x1c, 0x3e, 0x2b, 0x12, 0x2b, 0x37, 0x2e, 0x23, 0x39, 0x2b, 0x2e, 0x2b, 0x3e, 0x31, 0x3b, 0x73, 0xa0, 0xd5, 0xd1, 0x04, 0x01, 0xfb, 0x02, 0xec, 0x02, 0xe2, 0x02, 0xe2, 0x02, 0xf1, 0xf1, 0xf1, 0xec, 0xe8, 0xec, 0xe8, 0xe8, 0xec, 0xe8, 0xec, 0xe8, 0xe8, 0xec, 0xe8, 0xec, 0xe8, 0xec, 0xe8, 0xe8, 0xe8, 0xe8, 0x03, 0x03, 0x03, 0x03, 0x03, 0xe8, 0xe8, 0xe8, 0xe8, 0x03, 0xe8, 0x03, 0xe8, 0xe8, 0xe8, 0xe8, 0xe8, 0x03, 0x03, 0x03, 0x03, 0x03, 0x03, 0x03, 0x03, 0x03, 0x03, 0x04, 0x03, 0x03, 0x03, 0x04, 0x03, 0x03, 0x03, 0x04, 0x04, 0x03, 0x04, 0x04, 0x04, 0x04, 0x04, 0x04, 0x04, 
  0x00, 0xc2, 0x00, 0xc2, 0x00, 0xc2, 0x00, 0xc2, 0x00, 0xc2, 0x00, 0xc2, 0x00, 0x00, 0x00, 0x00, 0x00, 0x00, 0x00, 0x00, 0x00, 0x00, 0x00, 0x00, 0x00, 0x00, 0x00, 0x00, 0x00, 0x00, 0x00, 0x00, 0xf8, 0x00, 0xf8, 0x00, 0xe5, 0x00, 0xf8, 0xf8, 0xf8, 0x00, 0xe5, 0x00, 0xe5, 0x00, 0xf8, 0xf8, 0xf8, 0xf8, 0xf8, 0xf8, 0xf8, 0xf8, 0xf8, 0x00, 0xf8, 0xf8, 0xf8, 0xf8, 0xf8, 0xf8, 0xf8, 0x00, 0xef, 0xf8, 0xe1, 0xbb, 0xc6, 0x5c, 0x27, 0x12, 0x1c, 0x1c, 0x23, 0x22, 0x1d, 0x1d, 0x1d, 0x1d, 0x2f, 0x1b, 0x2f, 0x3d, 0x5e, 0x67, 0x6b, 0x60, 0x29, 0x50, 0x7a, 0x69, 0x0f, 0x17, 0x31, 0x20, 0x33, 0x14, 0x20, 0x1d, 0x1d, 0x0d, 0x16, 0x1d, 0x23, 0x11, 0x18, 0x0e, 0x76, 0xd4, 0xd4, 0xcd, 0xca, 0x08, 0x04, 0xfc, 0xfb, 0xf9, 0xc9, 0xd2, 0x64, 0x2d, 0x24, 0x29, 0x29, 0x18, 0x29, 0x0c, 0x18, 0x1c, 0x18, 0x16, 0x11, 0x14, 0x3d, 0x1b, 0x20, 0x30, 0x1e, 0x6f, 0x76, 0xb1, 0xc5, 0xb1, 0x3f, 0x58, 0x50, 0x43, 0x38, 0x50, 0x4b, 0x56, 0x38, 0x43, 0x24, 0x3b, 0x31, 0x3b, 0x12, 0x29, 0x28, 0x1c, 0x1e, 0x99, 0xf8, 0xc2, 0xc4, 0x9f, 0x0e, 0x14, 0x59, 0x5e, 0x58, 0x86, 0xac, 0x00, 0xc1, 0xcd, 0x98, 0x93, 0x90, 0x74, 0x8f, 0xaf, 0xa3, 0xa4, 0xa4, 0xb7, 0xc0, 0xa8, 0x9d, 0x65, 0x14, 0x23, 0x20, 0x2d, 0xc6, 0xca, 0xcb, 0xc4, 0x87, 0x17, 0x33, 0x29, 0x20, 0x24, 0xbb, 0xc1, 0xc9, 0xcd, 0xb6, 0x45, 0x43, 0x0d, 0x3c, 0x20, 0x30, 0xb1, 0xce, 0xce, 0xcc, 0x7f, 0x31, 0x29, 0x2b, 0x2b, 0x2e, 0x37, 0x4e, 0x26, 0x2e, 0x37, 0x32, 0x2f, 0x3e, 0x35, 0x37, 0x26, 0x2e, 0x62, 0x82, 0xe7, 0xca, 0xe3, 0xd2, 0x04, 0xf6, 0xf6, 0x02, 0xe2, 0xe7, 0xe2, 0x02, 0x02, 0xf1, 0xe2, 0xec, 0xec, 0xe2, 0xec, 0xe2, 0xec, 0xe2, 0xec, 0xe8, 0xec, 0xe8, 0xec, 0xe8, 0xec, 0xe8, 0xec, 0xe8, 0x03, 0xe8, 0x03, 0xe8, 0x03, 0x03, 0x03, 0xe8, 0xec, 0xe8, 0xe8, 0xe8, 0xe8, 0xe8, 0x03, 0xe8, 0x03, 0xe8, 0x03, 0x03, 0x03, 0x03, 0x03, 0x03, 0x03, 0x03, 0x03, 0x03, 0x03, 0x03, 0x03, 0x03, 0x03, 0x03, 0x03, 0x04, 0x03, 0x04, 0x03, 0x04, 0x04, 0x03, 0x04, 0x04, 0x04, 0x04, 0x04, 
  0x00, 0x00, 0x00, 0x00, 0x00, 0x00, 0x00, 0x00, 0x00, 0x00, 0x00, 0x00, 0x00, 0x00, 0x00, 0x00, 0x00, 0x00, 0x00, 0x00, 0x00, 0x00, 0x00, 0x00, 0x00, 0x00, 0x00, 0x00, 0x00, 0x00, 0x00, 0x00, 0x00, 0xe5, 0x00, 0xf8, 0xf8, 0xf8, 0x00, 0xf8, 0x00, 0xf8, 0xf8, 0xf8, 0xf8, 0xf8, 0x00, 0xf8, 0x00, 0xf8, 0x00, 0xf8, 0x00, 0xf8, 0x00, 0xf8, 0xf8, 0x00, 0xf8, 0x00, 0xf8, 0x00, 0xe5, 0x00, 0x00, 0xd1, 0xc5, 0xc5, 0x8e, 0x12, 0x12, 0x1c, 0x1c, 0x1c, 0x1d, 0x22, 0x1d, 0x1d, 0x23, 0x1d, 0x1b, 0x26, 0x1b, 0x14, 0x1b, 0x42, 0x4d, 0x4d, 0x35, 0x11, 0x1a, 0x29, 0x1a, 0x20, 0x18, 0x18, 0x2f, 0x0d, 0x1b, 0x1b, 0x26, 0x22, 0x26, 0x16, 0x14, 0x18, 0x0e, 0x8e, 0xe3, 0xd8, 0xe9, 0xd5, 0xcd, 0xe3, 0x09, 0x03, 0xfa, 0xf8, 0xc9, 0x08, 0xdf, 0xdd, 0xdd, 0xdc, 0xdc, 0xdc, 0xd6, 0xa6, 0x11, 0x14, 0x12, 0x20, 0x29, 0x7d, 0xaf, 0xaf, 0xaf, 0xad, 0xac, 0xbb, 0xb5, 0xcb, 0xcb, 0xb0, 0x1e, 0x65, 0x69, 0x36, 0x5c, 0xbc, 0xd6, 0x0a, 0x0a, 0xdc, 0xdd, 0x0a, 0xdd, 0xd4, 0x56, 0x50, 0x14, 0x13, 0x15, 0x9f, 0xc5, 0xc9, 0xc5, 0x9f, 0x11, 0x26, 0x7e, 0x6a, 0x73, 0x7f, 0xa7, 0xc2, 0xc2, 0x06, 0x7c, 0x6d, 0x74, 0x74, 0x9d, 0xdc, 0xdd, 0xdd, 0x0b, 0xff, 0xdc, 0x0b, 0xc7, 0x50, 0x14, 0x23, 0x23, 0x27, 0xc6, 0xca, 0xcb, 0xc4, 0x92, 0x27, 0x35, 0x1c, 0x18, 0x2d, 0xbd, 0xcb, 0xce, 0xcd, 0x86, 0x27, 0x37, 0x14, 0x3d, 0x30, 0x6d, 0x0a, 0xc4, 0xca, 0xbd, 0x81, 0x31, 0x2f, 0x2e, 0x2e, 0x35, 0x2b, 0x33, 0x18, 0x3d, 0x29, 0x33, 0x29, 0x33, 0x2f, 0x3c, 0x48, 0x37, 0x3b, 0x5c, 0xd3, 0xd2, 0xd5, 0xe2, 0xe1, 0xeb, 0xe2, 0xe7, 0x02, 0xe7, 0x02, 0xe7, 0x02, 0x02, 0x02, 0xe2, 0xe2, 0xe2, 0xe2, 0xe2, 0xe2, 0xe2, 0xe2, 0xec, 0xe2, 0xec, 0xe2, 0xec, 0xe2, 0xec, 0xe2, 0xec, 0xe8, 0xec, 0xe8, 0xec, 0xe8, 0xe8, 0xe8, 0xec, 0xe8, 0xe8, 0xe8, 0x03, 0xe8, 0x03, 0xe8, 0xe8, 0xe8, 0xe8, 0xe8, 0x03, 0x03, 0x03, 0x03, 0x03, 0x03, 0x03, 0x03, 0x03, 0x03, 0x04, 0x03, 0x03, 0xe8, 0x04, 0x03, 0x03, 0x03, 0x04, 0x04, 0x03, 0x04, 0x04, 0x04, 0x04, 0x04, 0x04, 0x04, 
  0x00, 0xc2, 0x00, 0xc2, 0x00, 0xc2, 0x00, 0xc2, 0x00, 0xc2, 0x00, 0xc2, 0x00, 0x00, 0x00, 0x00, 0x00, 0x00, 0x00, 0x00, 0x00, 0x00, 0x00, 0x00, 0x00, 0x00, 0x00, 0x00, 0x00, 0x00, 0x00, 0x00, 0xf8, 0xf8, 0xf8, 0x00, 0xf8, 0x00, 0xe5, 0x00, 0xe5, 0x00, 0xf8, 0x00, 0xf8, 0x00, 0xe5, 0x00, 0xe5, 0x00, 0xe5, 0x00, 0xe5, 0x00, 0xe5, 0x00, 0xf8, 0xf8, 0x00, 0xe5, 0x00, 0xf8, 0xf8, 0x00, 0xc9, 0xc5, 0xca, 0xb6, 0x3b, 0x24, 0x16, 0x2b, 0x1c, 0x22, 0x19, 0x1d, 0x26, 0x1d, 0x23, 0x26, 0x14, 0x1b, 0x20, 0x1d, 0x29, 0x26, 0x4d, 0x5e, 0x35, 0x1c, 0x23, 0x14, 0x29, 0x35, 0x18, 0x29, 0x1b, 0x60, 0x6a, 0x5d, 0x37, 0x1b, 0x42, 0x1b, 0x29, 0x45, 0xa2, 0xda, 0xcc, 0xcd, 0x02, 0xd5, 0xea, 0xe3, 0xcd, 0x01, 0xe1, 0xc9, 0xe1, 0x08, 0xff, 0x0a, 0x0b, 0x0a, 0x0a, 0x0a, 0xdc, 0x9c, 0x18, 0x14, 0x0f, 0x14, 0x24, 0x9d, 0x0b, 0x0b, 0x0b, 0xdd, 0x0a, 0xdd, 0x09, 0xd2, 0x06, 0xac, 0x5f, 0x65, 0x6d, 0x45, 0x1e, 0xb3, 0x0a, 0xdc, 0x0b, 0xdc, 0x0b, 0xdc, 0xdc, 0x0b, 0x3f, 0x62, 0x23, 0x14, 0x0e, 0x99, 0xe0, 0xcd, 0xc5, 0x99, 0x17, 0x2f, 0x88, 0x59, 0x6b, 0x69, 0x99, 0xe0, 0xd2, 0xd1, 0x52, 0x1e, 0x30, 0x6d, 0x89, 0xd6, 0x0b, 0x0b, 0x0b, 0x0b, 0x0a, 0x0b, 0xba, 0x14, 0x1b, 0x26, 0x18, 0x2d, 0xd3, 0xd5, 0x07, 0xc4, 0xa3, 0x30, 0x1a, 0x16, 0x23, 0x2d, 0xbb, 0xcb, 0xce, 0xa2, 0x45, 0x3d, 0x1d, 0x37, 0x1d, 0x30, 0xba, 0xce, 0xcb, 0xce, 0xad, 0x90, 0x26, 0x37, 0x2f, 0x2f, 0x1b, 0x5d, 0x4b, 0x4b, 0x52, 0x36, 0x3f, 0x43, 0x45, 0x33, 0x14, 0x3d, 0x32, 0x2f, 0x3f, 0xcd, 0xd3, 0xcd, 0xe2, 0xe1, 0xf6, 0xe2, 0x02, 0xe7, 0xf6, 0xe7, 0xf6, 0x02, 0xf6, 0x02, 0x02, 0x02, 0x02, 0x02, 0x02, 0x02, 0x02, 0x02, 0xe2, 0xe2, 0xe2, 0xe2, 0xe2, 0xe2, 0xe2, 0xe2, 0xe2, 0xec, 0xe2, 0xec, 0xe2, 0xe8, 0xec, 0xe8, 0xe8, 0xec, 0xe8, 0xe8, 0xe8, 0xe8, 0xe8, 0x03, 0xe8, 0x03, 0xe8, 0x03, 0x03, 0x03, 0x03, 0x03, 0x03, 0x03, 0x03, 0x03, 0x03, 0x03, 0x03, 0x03, 0x03, 0x03, 0x03, 0x03, 0x04, 0x03, 0x04, 0x03, 0x04, 0x04, 0x03, 0x04, 0x04, 0x04, 0x04, 0x04, 
  0x00, 0x00, 0x00, 0x00, 0x00, 0x00, 0x00, 0x00, 0x00, 0x00, 0x00, 0x00, 0x00, 0x00, 0x00, 0x00, 0x00, 0x00, 0x00, 0x00, 0x00, 0x00, 0x00, 0x00, 0x00, 0x00, 0x00, 0x00, 0x00, 0x00, 0x00, 0x00, 0x00, 0xf8, 0x00, 0xe5, 0x00, 0xf8, 0xf8, 0xf8, 0xf8, 0xf8, 0x00, 0xe5, 0x00, 0xf8, 0xf8, 0xf8, 0xf8, 0xf8, 0xf8, 0xf8, 0xf8, 0xf8, 0xf8, 0xf8, 0xf8, 0x00, 0xf8, 0xf8, 0xf8, 0x00, 0xe5, 0x00, 0xc9, 0xc5, 0xc6, 0x6f, 0x12, 0x2b, 0x21, 0x1c, 0x19, 0x1d, 0x1d, 0x23, 0x1d, 0x23, 0x23, 0x23, 0x33, 0x1d, 0x14, 0x14, 0x23, 0x26, 0x1a, 0x1a, 0x0d, 0x0f, 0x1a, 0x2b, 0x55, 0x62, 0x6e, 0x85, 0xa1, 0x90, 0x78, 0x97, 0x85, 0x5d, 0x83, 0x90, 0x74, 0xb8, 0xcc, 0xba, 0xd5, 0xd5, 0xbe, 0xdf, 0xdb, 0xe7, 0xc2, 0xe0, 0xe0, 0xe6, 0xf6, 0x05, 0xff, 0xff, 0xff, 0x0b, 0x0b, 0x0b, 0x0a, 0x92, 0x20, 0x14, 0x20, 0x17, 0x0e, 0xa2, 0x0a, 0xdb, 0xff, 0xdb, 0xde, 0xde, 0xff, 0xcb, 0xe0, 0xa8, 0x5c, 0x43, 0x56, 0x43, 0x15, 0x89, 0xa3, 0xab, 0xa8, 0xb0, 0xba, 0xbd, 0xb7, 0xba, 0x52, 0x86, 0x54, 0x26, 0x15, 0x8b, 0xcd, 0xe0, 0xc5, 0x82, 0x17, 0x1b, 0x7e, 0x2f, 0x43, 0x2d, 0x92, 0xe7, 0xbe, 0xbe, 0x3f, 0x30, 0x30, 0x3d, 0x65, 0xc3, 0x0a, 0xff, 0xde, 0xf2, 0xdf, 0x0a, 0xa3, 0x20, 0x1d, 0x2f, 0x14, 0x2d, 0xda, 0xde, 0xd2, 0xcb, 0xa8, 0x27, 0x19, 0x26, 0x2b, 0x24, 0xb7, 0xce, 0xcf, 0x82, 0x30, 0x20, 0x32, 0x1d, 0x20, 0x73, 0x0b, 0xc9, 0x08, 0xe3, 0xb1, 0x99, 0x2f, 0x32, 0x33, 0x29, 0x50, 0xd0, 0xdd, 0xdc, 0xdc, 0x0a, 0xd7, 0xdc, 0xda, 0xa9, 0x50, 0x37, 0x3d, 0x42, 0x36, 0xc6, 0xca, 0xc5, 0xe3, 0x08, 0x02, 0xe1, 0xf6, 0x02, 0xf6, 0xe7, 0x02, 0xe6, 0x02, 0x02, 0x02, 0xe2, 0x02, 0xe2, 0x02, 0xe2, 0x02, 0xe2, 0x02, 0x02, 0x02, 0x02, 0x02, 0x02, 0x02, 0x02, 0xe2, 0xe2, 0xec, 0xe2, 0xec, 0xec, 0xe2, 0xe8, 0xec, 0xe8, 0xe8, 0xe8, 0x03, 0xe8, 0x03, 0xe8, 0xe8, 0xe8, 0xe8, 0xe8, 0x03, 0x03, 0x03, 0x03, 0x03, 0x03, 0x03, 0x03, 0x03, 0x03, 0x04, 0x03, 0x03, 0xe8, 0x04, 0x03, 0x03, 0x03, 0x04, 0x04, 0x03, 0x04, 0x04, 0x04, 0x04, 0x04, 0x04, 0x04, 
  0x00, 0xc2, 0x00, 0xc2, 0x00, 0xc2, 0x00, 0xc2, 0x00, 0xc2, 0x00, 0xc2, 0x00, 0x00, 0x00, 0x00, 0x00, 0x00, 0x00, 0x00, 0x00, 0x00, 0x00, 0x00, 0x00, 0x00, 0x00, 0x00, 0x00, 0x00, 0x00, 0x00, 0xf8, 0x00, 0xf8, 0xf8, 0xf8, 0x00, 0xf8, 0x00, 0xf8, 0x00, 0xf8, 0xf8, 0xf8, 0x00, 0xf8, 0x00, 0xf8, 0x00, 0xf8, 0x00, 0xf8, 0x00, 0xf8, 0x00, 0xf8, 0xf8, 0x00, 0xf8, 0x00, 0xf8, 0xf8, 0xc9, 0xbe, 0xd8, 0x99, 0x24, 0x31, 0x23, 0x23, 0x16, 0x22, 0x1d, 0x1d, 0x1d, 0x23, 0x23, 0x1c, 0x1c, 0x55, 0x5e, 0x58, 0x39, 0x2b, 0x2e, 0x26, 0x0d, 0x39, 0x1a, 0x35, 0x5e, 0x75, 0x85, 0x7e, 0x90, 0x6e, 0x85, 0x75, 0x85, 0x81, 0x78, 0x90, 0x7b, 0xbf, 0xc0, 0xb7, 0xd4, 0xd5, 0xc9, 0xde, 0xe3, 0xf4, 0xe6, 0xe0, 0xe6, 0xe6, 0xe0, 0xe6, 0x05, 0xf7, 0xf2, 0xff, 0xf7, 0x0b, 0xff, 0xde, 0x8b, 0x11, 0x13, 0x23, 0x20, 0x1e, 0xb1, 0xdf, 0xe4, 0xdf, 0xdf, 0xdf, 0xf2, 0xdf, 0x02, 0x06, 0xac, 0x4b, 0x3d, 0x29, 0x20, 0x0e, 0x30, 0x1e, 0x5f, 0x3f, 0x52, 0x0c, 0x52, 0x5f, 0x5f, 0x52, 0x8f, 0x67, 0x2f, 0x15, 0x7f, 0xe7, 0xcd, 0xc5, 0x7c, 0x17, 0x1b, 0x67, 0x1b, 0x1b, 0x0e, 0x93, 0xe7, 0xcd, 0xd2, 0x8b, 0x89, 0x74, 0x3d, 0x43, 0xc8, 0xdd, 0xdf, 0xdf, 0xf2, 0xdf, 0x0b, 0x99, 0x27, 0x1b, 0x28, 0x11, 0x24, 0xdb, 0xe4, 0xd2, 0xcb, 0xa8, 0x30, 0x1d, 0x28, 0x23, 0x17, 0xc5, 0x0b, 0xb7, 0x8e, 0x43, 0x3d, 0x42, 0x47, 0x43, 0xbd, 0x0b, 0xe4, 0xe4, 0x05, 0xc6, 0x99, 0x37, 0x26, 0x2f, 0x2f, 0x36, 0xd6, 0x0b, 0x0b, 0xde, 0xdf, 0xde, 0x0b, 0x0a, 0xaf, 0x29, 0x1b, 0x32, 0x47, 0x2d, 0xb1, 0xdb, 0xd9, 0x08, 0xe1, 0x02, 0x02, 0x02, 0x02, 0x02, 0x02, 0x02, 0x02, 0x02, 0x02, 0x02, 0x02, 0x02, 0x02, 0x02, 0x02, 0x02, 0x02, 0xec, 0xe2, 0xec, 0xe2, 0xec, 0xe2, 0xec, 0xe2, 0xe2, 0xec, 0xec, 0xec, 0xe2, 0xec, 0xe8, 0xec, 0xe8, 0xec, 0xe8, 0xe8, 0xe8, 0xe8, 0xe8, 0x03, 0xe8, 0x03, 0xe8, 0x03, 0x03, 0x03, 0x03, 0x03, 0x03, 0x03, 0x03, 0x03, 0x03, 0x03, 0x03, 0x03, 0x03, 0x03, 0x03, 0x03, 0x04, 0x03, 0x04, 0x03, 0x04, 0x04, 0x03, 0x04, 0x04, 0x04, 0x04, 0x04, 
  0x00, 0x00, 0x00, 0x00, 0x00, 0x00, 0x00, 0x00, 0x00, 0x00, 0x00, 0x00, 0x00, 0x00, 0x00, 0x00, 0x00, 0x00, 0x00, 0x00, 0x00, 0x00, 0x00, 0x00, 0x00, 0x00, 0x00, 0x00, 0x00, 0x00, 0x00, 0x00, 0x00, 0xe5, 0x00, 0xf8, 0x00, 0xe5, 0x00, 0xe5, 0x00, 0xe5, 0x00, 0xf8, 0x00, 0xe5, 0x00, 0xe5, 0x00, 0xe5, 0x00, 0xe5, 0x00, 0xe5, 0x00, 0xf8, 0xf8, 0x00, 0xe5, 0x00, 0xe5, 0x00, 0xe5, 0x00, 0xc4, 0xbb, 0x5f, 0x17, 0x3b, 0x21, 0x19, 0x19, 0x22, 0x1d, 0x1d, 0x1d, 0x23, 0x1a, 0x1c, 0x1c, 0x12, 0x2e, 0x3e, 0x26, 0x10, 0x16, 0x1c, 0x1c, 0x0c, 0x23, 0x3c, 0x18, 0x42, 0x7b, 0x83, 0x7d, 0x75, 0x5c, 0x50, 0x65, 0x30, 0x30, 0x81, 0xd0, 0xd0, 0xb3, 0xcf, 0xca, 0xce, 0x0b, 0xe2, 0x06, 0xef, 0xf0, 0xeb, 0xf6, 0xe7, 0x00, 0xe6, 0xf2, 0xf7, 0xf7, 0xf7, 0xf7, 0xdf, 0xdf, 0xe4, 0x7f, 0x18, 0x14, 0x18, 0x0e, 0x15, 0xb5, 0xdf, 0xdf, 0xf2, 0xf2, 0xdf, 0x05, 0xdf, 0xd5, 0x01, 0xa7, 0x31, 0x21, 0x0d, 0x14, 0x14, 0x1b, 0x30, 0x56, 0x89, 0x89, 0x5f, 0x93, 0x94, 0x7f, 0x86, 0x86, 0x5d, 0x2f, 0x2d, 0x6f, 0xe7, 0xc5, 0xe7, 0x76, 0x15, 0x1b, 0x3d, 0x2f, 0x17, 0x15, 0xa0, 0xcd, 0xe0, 0xd9, 0x92, 0x7d, 0x5d, 0x1b, 0x1b, 0xa2, 0x0b, 0xdf, 0xdf, 0xdf, 0xdf, 0xdf, 0x99, 0x20, 0x14, 0x2f, 0x11, 0x24, 0xdb, 0xde, 0xfe, 0x07, 0xa3, 0x30, 0x22, 0x16, 0x1c, 0x2d, 0xc6, 0xdb, 0x7c, 0x7f, 0x47, 0x65, 0x59, 0x6b, 0x81, 0xff, 0xe4, 0xdf, 0xf7, 0xe4, 0xd5, 0x99, 0x3d, 0x26, 0x2f, 0x3d, 0x38, 0xaf, 0xdd, 0xdf, 0xe4, 0xde, 0xdf, 0xdf, 0xdb, 0xad, 0x31, 0x42, 0x51, 0x47, 0x5c, 0xad, 0x0b, 0x0b, 0xfe, 0xc9, 0xf5, 0x03, 0xf1, 0x02, 0x02, 0xe2, 0x02, 0xe2, 0x02, 0xe2, 0xe2, 0x02, 0xe2, 0x02, 0xe2, 0x02, 0xe2, 0x02, 0xe2, 0xe2, 0xe2, 0xe2, 0xe2, 0xe2, 0xe2, 0xe2, 0xec, 0xec, 0xe2, 0xec, 0xe8, 0xe8, 0xec, 0xe8, 0xec, 0xe8, 0xe8, 0xe8, 0x03, 0xe8, 0x03, 0xe8, 0xe8, 0xe8, 0xe8, 0xe8, 0x03, 0x03, 0x03, 0x03, 0x03, 0x03, 0x03, 0x03, 0x03, 0x03, 0x04, 0x03, 0x03, 0xe8, 0x04, 0x03, 0x03, 0x03, 0x04, 0x04, 0x03, 0x04, 0x04, 0x04, 0x04, 0x04, 0x04, 0x04, 
  0x00, 0xc2, 0x00, 0xc2, 0x00, 0xc2, 0x00, 0xc2, 0x00, 0xc2, 0x00, 0xc2, 0x00, 0x00, 0x00, 0x00, 0x00, 0x00, 0x00, 0x00, 0x00, 0x00, 0x00, 0x00, 0x00, 0x00, 0x00, 0x00, 0x00, 0x00, 0x00, 0x00, 0xf8, 0xf8, 0xf8, 0x00, 0xf8, 0xf8, 0xf8, 0xf8, 0xf8, 0xf8, 0xf8, 0x00, 0xf8, 0xf8, 0xf8, 0xf8, 0x00, 0xf8, 0x00, 0xf8, 0xe5, 0x00, 0xe5, 0x00, 0xe5, 0x00, 0xf8, 0x00, 0xf8, 0xf8, 0x00, 0xc9, 0xcc, 0x7f, 0x17, 0x31, 0x23, 0x12, 0x2b, 0x22, 0x22, 0x26, 0x1d, 0x20, 0x23, 0x1a, 0x1c, 0x1c, 0x28, 0x16, 0x10, 0x1c, 0x21, 0x16, 0x16, 0x26, 0x32, 0x0f, 0x1d, 0x2b, 0x3d, 0x47, 0x29, 0x1b, 0x18, 0x29, 0x38, 0x11, 0x20, 0x94, 0xb8, 0xd6, 0xc3, 0xc0, 0xc0, 0xd7, 0xd9, 0xd5, 0xd5, 0x00, 0xf5, 0xf5, 0xef, 0xe1, 0xe6, 0xe0, 0xe6, 0xf2, 0xf2, 0xf7, 0xf7, 0xf7, 0xdf, 0xdf, 0xe4, 0x76, 0x12, 0x1d, 0x18, 0x11, 0x1e, 0xb5, 0xdf, 0xdf, 0xdf, 0xdf, 0xdf, 0xf2, 0xdf, 0x03, 0xcb, 0xa2, 0x43, 0x16, 0x19, 0x26, 0x1a, 0x58, 0x86, 0x7d, 0x94, 0x93, 0x90, 0x93, 0x90, 0xa0, 0x90, 0x8e, 0x5d, 0x30, 0x3f, 0x6f, 0xcd, 0xbb, 0xcd, 0x73, 0x17, 0x13, 0x1b, 0x2f, 0x0d, 0x1e, 0xa0, 0xe0, 0xe0, 0xd3, 0x7c, 0x31, 0x0d, 0x2f, 0x43, 0x8f, 0x0b, 0xe4, 0xf2, 0xdf, 0xe4, 0xdf, 0x99, 0x1e, 0x14, 0x35, 0x18, 0x24, 0xe3, 0xdb, 0xcb, 0xd2, 0x99, 0x30, 0x26, 0x21, 0x2b, 0x31, 0xad, 0xa4, 0x36, 0x50, 0x6d, 0x75, 0x83, 0x7f, 0xc6, 0xe4, 0xdf, 0xf2, 0xf2, 0xdf, 0xcd, 0xa7, 0x35, 0x32, 0x33, 0x2b, 0x36, 0xad, 0x0b, 0xde, 0xe4, 0xe4, 0xe4, 0xde, 0xde, 0xb6, 0x29, 0x35, 0x4e, 0x51, 0x86, 0xac, 0x0b, 0x0b, 0xe2, 0xfb, 0xfb, 0xf5, 0x02, 0xe2, 0xf1, 0x02, 0xe2, 0x02, 0xf1, 0x02, 0xe2, 0xe2, 0xe2, 0xe2, 0xe2, 0xe2, 0xe2, 0xe2, 0xec, 0xec, 0xec, 0xec, 0xec, 0xec, 0xec, 0xec, 0xe2, 0xe8, 0xe8, 0xe8, 0xec, 0xe8, 0x03, 0xe8, 0xe8, 0xec, 0xe8, 0xe8, 0xe8, 0xe8, 0xe8, 0x03, 0xe8, 0x03, 0xe8, 0x03, 0x03, 0x03, 0x03, 0x03, 0x03, 0x03, 0x03, 0x03, 0x03, 0x03, 0x03, 0x03, 0x03, 0x03, 0x03, 0x03, 0x04, 0x03, 0x04, 0x03, 0x04, 0x04, 0x03, 0x04, 0x04, 0x04, 0x04, 0x04, 
  0x00, 0x00, 0x00, 0x00, 0x00, 0x00, 0x00, 0x00, 0x00, 0x00, 0x00, 0x00, 0x00, 0x00, 0x00, 0x00, 0x00, 0x00, 0x00, 0x00, 0x00, 0x00, 0x00, 0x00, 0x00, 0x00, 0x00, 0x00, 0x00, 0xf8, 0xf8, 0xf8, 0x00, 0xf8, 0x00, 0xe5, 0x00, 0xf8, 0x00, 0xf8, 0x00, 0xf8, 0x00, 0xf8, 0xf8, 0x00, 0xf8, 0x00, 0xef, 0xef, 0xe5, 0x00, 0xe0, 0xe0, 0xe0, 0xe0, 0x01, 0xbe, 0x01, 0xf8, 0x01, 0xbe, 0xcb, 0xca, 0xa9, 0x4b, 0x0f, 0x29, 0x2b, 0x26, 0x13, 0x26, 0x23, 0x1d, 0x1d, 0x23, 0x1d, 0x23, 0x1c, 0x1d, 0x16, 0x1d, 0x22, 0x1d, 0x26, 0x1d, 0x16, 0x23, 0x29, 0x1a, 0x14, 0x18, 0x1a, 0x29, 0x1a, 0x11, 0x22, 0x22, 0x26, 0x5e, 0x90, 0xbc, 0xc3, 0xc0, 0xb7, 0x07, 0xd9, 0xd9, 0xd2, 0xe1, 0xcb, 0x01, 0xe1, 0xf0, 0x01, 0x01, 0xf9, 0xd1, 0x02, 0xec, 0x05, 0x05, 0xf2, 0xfd, 0xfd, 0xff, 0xdb, 0x69, 0x18, 0x13, 0x2b, 0x11, 0x1e, 0xc6, 0x05, 0xdf, 0xe4, 0xdf, 0xdf, 0xf2, 0xff, 0xd5, 0x01, 0x7f, 0x30, 0x14, 0x14, 0x0f, 0x38, 0x5c, 0x93, 0x92, 0x8f, 0x8b, 0x93, 0x8e, 0x99, 0x86, 0x82, 0x7c, 0x36, 0x3f, 0x36, 0x5f, 0xc5, 0xe7, 0xc6, 0x6f, 0x11, 0x14, 0x1d, 0x14, 0x20, 0x2d, 0xa0, 0xd3, 0xd1, 0xcd, 0x6f, 0x27, 0x2b, 0x20, 0x2b, 0x7c, 0xd9, 0xfe, 0xe7, 0xe0, 0xe9, 0xd5, 0x92, 0x15, 0x20, 0x2d, 0x17, 0x15, 0xdb, 0xde, 0xcd, 0xc4, 0x99, 0x38, 0x1c, 0x2c, 0x1c, 0x21, 0xa0, 0x43, 0x30, 0x67, 0x75, 0x62, 0x73, 0x92, 0xde, 0xdf, 0xdf, 0xf2, 0xdf, 0xdd, 0xcf, 0xad, 0x2f, 0x2b, 0x37, 0x29, 0x43, 0xad, 0x0b, 0x0a, 0xdf, 0xf7, 0xdf, 0xe4, 0xd3, 0xb1, 0x45, 0x2e, 0x40, 0x2e, 0x3f, 0xa0, 0x0b, 0x09, 0x08, 0xe8, 0xf0, 0x04, 0xe2, 0x02, 0xe2, 0xe2, 0xe2, 0xec, 0xf1, 0xec, 0xf1, 0xe2, 0xe2, 0xe2, 0xe2, 0xe2, 0xe2, 0xe2, 0xe2, 0xec, 0xe2, 0xe2, 0xe2, 0xe2, 0xec, 0xe2, 0xec, 0xec, 0xec, 0xec, 0xe2, 0xe8, 0xec, 0xe8, 0xec, 0xe2, 0xe8, 0xec, 0xe8, 0xe8, 0x03, 0xe8, 0xe8, 0xe8, 0xe8, 0xe8, 0x03, 0x03, 0x03, 0x03, 0x03, 0x03, 0x03, 0x03, 0x03, 0x03, 0x04, 0x03, 0x03, 0xe8, 0x04, 0x03, 0x03, 0x03, 0x04, 0x04, 0x03, 0x04, 0x04, 0x04, 0x03, 0x04, 0x04, 0x04, 
  0x00, 0xc2, 0x00, 0xc2, 0x00, 0xc2, 0x00, 0xc2, 0x00, 0x00, 0x00, 0x00, 0x00, 0x00, 0x00, 0x00, 0x00, 0x00, 0x00, 0x00, 0x00, 0x00, 0x00, 0x00, 0x00, 0x00, 0x00, 0x00, 0x00, 0xf8, 0x00, 0xf8, 0xf8, 0x00, 0xf8, 0xf8, 0xf8, 0x00, 0xe5, 0x00, 0xe5, 0x00, 0xe5, 0x00, 0xf8, 0xf8, 0x00, 0xf8, 0xef, 0xef, 0x00, 0xe5, 0xe0, 0xc2, 0xe0, 0xe5, 0x01, 0xf3, 0xef, 0x00, 0xf8, 0x00, 0xd2, 0xbd, 0x73, 0x22, 0x14, 0x28, 0x1d, 0x1a, 0x1d, 0x26, 0x1d, 0x23, 0x23, 0x22, 0x23, 0x22, 0x23, 0x22, 0x2f, 0x1b, 0x13, 0x13, 0x14, 0x1d, 0x23, 0x1d, 0x23, 0x1a, 0x1a, 0x1c, 0x1a, 0x1c, 0x35, 0x55, 0x1f, 0x13, 0x61, 0x97, 0xb9, 0xb2, 0xb1, 0xb7, 0xce, 0xd5, 0x08, 0xd2, 0xe1, 0x06, 0xe6, 0x01, 0xe6, 0xe6, 0x01, 0xf9, 0x01, 0xf9, 0xd1, 0x02, 0xe0, 0xeb, 0xf5, 0xf5, 0xfa, 0xd7, 0xd4, 0x56, 0x14, 0x11, 0x16, 0x11, 0x15, 0xc1, 0xd2, 0xfb, 0xe0, 0x02, 0xe0, 0xeb, 0xfe, 0xc9, 0xc5, 0x76, 0x0e, 0x0d, 0x29, 0x14, 0x62, 0xc0, 0xda, 0xcf, 0xc1, 0x98, 0x98, 0x8e, 0x93, 0x82, 0x98, 0xc8, 0xba, 0xb7, 0xb0, 0xac, 0x01, 0xc5, 0xc6, 0x5f, 0x1a, 0x14, 0x26, 0x13, 0x11, 0x17, 0xa0, 0xd5, 0xd2, 0xcb, 0x62, 0x2b, 0x2b, 0x16, 0x18, 0x6f, 0xd9, 0x06, 0xe6, 0xcd, 0xe6, 0xbe, 0x87, 0x3f, 0x15, 0x24, 0x2d, 0x2d, 0xcd, 0xdb, 0xd3, 0xda, 0x93, 0x31, 0x2b, 0x21, 0x21, 0x12, 0x62, 0x14, 0x1b, 0x67, 0x7d, 0x7b, 0x76, 0xbe, 0xf7, 0xf2, 0xdf, 0xdf, 0x0b, 0xd7, 0xc8, 0xab, 0x4b, 0x42, 0x2b, 0x47, 0x17, 0x73, 0xcf, 0x0b, 0x0b, 0x0b, 0x0b, 0x0b, 0xcc, 0xa0, 0x3b, 0x31, 0x3e, 0x3b, 0x36, 0x8e, 0xf7, 0xff, 0xde, 0x05, 0xf6, 0x02, 0x02, 0x02, 0x02, 0xe2, 0xe2, 0xf1, 0xf1, 0xf1, 0xe2, 0xe2, 0xe2, 0xe2, 0xe2, 0xe2, 0xe2, 0xe2, 0xec, 0xe2, 0xe2, 0xe2, 0xe2, 0xe2, 0xec, 0xec, 0xe2, 0xec, 0xe2, 0xec, 0xec, 0xe8, 0xe8, 0xec, 0xec, 0xec, 0xe8, 0xe8, 0xec, 0xe8, 0xe8, 0x03, 0xe8, 0x03, 0xe8, 0x03, 0x03, 0x03, 0x03, 0x03, 0x03, 0x03, 0x03, 0x03, 0x03, 0x03, 0x03, 0x03, 0x03, 0x03, 0x03, 0x03, 0x04, 0x03, 0x04, 0x03, 0x04, 0x04, 0x03, 0x04, 0x04, 0x04, 0x03, 0x04, 
  0x00, 0x00, 0x00, 0x00, 0x00, 0x00, 0x00, 0x00, 0x00, 0x00, 0x00, 0x00, 0x00, 0x00, 0x00, 0x00, 0x00, 0x00, 0x00, 0x00, 0x00, 0x00, 0x00, 0x00, 0x00, 0x00, 0x00, 0x00, 0x00, 0x00, 0xf8, 0xf8, 0x00, 0xe5, 0x00, 0xf8, 0x00, 0xf8, 0xf8, 0xf8, 0xf8, 0xf8, 0xf8, 0xf8, 0xf8, 0x00, 0xe5, 0x00, 0xef, 0xee, 0xe5, 0x00, 0xe0, 0xe0, 0x00, 0xe0, 0xee, 0xf4, 0xf8, 0xf8, 0xc9, 0xc4, 0xcd, 0x93, 0x27, 0x19, 0x1a, 0x2f, 0x16, 0x26, 0x42, 0x2b, 0x23, 0x23, 0x1d, 0x23, 0x1d, 0x23, 0x23, 0x1d, 0x14, 0x26, 0x54, 0x54, 0x2f, 0x1d, 0x26, 0x26, 0x16, 0x23, 0x1a, 0x0f, 0x16, 0x35, 0x3e, 0x39, 0x28, 0x7a, 0xa1, 0xb4, 0xaf, 0xb8, 0xc0, 0xc4, 0xda, 0x08, 0xd2, 0xe1, 0x06, 0xe6, 0xd1, 0x01, 0xe6, 0xe1, 0xf0, 0xf9, 0xf9, 0x06, 0x01, 0xcd, 0xe0, 0xe5, 0xef, 0xf4, 0xf9, 0xcb, 0xd7, 0x36, 0x18, 0x14, 0x12, 0x12, 0x1e, 0xca, 0x06, 0xf4, 0xf4, 0xe7, 0xf4, 0x01, 0xfe, 0x06, 0xca, 0x7c, 0x24, 0x26, 0x43, 0x16, 0x3b, 0x0a, 0x0a, 0x0b, 0x09, 0x92, 0x92, 0x92, 0x93, 0x8e, 0x9e, 0x0a, 0x0b, 0x0a, 0x0b, 0x05, 0xcd, 0xe0, 0xd5, 0x69, 0x27, 0x26, 0x32, 0x14, 0x18, 0x17, 0xa0, 0xda, 0xcb, 0xbb, 0x45, 0x12, 0x2b, 0x1a, 0x18, 0x7b, 0xfc, 0xf8, 0xe0, 0xe7, 0xd1, 0xcd, 0xbb, 0xb0, 0xc6, 0x99, 0x64, 0x52, 0xc5, 0xe4, 0xd1, 0xbd, 0x92, 0x24, 0x2b, 0x1c, 0x21, 0x26, 0x12, 0x20, 0x54, 0x67, 0x6e, 0x69, 0x8b, 0xe4, 0xf7, 0xf7, 0xdf, 0xdf, 0x0a, 0xca, 0x07, 0xaf, 0x45, 0x29, 0x2e, 0x28, 0x35, 0x38, 0x3b, 0x82, 0xc6, 0xde, 0xdc, 0x0b, 0xda, 0xac, 0x69, 0x3f, 0x45, 0x36, 0x3f, 0x8b, 0x0b, 0xdf, 0xed, 0xf1, 0xeb, 0x03, 0x02, 0xe2, 0xe2, 0xe2, 0xe2, 0xe2, 0xf1, 0xf1, 0xf1, 0xe2, 0xe2, 0xe2, 0xe2, 0xe2, 0xe2, 0xe2, 0xe2, 0xec, 0xe2, 0xe2, 0xe2, 0xe2, 0xec, 0xe2, 0xec, 0xe2, 0xec, 0xe2, 0xec, 0xe8, 0xec, 0xe8, 0xe2, 0xec, 0xe8, 0xec, 0xe8, 0xec, 0x03, 0xe8, 0xe8, 0xe8, 0xe8, 0xe8, 0x03, 0x03, 0x03, 0x03, 0x03, 0x03, 0x03, 0x03, 0x03, 0x03, 0x04, 0x03, 0x03, 0xe8, 0x04, 0x03, 0x03, 0x03, 0x04, 0x04, 0x03, 0x04, 0x04, 0x04, 0x03, 0x04, 0x04, 0x04, 
  0x00, 0xc2, 0x00, 0xc2, 0x00, 0xc2, 0x00, 0xc2, 0x00, 0x00, 0x00, 0x00, 0x00, 0x00, 0x00, 0x00, 0x00, 0x00, 0x00, 0x00, 0x00, 0x00, 0x00, 0x00, 0x00, 0x00, 0x00, 0x00, 0x00, 0xf8, 0x00, 0xf8, 0xf8, 0xf8, 0xf8, 0x00, 0xe5, 0x00, 0xf8, 0x00, 0xf8, 0x00, 0xf8, 0x00, 0xf8, 0xf8, 0xf8, 0x00, 0xf8, 0xee, 0xe5, 0x00, 0xe0, 0x00, 0xe0, 0xee, 0xc2, 0xf0, 0xf8, 0x06, 0xc9, 0xc5, 0xb1, 0x52, 0x20, 0x26, 0x1a, 0x26, 0x23, 0x32, 0x55, 0x2b, 0x22, 0x23, 0x23, 0x22, 0x23, 0x22, 0x23, 0x22, 0x14, 0x2f, 0x67, 0x6a, 0x3c, 0x1d, 0x2b, 0x14, 0x1d, 0x19, 0x22, 0x19, 0x1a, 0x26, 0x2e, 0x35, 0x85, 0xa1, 0xb9, 0xb4, 0xb2, 0xb7, 0xcf, 0xdd, 0xd2, 0xd1, 0x06, 0x01, 0xd1, 0xf6, 0xe1, 0xe0, 0xe6, 0xe0, 0xeb, 0xf9, 0x01, 0xf9, 0xe0, 0x01, 0xe6, 0xf6, 0xf0, 0xf9, 0xfe, 0xcb, 0xd8, 0x2d, 0x1b, 0x16, 0x0f, 0x24, 0x36, 0xd3, 0x06, 0xf4, 0x01, 0xe6, 0xe0, 0xe1, 0xf9, 0xe1, 0xcd, 0x6f, 0x27, 0x14, 0x2e, 0x12, 0x38, 0xdc, 0xdc, 0x0b, 0x0b, 0x92, 0x9e, 0x93, 0x99, 0xa4, 0x9e, 0x0a, 0x0a, 0x0a, 0xde, 0x0b, 0xc2, 0xcd, 0xca, 0x5f, 0x17, 0x26, 0x3d, 0x2f, 0x33, 0x1e, 0xa7, 0xd5, 0x06, 0xb5, 0x24, 0x12, 0x23, 0x23, 0x29, 0x8e, 0xdd, 0xf9, 0xe5, 0xe0, 0xe5, 0xe1, 0xd2, 0xdd, 0xdc, 0xdf, 0x0b, 0xe3, 0xdf, 0x0b, 0xcb, 0xd2, 0x8f, 0x1e, 0x1c, 0x21, 0x21, 0x35, 0x14, 0x43, 0x5d, 0x54, 0x3d, 0x31, 0xc6, 0xdf, 0xfd, 0xf7, 0xdf, 0xe4, 0x08, 0xcb, 0xd9, 0xb7, 0x5c, 0x1a, 0x1c, 0x2e, 0x4e, 0x2b, 0x31, 0x31, 0x43, 0x76, 0xb8, 0xc8, 0xcc, 0xa8, 0x98, 0x7f, 0x6d, 0x5f, 0x3f, 0x82, 0xdb, 0xdf, 0xdf, 0x02, 0xeb, 0xf0, 0x02, 0xfa, 0xd2, 0xec, 0xe2, 0xf1, 0xf1, 0xe2, 0xe2, 0xe2, 0xe2, 0xe2, 0xe2, 0xe2, 0xe2, 0xe2, 0xec, 0xe2, 0xe2, 0xe2, 0xe2, 0xe2, 0xec, 0xec, 0xe2, 0xec, 0xe2, 0xec, 0xe2, 0xe8, 0xe8, 0xec, 0xec, 0xe2, 0xe8, 0xe8, 0xec, 0xe8, 0xe8, 0x03, 0xe8, 0x03, 0xe8, 0x03, 0x03, 0x03, 0x03, 0x03, 0x03, 0x03, 0x03, 0x03, 0x03, 0x03, 0x03, 0x03, 0x03, 0x03, 0x03, 0x03, 0x04, 0x03, 0x04, 0x03, 0x04, 0x04, 0x03, 0x04, 0x04, 0x04, 0x03, 0x04, 
  0x00, 0x00, 0x00, 0x00, 0x00, 0x00, 0x00, 0x00, 0x00, 0x00, 0x00, 0x00, 0x00, 0x00, 0x00, 0x00, 0x00, 0x00, 0x00, 0x00, 0x00, 0x00, 0x00, 0x00, 0x00, 0x00, 0x00, 0x00, 0x00, 0x00, 0xf8, 0xf8, 0x00, 0xf8, 0x00, 0xf8, 0xf8, 0xf8, 0x00, 0xe5, 0x00, 0xe5, 0x00, 0xe5, 0x00, 0xf8, 0x00, 0xf8, 0xee, 0xe5, 0x00, 0xe0, 0x00, 0xe0, 0x00, 0xe5, 0xf3, 0x06, 0x00, 0x01, 0xc4, 0xc5, 0x99, 0x15, 0x27, 0x32, 0x14, 0x1d, 0x23, 0x1d, 0x3c, 0x23, 0x1d, 0x23, 0x1d, 0x23, 0x1d, 0x23, 0x1d, 0x23, 0x2f, 0x14, 0x35, 0x3c, 0x1d, 0x19, 0x2f, 0x10, 0x26, 0x13, 0x1d, 0x37, 0x19, 0x10, 0x51, 0x85, 0xae, 0xae, 0xaf, 0xb8, 0xc8, 0xdc, 0xda, 0x07, 0xcb, 0x06, 0xe1, 0xe1, 0xe1, 0xe6, 0x01, 0xe1, 0xe0, 0x01, 0x01, 0xf9, 0xf9, 0x06, 0x06, 0xe0, 0xe6, 0x01, 0xf4, 0xf0, 0x06, 0xc9, 0xc8, 0x1e, 0x14, 0x14, 0x12, 0x12, 0x3f, 0xce, 0xc9, 0x06, 0xe5, 0xe0, 0xf4, 0x01, 0x06, 0xd1, 0xca, 0x64, 0x33, 0x1a, 0x16, 0x23, 0x65, 0x0b, 0x0b, 0x0b, 0x0b, 0xa4, 0x9e, 0x8b, 0x92, 0x9e, 0x8f, 0xc4, 0x0a, 0x0b, 0x05, 0xde, 0x01, 0xf6, 0xc5, 0x64, 0x27, 0x35, 0x35, 0x2f, 0x33, 0x2d, 0xa7, 0xda, 0x07, 0xb5, 0x17, 0x12, 0x1a, 0x14, 0x20, 0x93, 0xfc, 0xf4, 0xe6, 0xe6, 0xe5, 0xe1, 0xd5, 0xde, 0x0a, 0x0b, 0xdb, 0xdb, 0xde, 0xdf, 0x06, 0x06, 0x92, 0x30, 0x18, 0x32, 0x10, 0x2e, 0x29, 0x33, 0x3d, 0x3d, 0x2b, 0x3b, 0xdd, 0x0b, 0xf2, 0xf7, 0xdf, 0xf2, 0xe1, 0xc9, 0x07, 0xa4, 0x64, 0x3b, 0x4d, 0x1a, 0x1c, 0x1c, 0x3e, 0x3e, 0x12, 0x3b, 0x3b, 0x73, 0xa2, 0xb3, 0xdc, 0x0a, 0x0a, 0x0a, 0x0b, 0x09, 0x0b, 0xdf, 0xfd, 0xf1, 0x03, 0xf1, 0xe2, 0xe2, 0xe2, 0xe2, 0xe2, 0xe2, 0xe2, 0xf1, 0xe2, 0xe2, 0xe2, 0xe2, 0xe2, 0xe2, 0xe2, 0xe2, 0xe2, 0xec, 0xe2, 0xe2, 0xe2, 0xe2, 0xec, 0xe2, 0xec, 0xe2, 0xec, 0xe2, 0xec, 0xe8, 0xec, 0xe8, 0xe2, 0xec, 0xe8, 0xec, 0xe8, 0xec, 0x03, 0xe8, 0xe8, 0xe8, 0xe8, 0xe8, 0x03, 0x03, 0x03, 0x03, 0x03, 0x03, 0x03, 0x03, 0x03, 0x03, 0x04, 0x03, 0x03, 0xe8, 0x04, 0x03, 0x03, 0x03, 0x04, 0x04, 0x03, 0x04, 0x04, 0x04, 0x03, 0x04, 0x04, 0x04, 
  0x00, 0xc2, 0x00, 0xc2, 0x00, 0xc2, 0x00, 0xc2, 0x00, 0x00, 0x00, 0x00, 0x00, 0x00, 0x00, 0x00, 0x00, 0x00, 0x00, 0x00, 0x00, 0x00, 0x00, 0x00, 0x00, 0x00, 0x00, 0x00, 0x00, 0xf8, 0x00, 0xf8, 0xf8, 0x00, 0xe5, 0x00, 0xf8, 0x00, 0xf8, 0xf8, 0xf8, 0xf8, 0xf8, 0xf8, 0xf8, 0x00, 0xe5, 0xf8, 0xe5, 0x00, 0xe5, 0x00, 0xe5, 0x00, 0xe5, 0xee, 0x00, 0xf4, 0xc4, 0xc4, 0xc5, 0xba, 0x7f, 0x24, 0x1a, 0x2b, 0x23, 0x2b, 0x26, 0x14, 0x22, 0x23, 0x22, 0x23, 0x23, 0x22, 0x23, 0x22, 0x23, 0x1d, 0x29, 0x16, 0x1a, 0x1a, 0x13, 0x1a, 0x2f, 0x19, 0x22, 0x22, 0x13, 0x13, 0x26, 0x67, 0x91, 0xae, 0xae, 0xb2, 0xb3, 0xbc, 0xd8, 0xdd, 0xd9, 0xc1, 0xfe, 0xeb, 0xe1, 0xf0, 0x01, 0xf4, 0x01, 0xe7, 0xe0, 0xe0, 0xf0, 0x06, 0xf9, 0x06, 0x01, 0xcd, 0x01, 0x01, 0xef, 0xf5, 0x06, 0xcb, 0xb6, 0x27, 0x17, 0x16, 0x1a, 0x11, 0x52, 0xca, 0xc9, 0x01, 0x01, 0x01, 0xe6, 0xfe, 0xf0, 0xfe, 0xc5, 0x52, 0x38, 0x3c, 0x23, 0x12, 0x56, 0xd0, 0x0b, 0x0a, 0x0b, 0xb0, 0x98, 0x98, 0x8f, 0x93, 0x92, 0xc1, 0xdc, 0xdf, 0xde, 0xf2, 0xeb, 0xf6, 0xcd, 0x82, 0x69, 0x65, 0x42, 0x2f, 0x30, 0x17, 0xac, 0xd7, 0xcb, 0xb1, 0x24, 0x23, 0x1d, 0x14, 0x14, 0x93, 0x09, 0xf9, 0xeb, 0xe6, 0x01, 0x03, 0xfd, 0x0b, 0x0b, 0x0b, 0xdf, 0xdf, 0xdf, 0xff, 0x06, 0x07, 0x92, 0x30, 0x18, 0x41, 0x10, 0x1f, 0x42, 0x14, 0x3d, 0x54, 0x62, 0x73, 0xbd, 0xff, 0xdf, 0xfd, 0x05, 0xe9, 0xe1, 0x02, 0xfc, 0xbb, 0xba, 0xb6, 0x78, 0x38, 0x50, 0x42, 0x12, 0x37, 0x3e, 0x2e, 0x2b, 0x1c, 0x43, 0x6d, 0xb7, 0xdc, 0x0a, 0x0b, 0x0a, 0xdc, 0xdf, 0x0b, 0xdf, 0x03, 0xec, 0xf0, 0xfa, 0x02, 0xfa, 0xd2, 0xec, 0xe2, 0xe2, 0xe2, 0xe2, 0xe2, 0xe2, 0xe2, 0xe2, 0xe2, 0xe2, 0xe2, 0xec, 0xe2, 0xe2, 0xe2, 0xe2, 0xe2, 0xec, 0xec, 0xe2, 0xec, 0xe2, 0xec, 0xe2, 0xe8, 0xe8, 0xec, 0xec, 0xe2, 0xe8, 0xe8, 0xec, 0xe8, 0xe8, 0x03, 0xe8, 0x03, 0xe8, 0x03, 0x03, 0x03, 0x03, 0x03, 0x03, 0x03, 0x03, 0x03, 0x03, 0x03, 0x03, 0x03, 0x03, 0x03, 0x03, 0x03, 0x04, 0x03, 0x04, 0x03, 0x04, 0x04, 0x03, 0x04, 0x04, 0x04, 0x03, 0x04, 
  0x00, 0x00, 0x00, 0x00, 0x00, 0x00, 0x00, 0x00, 0x00, 0x00, 0x00, 0x00, 0x00, 0x00, 0x00, 0x00, 0x00, 0x00, 0x00, 0x00, 0x00, 0x00, 0x00, 0x00, 0x00, 0x00, 0x00, 0x00, 0x00, 0x00, 0xf8, 0xf8, 0x00, 0xf8, 0xf8, 0xf8, 0x00, 0xe5, 0x00, 0xf8, 0x00, 0xf8, 0x00, 0xf8, 0x00, 0xf8, 0xf8, 0x00, 0xe0, 0x00, 0xe0, 0xe5, 0xe5, 0xe5, 0x00, 0xef, 0xc9, 0x00, 0xcb, 0xc2, 0xba, 0xad, 0x64, 0x31, 0x23, 0x23, 0x2f, 0x26, 0x26, 0x26, 0x14, 0x26, 0x23, 0x23, 0x1d, 0x23, 0x1d, 0x23, 0x23, 0x1c, 0x14, 0x23, 0x2b, 0x2e, 0x1d, 0x1a, 0x22, 0x2f, 0x19, 0x22, 0x19, 0x28, 0x72, 0x9b, 0xb4, 0xae, 0xb2, 0xad, 0xba, 0xda, 0xdc, 0xc1, 0xc4, 0x03, 0x02, 0xfe, 0xf0, 0xe1, 0xf0, 0xf4, 0xe6, 0xf1, 0xe0, 0xe6, 0x01, 0xf0, 0xf9, 0x06, 0xe1, 0x01, 0xe6, 0xe1, 0xf0, 0xf5, 0xc9, 0xcb, 0xa0, 0x24, 0x20, 0x16, 0x29, 0x12, 0x64, 0xce, 0x06, 0x01, 0x01, 0xe0, 0xe0, 0xf4, 0xf3, 0xc9, 0xbb, 0x3f, 0x11, 0x2f, 0x20, 0x0f, 0x31, 0xc0, 0x0b, 0x0b, 0x0b, 0xbe, 0x92, 0xa0, 0x99, 0x94, 0x9c, 0xb0, 0x0b, 0xdf, 0xdf, 0xf7, 0xf0, 0x00, 0xe5, 0x7f, 0x86, 0x7b, 0x47, 0x1b, 0x27, 0x15, 0xad, 0xd2, 0xcb, 0xb0, 0x11, 0x29, 0x23, 0x1d, 0x18, 0x93, 0x0b, 0xf5, 0xe6, 0xe5, 0xee, 0xf4, 0x08, 0xdf, 0x0a, 0x0b, 0x0b, 0xde, 0xdf, 0xff, 0xc9, 0xfa, 0x98, 0x36, 0x23, 0x37, 0x1f, 0x28, 0x35, 0x1b, 0x47, 0x65, 0x7e, 0x7e, 0xa2, 0x0a, 0xdf, 0xdf, 0xf2, 0xec, 0xeb, 0xf9, 0xf3, 0xb5, 0xc6, 0xb3, 0xbc, 0xa6, 0x81, 0x50, 0x3d, 0x2e, 0x19, 0x3e, 0x32, 0x3e, 0x54, 0x35, 0x33, 0x65, 0xab, 0x0a, 0x0a, 0x0b, 0x0b, 0xdf, 0xf2, 0x01, 0xf1, 0x03, 0xf1, 0xfa, 0xe2, 0x08, 0xe2, 0xfa, 0xe2, 0xe2, 0xe2, 0xe2, 0xe2, 0xe2, 0xe2, 0xe2, 0xe2, 0xe2, 0xe2, 0xec, 0xe2, 0xe2, 0xe2, 0xe2, 0xec, 0xe2, 0xec, 0xe2, 0xec, 0xe2, 0xec, 0xe8, 0xec, 0xe8, 0xe2, 0xec, 0xe8, 0xec, 0xe8, 0xec, 0x03, 0xe8, 0xe8, 0xe8, 0xe8, 0xe8, 0x03, 0x03, 0x03, 0x03, 0x03, 0x03, 0x03, 0x03, 0x03, 0x03, 0x04, 0x03, 0x03, 0xe8, 0x04, 0x03, 0x03, 0x03, 0x04, 0x04, 0x03, 0x04, 0x04, 0x04, 0x03, 0x04, 0x04, 0x04, 
  0x00, 0xc2, 0x00, 0xc2, 0x00, 0xc2, 0x00, 0xc2, 0x00, 0x00, 0x00, 0x00, 0x00, 0x00, 0x00, 0x00, 0x00, 0x00, 0x00, 0x00, 0x00, 0x00, 0x00, 0x00, 0x00, 0x00, 0x00, 0x00, 0x00, 0xf8, 0x00, 0xf8, 0xf8, 0x00, 0xf8, 0x00, 0xf8, 0xf8, 0xf8, 0x00, 0xe5, 0x00, 0xe5, 0x00, 0xe5, 0x00, 0xf8, 0x00, 0xe0, 0x00, 0xe0, 0x00, 0x00, 0xee, 0xf8, 0xf8, 0x00, 0xc1, 0xcd, 0xc6, 0xb1, 0x99, 0x31, 0x31, 0x2b, 0x1a, 0x26, 0x14, 0x2b, 0x3c, 0x13, 0x23, 0x1d, 0x23, 0x23, 0x22, 0x23, 0x22, 0x23, 0x23, 0x29, 0x23, 0x18, 0x16, 0x2b, 0x26, 0x19, 0x13, 0x28, 0x13, 0x32, 0x85, 0xaa, 0xae, 0xaa, 0xae, 0xa7, 0xc0, 0xda, 0xd8, 0xd2, 0x06, 0xd1, 0xe1, 0xe1, 0xef, 0x01, 0xf0, 0x02, 0xe6, 0x01, 0xe6, 0xe7, 0x01, 0xeb, 0xf9, 0xf9, 0xf9, 0x01, 0xcd, 0x01, 0x01, 0xee, 0xf0, 0xbe, 0xc1, 0x82, 0x0e, 0x18, 0x0f, 0x2b, 0x0e, 0x69, 0xd2, 0x06, 0xf8, 0x01, 0xe0, 0x01, 0xe1, 0x06, 0xfa, 0xcd, 0x52, 0x27, 0x20, 0x2f, 0x43, 0x5f, 0xd8, 0xdd, 0x0b, 0x0b, 0x07, 0x82, 0x87, 0x86, 0x86, 0x93, 0x81, 0xf7, 0xdd, 0xf7, 0xdf, 0xf1, 0xee, 0xd1, 0x7c, 0x7f, 0x74, 0x29, 0x14, 0x1b, 0x1e, 0xac, 0xd7, 0xd2, 0xb7, 0x15, 0x26, 0x14, 0x26, 0x20, 0x94, 0x0b, 0xef, 0xf4, 0xe7, 0xeb, 0xf0, 0x02, 0x0b, 0x0b, 0x0b, 0x0b, 0xde, 0xdf, 0xdf, 0x06, 0x07, 0xa4, 0x36, 0x26, 0x1f, 0x28, 0x28, 0x19, 0x33, 0x1b, 0x62, 0x8d, 0x7f, 0xa9, 0x0b, 0x09, 0xdf, 0xe9, 0x01, 0xf0, 0xf1, 0xfa, 0x06, 0xff, 0xbc, 0xb1, 0xaf, 0xc3, 0xc3, 0x8d, 0x5d, 0x42, 0x26, 0x39, 0x3c, 0x51, 0x55, 0x3c, 0x29, 0x4d, 0x62, 0xdc, 0x0a, 0xdf, 0x0b, 0xdf, 0xe8, 0xf1, 0xf1, 0xf1, 0x02, 0xfa, 0xfa, 0xd5, 0xfa, 0xe2, 0xfa, 0xe2, 0xe2, 0xe2, 0xe2, 0xe2, 0xe2, 0xe2, 0xe2, 0xec, 0xe2, 0xe2, 0xe2, 0xe2, 0xe2, 0xec, 0xec, 0xe2, 0xec, 0xe2, 0xec, 0xe2, 0xe8, 0xe8, 0xec, 0xec, 0xe2, 0xe8, 0xe8, 0xec, 0xe8, 0xe8, 0x03, 0xe8, 0x03, 0xe8, 0x03, 0x03, 0x03, 0x03, 0x03, 0x03, 0x03, 0x03, 0x03, 0x03, 0x03, 0x03, 0x03, 0x03, 0x03, 0x03, 0x03, 0x04, 0x03, 0x04, 0x03, 0x04, 0x04, 0x03, 0x04, 0x04, 0x04, 0x03, 0x04, 
  0x00, 0x00, 0x00, 0x00, 0x00, 0x00, 0x00, 0x00, 0x00, 0x00, 0x00, 0x00, 0x00, 0x00, 0x00, 0x00, 0xf8, 0xf8, 0xf8, 0xf8, 0xf8, 0xf8, 0xf8, 0xf8, 0xf8, 0xf8, 0xf8, 0xf8, 0xf8, 0x00, 0xf8, 0xf8, 0x00, 0xe5, 0x00, 0xe5, 0x00, 0xf8, 0x00, 0xf8, 0xf8, 0xf8, 0xf8, 0xf8, 0xf8, 0xf8, 0x00, 0xe5, 0xbe, 0xe0, 0xe0, 0xe5, 0xf4, 0x01, 0xf0, 0xc9, 0xc2, 0xcb, 0xca, 0xb6, 0x62, 0x73, 0x27, 0x23, 0x23, 0x22, 0x23, 0x26, 0x1d, 0x26, 0x23, 0x23, 0x22, 0x23, 0x1d, 0x23, 0x1d, 0x23, 0x23, 0x1a, 0x1a, 0x2b, 0x23, 0x23, 0x1a, 0x2f, 0x2f, 0x19, 0x1d, 0x48, 0x88, 0xb4, 0xb2, 0xaa, 0xa9, 0xae, 0xd4, 0xd7, 0xd2, 0xd2, 0xd2, 0xd1, 0xe1, 0xfe, 0xf0, 0xe1, 0xf0, 0xe6, 0xf0, 0xe6, 0xf0, 0xe6, 0xe0, 0xe6, 0x01, 0xf9, 0xf9, 0xf9, 0xd1, 0x01, 0xe6, 0xc2, 0xf0, 0xf3, 0x06, 0xc5, 0x7f, 0x17, 0x20, 0x16, 0x23, 0x12, 0x76, 0xce, 0xc9, 0xf9, 0xe0, 0xe2, 0xe5, 0xe1, 0xee, 0x06, 0xcd, 0x36, 0x1b, 0x45, 0x43, 0x86, 0x8b, 0xbd, 0x07, 0xfc, 0xfa, 0xd9, 0x2d, 0x45, 0x5c, 0x43, 0x62, 0x5f, 0xbd, 0x02, 0x05, 0xf1, 0xf5, 0xeb, 0x00, 0x76, 0x6f, 0x81, 0x3d, 0x3d, 0x50, 0x36, 0xac, 0xda, 0x06, 0xc8, 0x2d, 0x1a, 0x16, 0x14, 0x18, 0x93, 0x0b, 0xef, 0xe6, 0xf0, 0xe6, 0xef, 0xd2, 0xe2, 0x0a, 0x0b, 0x0b, 0xcd, 0xbb, 0xde, 0xfa, 0xd2, 0xa4, 0x30, 0x26, 0x16, 0x2c, 0x1f, 0x42, 0x1b, 0x5c, 0x5c, 0x62, 0x60, 0x45, 0xdc, 0x0b, 0x0b, 0xe9, 0xe5, 0xf0, 0xf1, 0xf5, 0x09, 0x0b, 0x0b, 0xc7, 0xab, 0xa6, 0xd6, 0xc7, 0xd6, 0xa6, 0x6b, 0x3d, 0x3c, 0x55, 0x4d, 0x2e, 0x3e, 0x3e, 0x29, 0x5c, 0x76, 0xd7, 0xdf, 0xe4, 0xf1, 0x03, 0xf1, 0x02, 0xe2, 0xfa, 0xd5, 0xfa, 0xe2, 0xe2, 0xe2, 0xec, 0xec, 0xec, 0xec, 0xe8, 0xec, 0xe8, 0xec, 0xe8, 0xec, 0xec, 0xe2, 0xe2, 0xe2, 0xe2, 0xe2, 0xec, 0xe2, 0xec, 0xe2, 0xec, 0xe8, 0xec, 0xe8, 0xe2, 0xec, 0xe8, 0xec, 0xe8, 0xec, 0x03, 0xe8, 0xe8, 0xe8, 0xe8, 0xe8, 0x03, 0x03, 0x03, 0x03, 0x03, 0x03, 0x03, 0x03, 0xe8, 0x04, 0x03, 0x04, 0x03, 0x03, 0x04, 0x03, 0x03, 0x03, 0x03, 0x04, 0x03, 0x04, 0x04, 0x04, 0x03, 0x04, 0x04, 0x04, 
  0x00, 0x00, 0x00, 0x00, 0x00, 0x00, 0x00, 0x00, 0x00, 0x00, 0x00, 0x00, 0x00, 0x00, 0x00, 0x00, 0xf8, 0x00, 0xf8, 0x00, 0xf8, 0x00, 0xf8, 0x00, 0xf8, 0x00, 0xf8, 0x00, 0xf8, 0xf8, 0x00, 0xf8, 0xf8, 0xf8, 0xf8, 0xf8, 0xf8, 0x00, 0xe5, 0x00, 0xf8, 0x00, 0xf8, 0x00, 0xf8, 0x00, 0xe5, 0x00, 0xe0, 0xe0, 0x00, 0xc2, 0xee, 0x00, 0xf8, 0x00, 0xcb, 0xca, 0xc0, 0x76, 0x31, 0x31, 0x1a, 0x35, 0x23, 0x23, 0x26, 0x23, 0x26, 0x23, 0x26, 0x23, 0x23, 0x1d, 0x23, 0x22, 0x23, 0x22, 0x23, 0x23, 0x23, 0x29, 0x2b, 0x23, 0x22, 0x23, 0x19, 0x13, 0x5e, 0xa1, 0xb4, 0xa9, 0xae, 0xae, 0xb8, 0xd8, 0xd4, 0xd2, 0xd2, 0xd2, 0xfe, 0xfe, 0xeb, 0xf0, 0xe1, 0xf0, 0xf0, 0xf0, 0xe6, 0xf0, 0xe1, 0xe1, 0xe6, 0xe0, 0xf5, 0xf9, 0xf9, 0xf9, 0x01, 0xcb, 0x01, 0xc2, 0xef, 0xf3, 0xc9, 0xc4, 0x82, 0x24, 0x1a, 0x14, 0x23, 0x11, 0x7c, 0xcd, 0xc9, 0xe1, 0xc2, 0xe6, 0x01, 0x02, 0x06, 0x00, 0xca, 0x64, 0x64, 0x83, 0x8f, 0x81, 0x82, 0xb7, 0x07, 0xc1, 0xfa, 0x0a, 0x52, 0x3f, 0x31, 0x29, 0x2f, 0x27, 0x98, 0xc5, 0xf6, 0xf0, 0xef, 0xf0, 0xe6, 0x92, 0x8b, 0x95, 0x78, 0x43, 0x30, 0x24, 0xac, 0xd7, 0xc9, 0xc4, 0x24, 0x1a, 0x1d, 0x23, 0x20, 0x93, 0x0b, 0xf9, 0xf0, 0xe7, 0xf0, 0xf4, 0x01, 0xbb, 0x98, 0x82, 0x52, 0x52, 0x64, 0x05, 0xd7, 0xc4, 0xa3, 0x30, 0x35, 0x34, 0x34, 0x21, 0x1a, 0x69, 0xa3, 0x38, 0x18, 0x4d, 0x4b, 0xaf, 0x0b, 0x07, 0xe7, 0x01, 0xf1, 0xf5, 0xf1, 0x08, 0xc6, 0xa2, 0xa3, 0x97, 0x89, 0x94, 0xa6, 0xb2, 0xb8, 0xab, 0x90, 0x62, 0x50, 0x60, 0x4e, 0x1c, 0x2c, 0x4e, 0x31, 0x56, 0xbb, 0xdf, 0xdf, 0xe8, 0xf1, 0xf1, 0xf1, 0x02, 0xfa, 0xe2, 0xfa, 0xd5, 0xfa, 0xe2, 0xec, 0xe2, 0xec, 0xe2, 0xec, 0xe8, 0xec, 0xe8, 0xec, 0xe2, 0xec, 0xe2, 0xe2, 0xe2, 0xe2, 0xe2, 0xec, 0xec, 0xe2, 0xec, 0xe2, 0xe8, 0xe8, 0xec, 0xec, 0xe2, 0xe8, 0xe8, 0xec, 0xe8, 0xe8, 0x03, 0xe8, 0x03, 0xe8, 0x03, 0x03, 0x03, 0x03, 0x03, 0x03, 0x03, 0x03, 0x03, 0x03, 0x03, 0x03, 0x03, 0x03, 0x04, 0x03, 0x03, 0x04, 0x03, 0x04, 0x03, 0x04, 0x04, 0x03, 0x04, 0x04, 0x04, 0x03, 0x04, 
  0x00, 0x00, 0x00, 0x00, 0x00, 0x00, 0x00, 0x00, 0x00, 0x00, 0x00, 0x00, 0x00, 0x00, 0x00, 0x00, 0x00, 0xe5, 0x00, 0xe5, 0x00, 0xe5, 0x00, 0xe5, 0x00, 0xe5, 0x00, 0xf8, 0xf8, 0x00, 0xf8, 0xf8, 0x00, 0xf8, 0x00, 0xf8, 0x00, 0xf8, 0xf8, 0xf8, 0x00, 0xe5, 0x00, 0xe5, 0x00, 0xf8, 0x00, 0xe5, 0xe0, 0xe0, 0xc2, 0x00, 0xef, 0xf8, 0xf8, 0xcb, 0xc5, 0xcc, 0xa0, 0x31, 0x29, 0x11, 0x1a, 0x26, 0x23, 0x26, 0x23, 0x26, 0x23, 0x26, 0x23, 0x23, 0x26, 0x23, 0x26, 0x23, 0x23, 0x23, 0x26, 0x23, 0x2b, 0x16, 0x1c, 0x35, 0x1d, 0x10, 0x3d, 0x6e, 0xa5, 0xaa, 0xbc, 0xb4, 0xa2, 0xbc, 0xdc, 0xd8, 0xce, 0xd1, 0xd1, 0xd1, 0xfe, 0xeb, 0xf0, 0xeb, 0xf0, 0xf0, 0xe6, 0xf0, 0x01, 0xe1, 0xe1, 0xe6, 0xe0, 0xe6, 0xe1, 0xf9, 0xf9, 0x06, 0xc9, 0xe0, 0x00, 0xc2, 0xee, 0x00, 0xc9, 0xc5, 0x8e, 0x17, 0x1a, 0x1a, 0x1a, 0x12, 0x82, 0xce, 0xc9, 0xfe, 0x01, 0xe0, 0x01, 0xe1, 0xf8, 0xc9, 0xd5, 0x99, 0x94, 0x6d, 0x6b, 0x81, 0x99, 0xac, 0xcb, 0xfa, 0x06, 0xdd, 0x76, 0x27, 0x12, 0x1c, 0x0d, 0x17, 0x6f, 0xbb, 0x01, 0x01, 0xef, 0xe5, 0xd1, 0x99, 0x94, 0x94, 0x97, 0x5d, 0x30, 0x15, 0xa2, 0xd2, 0xc1, 0xbd, 0x17, 0x16, 0x23, 0x2f, 0x23, 0x93, 0x0a, 0xf9, 0xe6, 0xe6, 0xf6, 0x01, 0xf8, 0xac, 0x5f, 0x5f, 0x64, 0x82, 0x76, 0xd3, 0xcb, 0xd7, 0xa8, 0x36, 0x1a, 0x1c, 0x10, 0x1c, 0x43, 0xb8, 0x0a, 0x52, 0x17, 0x33, 0x20, 0x74, 0x0a, 0xd2, 0xcd, 0xe6, 0xf1, 0xf5, 0xfa, 0xd2, 0xa0, 0x4b, 0x3c, 0x42, 0x33, 0x3d, 0xa3, 0xbc, 0xb3, 0xb0, 0xbc, 0xd6, 0xb8, 0x8e, 0x50, 0x1c, 0x4e, 0x2b, 0x3d, 0x3f, 0xad, 0x0b, 0xdf, 0x05, 0xf6, 0xf1, 0xf1, 0xe2, 0x02, 0xd5, 0xfa, 0xe2, 0xe2, 0xe2, 0xe2, 0xec, 0xe2, 0xec, 0xe2, 0xec, 0xe8, 0xec, 0xe8, 0xec, 0xec, 0xe2, 0xe2, 0xe2, 0xe2, 0xe2, 0xec, 0xe2, 0xec, 0xe2, 0xec, 0xe8, 0xec, 0xe8, 0xe2, 0xec, 0xe8, 0xec, 0xe8, 0xec, 0x03, 0xe8, 0xe8, 0xe8, 0xe8, 0xe8, 0x03, 0x03, 0x03, 0x03, 0x03, 0x03, 0x03, 0x03, 0xe8, 0x04, 0x03, 0x04, 0x03, 0x03, 0x04, 0x03, 0x03, 0x03, 0x03, 0x04, 0x03, 0x04, 0x04, 0x04, 0x03, 0x04, 0x04, 0x04, 
  0x00, 0x00, 0x00, 0x00, 0x00, 0x00, 0x00, 0x00, 0x00, 0x00, 0x00, 0x00, 0x00, 0x00, 0x00, 0x00, 0xf8, 0xf8, 0xf8, 0xf8, 0xf8, 0xf8, 0xf8, 0xf8, 0xf8, 0xf8, 0xf8, 0x00, 0xf8, 0xf8, 0x00, 0xf8, 0xf8, 0x00, 0xe5, 0x00, 0xe5, 0x00, 0xf8, 0x00, 0xf8, 0xf8, 0xf8, 0xf8, 0xf8, 0x00, 0xe5, 0x00, 0xe5, 0xc2, 0xee, 0x01, 0x01, 0xf8, 0x00, 0xca, 0xc5, 0xba, 0x5c, 0x31, 0x31, 0x23, 0x37, 0x14, 0x26, 0x23, 0x26, 0x23, 0x26, 0x23, 0x26, 0x23, 0x23, 0x26, 0x23, 0x26, 0x23, 0x26, 0x23, 0x23, 0x23, 0x23, 0x2b, 0x23, 0x19, 0x47, 0x7e, 0xaa, 0xb8, 0xb2, 0xa6, 0xad, 0xc8, 0xd8, 0xd4, 0xce, 0xcd, 0xd1, 0xd1, 0xe1, 0xeb, 0xeb, 0xeb, 0xeb, 0xf0, 0xe6, 0xf0, 0xe1, 0xeb, 0xe1, 0xe1, 0xe1, 0xe0, 0xe6, 0xe1, 0xf9, 0xf9, 0xf4, 0xc9, 0x00, 0xc2, 0xee, 0xf3, 0xf4, 0xc2, 0xc6, 0x8e, 0x18, 0x18, 0x1a, 0x1c, 0x17, 0x8e, 0xcd, 0xcb, 0x01, 0xe6, 0xe0, 0x01, 0xf8, 0xf4, 0x06, 0xd5, 0xa7, 0x69, 0x1b, 0x0e, 0x30, 0x76, 0xb1, 0xd2, 0x06, 0xc9, 0xd9, 0x99, 0x11, 0x12, 0x2b, 0x13, 0x20, 0x69, 0xc5, 0xd1, 0xe1, 0xf4, 0xe5, 0xcb, 0x9f, 0x8f, 0x8d, 0x90, 0x8d, 0x65, 0x30, 0xac, 0xdb, 0xcb, 0xc4, 0x24, 0x18, 0x26, 0x23, 0x20, 0x93, 0x0a, 0xf5, 0xe1, 0xe0, 0x01, 0xe1, 0xcd, 0x9f, 0x8f, 0x76, 0x73, 0x7f, 0x76, 0xd5, 0xcb, 0xce, 0xa8, 0x38, 0x20, 0x3e, 0x2b, 0x35, 0x7c, 0x0b, 0xda, 0x76, 0x31, 0x3c, 0x20, 0x36, 0xc0, 0x07, 0xcd, 0xe7, 0xe6, 0xf0, 0xf5, 0xcb, 0x93, 0x11, 0x16, 0x2c, 0x2f, 0x33, 0xa9, 0xd6, 0xd6, 0xd7, 0xb7, 0xb0, 0xb3, 0xd6, 0xb2, 0x4d, 0x35, 0x3e, 0x50, 0x36, 0x99, 0xda, 0xe9, 0xe3, 0xe5, 0xf1, 0xf1, 0x02, 0xe2, 0xfa, 0xe2, 0xe2, 0xe2, 0xe2, 0xe2, 0xe2, 0xe2, 0xec, 0xec, 0xe2, 0xec, 0xe2, 0xe8, 0xec, 0xe2, 0xe2, 0xe2, 0xe2, 0xe2, 0xe2, 0xec, 0xec, 0xe2, 0xec, 0xe2, 0xe8, 0xe8, 0xec, 0xec, 0xe2, 0xe8, 0xe8, 0xec, 0xe8, 0xe8, 0x03, 0xe8, 0x03, 0xe8, 0x03, 0x03, 0x03, 0x03, 0x03, 0x03, 0x03, 0x03, 0x03, 0x03, 0x03, 0x03, 0x03, 0x03, 0x04, 0x03, 0x03, 0x04, 0x03, 0x04, 0x03, 0x04, 0x04, 0x03, 0x04, 0x04, 0x04, 0x03, 0x04, 
  0x00, 0x00, 0x00, 0x00, 0x00, 0x00, 0x00, 0x00, 0x00, 0x00, 0x00, 0x00, 0x00, 0x00, 0x00, 0x00, 0x00, 0xf8, 0x00, 0xf8, 0x00, 0xf8, 0x00, 0xf8, 0x00, 0xf8, 0x00, 0xf8, 0xf8, 0x00, 0xf8, 0xf8, 0x00, 0xf8, 0xf8, 0xf8, 0xf8, 0xf8, 0x00, 0xe5, 0x00, 0xf8, 0x00, 0xf8, 0x00, 0xf8, 0x00, 0xe5, 0x00, 0x00, 0xf8, 0xf4, 0xee, 0xf3, 0xc2, 0xc5, 0xcc, 0x8b, 0x0e, 0x23, 0x16, 0x35, 0x2f, 0x26, 0x1d, 0x26, 0x23, 0x26, 0x23, 0x26, 0x23, 0x23, 0x26, 0x23, 0x26, 0x23, 0x26, 0x23, 0x23, 0x26, 0x16, 0x35, 0x2e, 0x14, 0x51, 0x8d, 0xae, 0xb2, 0xae, 0xb2, 0xb3, 0xc8, 0xda, 0xd5, 0xcb, 0xd5, 0xe1, 0x06, 0xe1, 0xe1, 0xe1, 0xeb, 0xeb, 0xf0, 0xe6, 0xf0, 0xe1, 0xe1, 0xe1, 0xe1, 0xe1, 0xe1, 0xe6, 0xe0, 0xf9, 0xf4, 0xf9, 0xc9, 0xf8, 0xc2, 0x00, 0xe5, 0xee, 0xf4, 0xc2, 0xca, 0x86, 0x17, 0x1a, 0x23, 0x1a, 0x12, 0x99, 0xcb, 0x06, 0x06, 0xe5, 0xe0, 0xd1, 0xf4, 0xfe, 0xd1, 0xbe, 0x7c, 0x20, 0x20, 0x14, 0x0e, 0x1e, 0xad, 0x06, 0xc1, 0xfa, 0xd7, 0xbd, 0x0e, 0x18, 0x1a, 0x14, 0x20, 0x73, 0xc6, 0xcd, 0x00, 0x00, 0xf8, 0xcb, 0x98, 0x7b, 0x74, 0x6b, 0x8d, 0x56, 0x15, 0xa0, 0xce, 0xc9, 0xca, 0x2d, 0x1c, 0x1a, 0x1a, 0x23, 0x93, 0xff, 0xfe, 0x01, 0xe0, 0x01, 0xe1, 0xcd, 0x92, 0x30, 0x65, 0x90, 0x7c, 0x5f, 0xc0, 0xce, 0xca, 0xa8, 0x30, 0x11, 0x27, 0x23, 0x24, 0x9d, 0x0b, 0xdd, 0xb1, 0x31, 0x33, 0x27, 0x3d, 0x98, 0xd8, 0xd5, 0xe7, 0xf6, 0xf6, 0xfe, 0xc4, 0x8e, 0x2b, 0x37, 0x34, 0x22, 0x31, 0x94, 0xdc, 0xdd, 0xd9, 0xd9, 0xd7, 0xc4, 0xbd, 0xa2, 0x43, 0x35, 0x2f, 0x3d, 0x3d, 0x86, 0xcf, 0xcd, 0xe9, 0xe6, 0xea, 0x02, 0xf1, 0x02, 0xe2, 0xe2, 0xe2, 0xe2, 0xe2, 0xe2, 0xe2, 0xe2, 0xe2, 0xe2, 0xec, 0xe2, 0xec, 0xe8, 0xe2, 0xec, 0xe2, 0xe2, 0xe2, 0xe2, 0xe2, 0xec, 0xe2, 0xec, 0xe2, 0xec, 0xe8, 0xec, 0xe8, 0xe2, 0xec, 0xe8, 0xec, 0xe8, 0xec, 0x03, 0xe8, 0xe8, 0xe8, 0xe8, 0xe8, 0x03, 0x03, 0x03, 0x03, 0x03, 0x03, 0x03, 0x03, 0xe8, 0x04, 0x03, 0x04, 0x03, 0x03, 0x04, 0x03, 0x03, 0x03, 0x03, 0x04, 0x03, 0x04, 0x04, 0x04, 0x03, 0x04, 0x04, 0x04, 
  0x00, 0x00, 0x00, 0x00, 0x00, 0x00, 0x00, 0x00, 0x00, 0x00, 0x00, 0x00, 0x00, 0x00, 0x00, 0x00, 0xf8, 0x00, 0xe5, 0x00, 0xe5, 0x00, 0xe5, 0x00, 0xe5, 0x00, 0xe5, 0x00, 0xf8, 0xf8, 0x00, 0xf8, 0xf8, 0x00, 0xf8, 0x00, 0xf8, 0x00, 0xf8, 0xf8, 0xf8, 0x00, 0xe5, 0x00, 0xe5, 0x00, 0xf8, 0xf8, 0x00, 0xe5, 0xef, 0xee, 0xf3, 0xf8, 0xcb, 0xca, 0xad, 0x31, 0x3b, 0x1c, 0x16, 0x35, 0x13, 0x35, 0x26, 0x23, 0x26, 0x23, 0x26, 0x23, 0x26, 0x23, 0x26, 0x26, 0x26, 0x26, 0x26, 0x26, 0x26, 0x26, 0x26, 0x13, 0x22, 0x60, 0x91, 0xb4, 0xb9, 0xa9, 0xb8, 0xb8, 0xd8, 0xdd, 0xca, 0xcb, 0xe3, 0xf4, 0xe1, 0xe1, 0xe1, 0xe1, 0xeb, 0xe6, 0xf0, 0xe6, 0xf0, 0xe6, 0x01, 0xeb, 0xe1, 0xe1, 0x06, 0xe1, 0xe0, 0xe6, 0xe5, 0xf9, 0xf8, 0xef, 0xc9, 0x00, 0xe5, 0xe5, 0xee, 0xf4, 0xc5, 0xcd, 0x76, 0x12, 0x18, 0x23, 0x1a, 0x18, 0xa0, 0xcc, 0x06, 0x01, 0xe5, 0xe6, 0xe1, 0xe5, 0xf9, 0xe2, 0xc1, 0x5f, 0x33, 0x2f, 0x29, 0x4d, 0x17, 0xa7, 0xbe, 0x08, 0xfa, 0xce, 0xd8, 0x24, 0x1a, 0x14, 0x19, 0x1b, 0x56, 0x99, 0xc5, 0xc5, 0xe1, 0xcd, 0xc9, 0x87, 0x7f, 0x8a, 0x67, 0x7d, 0x3d, 0x30, 0xb1, 0xd5, 0xcb, 0xcb, 0x2d, 0x1c, 0x18, 0x1a, 0x27, 0x99, 0xdd, 0xf9, 0xe0, 0xe7, 0xcd, 0xc9, 0xca, 0x82, 0x27, 0x47, 0x75, 0x58, 0x64, 0xcf, 0xd7, 0xd7, 0xa4, 0x3f, 0x15, 0x29, 0x38, 0x45, 0xb7, 0x0b, 0xdd, 0xca, 0x52, 0x3c, 0x33, 0x3d, 0x5f, 0xd6, 0xd2, 0xcd, 0xe6, 0xec, 0xfe, 0xc1, 0x93, 0x42, 0x41, 0x2e, 0x23, 0x47, 0x93, 0x0b, 0x0a, 0xed, 0x08, 0x08, 0xdc, 0xd8, 0xb3, 0x43, 0x33, 0x47, 0x3d, 0x43, 0x7d, 0xda, 0xd3, 0xe9, 0xe9, 0xe8, 0xf1, 0x02, 0x02, 0xe2, 0xe2, 0xe2, 0xf1, 0xe2, 0xf1, 0x02, 0xe2, 0xe2, 0xe2, 0xe2, 0xec, 0xe2, 0xe8, 0xec, 0xe2, 0xe2, 0xe2, 0xe2, 0xe2, 0xe2, 0xec, 0xec, 0xe2, 0xec, 0xe2, 0xe8, 0xe8, 0xec, 0xec, 0xe2, 0xe8, 0xe8, 0xec, 0xe8, 0xe8, 0x03, 0xe8, 0x03, 0xe8, 0x03, 0x03, 0x03, 0x03, 0x03, 0x03, 0x03, 0x03, 0x03, 0x03, 0x03, 0x03, 0x03, 0x03, 0x04, 0x03, 0x03, 0x04, 0x03, 0x04, 0x03, 0x04, 0x04, 0x03, 0x04, 0x04, 0x04, 0x03, 0x04, 
  0x00, 0x00, 0x00, 0x00, 0x00, 0x00, 0x00, 0x00, 0x00, 0x00, 0x00, 0x00, 0x00, 0x00, 0x00, 0x00, 0x00, 0xf8, 0xf8, 0xf8, 0xf8, 0xf8, 0xf8, 0xf8, 0xf8, 0xf8, 0xf8, 0xf8, 0xf8, 0x00, 0xf8, 0xf8, 0x00, 0xe5, 0x00, 0xe5, 0x00, 0xe5, 0x00, 0xf8, 0x00, 0xf8, 0xf8, 0xf8, 0xf8, 0xf8, 0xf8, 0x00, 0xee, 0xf4, 0xef, 0xf3, 0xf8, 0xfe, 0xcd, 0xbd, 0x76, 0x0e, 0x4d, 0x2b, 0x2b, 0x2f, 0x14, 0x2f, 0x1d, 0x26, 0x23, 0x26, 0x23, 0x26, 0x23, 0x23, 0x26, 0x26, 0x26, 0x26, 0x26, 0x26, 0x26, 0x26, 0x32, 0x32, 0x6a, 0xa1, 0xb9, 0xb9, 0xae, 0xb2, 0xbf, 0xdc, 0xd8, 0xca, 0x08, 0x02, 0xee, 0xf6, 0xd1, 0xe1, 0xe1, 0xe6, 0xeb, 0xe6, 0xeb, 0xe6, 0xe6, 0xe1, 0xe1, 0xe1, 0x01, 0xd1, 0xe1, 0xcd, 0xe6, 0xe0, 0xf4, 0xf8, 0xef, 0xc9, 0x00, 0xe5, 0x00, 0x00, 0xef, 0x00, 0xc9, 0xd3, 0x64, 0x20, 0x18, 0x26, 0x12, 0x18, 0xa7, 0xcd, 0x06, 0x01, 0x01, 0xe7, 0x00, 0x00, 0xf8, 0xd2, 0xe7, 0x5c, 0x14, 0x1c, 0x1c, 0x29, 0x12, 0xb1, 0xcb, 0xc2, 0x06, 0xcb, 0xdd, 0x5c, 0x17, 0x14, 0x29, 0x33, 0x15, 0x6f, 0xc4, 0xca, 0xd1, 0xcb, 0xc4, 0x76, 0x7b, 0x83, 0x6b, 0x65, 0x0e, 0x24, 0xad, 0xd2, 0xc9, 0xc5, 0x24, 0x1c, 0x23, 0x1a, 0x2b, 0x93, 0x0a, 0xf9, 0xe0, 0xe7, 0xe6, 0xc9, 0xce, 0x82, 0x3d, 0x1b, 0x3c, 0x38, 0x62, 0xd6, 0xc1, 0x07, 0xa4, 0x6f, 0x6d, 0x7f, 0x8b, 0x93, 0xc4, 0x0b, 0xdd, 0x09, 0xa7, 0x90, 0x83, 0x65, 0x56, 0xb7, 0xd3, 0xcd, 0xf6, 0x02, 0x07, 0xc1, 0x90, 0x3d, 0x1d, 0x2f, 0x33, 0x36, 0x7f, 0xcd, 0xe3, 0xdf, 0xdf, 0xe3, 0xd5, 0xbd, 0xaf, 0x62, 0x33, 0x3d, 0x2f, 0x3d, 0x62, 0xda, 0xd4, 0xe0, 0xe7, 0x01, 0x02, 0xf1, 0x02, 0xe2, 0xe2, 0xe2, 0xf1, 0xe2, 0x02, 0xe2, 0x02, 0xe2, 0xe2, 0xe2, 0xe2, 0xe2, 0xe8, 0xe2, 0xec, 0xe2, 0xe2, 0xe2, 0xe2, 0xe2, 0xec, 0xe2, 0xec, 0xe2, 0xec, 0xe8, 0xec, 0xe8, 0xe2, 0xec, 0xe8, 0xec, 0xe8, 0xec, 0x03, 0xe8, 0xe8, 0xe8, 0xe8, 0xe8, 0x03, 0x03, 0x03, 0x03, 0x03, 0x03, 0x03, 0x03, 0xe8, 0x04, 0x03, 0x04, 0x03, 0x03, 0x04, 0x03, 0x03, 0x03, 0x03, 0x04, 0x03, 0x04, 0x04, 0x04, 0x03, 0x04, 0x04, 0x04, 
  0x00, 0x00, 0x00, 0x00, 0x00, 0x00, 0x00, 0x00, 0x00, 0x00, 0x00, 0x00, 0x00, 0x00, 0x00, 0x00, 0xf8, 0x00, 0xf8, 0x00, 0xf8, 0x00, 0xf8, 0x00, 0xf8, 0x00, 0xf8, 0x00, 0xf8, 0xf8, 0x00, 0xf8, 0xf8, 0xf8, 0xf8, 0xf8, 0xf8, 0xf8, 0xf8, 0x00, 0xe5, 0xf8, 0xe5, 0xe5, 0xe5, 0xe5, 0xe5, 0xe5, 0xee, 0x01, 0xf0, 0xf3, 0xf4, 0xcb, 0xb7, 0xa0, 0x31, 0x18, 0x2b, 0x21, 0x2e, 0x16, 0x42, 0x1b, 0x22, 0x26, 0x1d, 0x23, 0x23, 0x23, 0x23, 0x23, 0x23, 0x26, 0x23, 0x26, 0x26, 0x26, 0x26, 0x22, 0x26, 0x7e, 0xae, 0xbf, 0xb4, 0xa9, 0xb2, 0xb3, 0xdc, 0xcf, 0xd3, 0xd1, 0xc9, 0xf6, 0xe8, 0xf0, 0xeb, 0xd1, 0xd1, 0xeb, 0xe6, 0xeb, 0xe6, 0xeb, 0x01, 0xeb, 0xe1, 0xe1, 0xe1, 0x06, 0xe1, 0xe1, 0xe0, 0x01, 0xe5, 0x00, 0xf3, 0xc9, 0x00, 0xc9, 0xe5, 0xf3, 0xf4, 0xf3, 0xcb, 0xd4, 0x56, 0x29, 0x16, 0x26, 0x18, 0x23, 0xad, 0xcd, 0x06, 0x01, 0x00, 0xe6, 0xe5, 0xe1, 0x06, 0xc9, 0xce, 0x3f, 0x1a, 0x19, 0x2e, 0x3b, 0x24, 0xb6, 0xca, 0xc9, 0x06, 0x06, 0x0b, 0x76, 0x11, 0x20, 0x2f, 0x3d, 0x20, 0x5f, 0xcc, 0xcb, 0xc9, 0xc9, 0x07, 0x7f, 0x6d, 0x7b, 0x78, 0x5d, 0x1b, 0x36, 0xac, 0xda, 0xcb, 0xc5, 0x24, 0x12, 0x29, 0x23, 0x1a, 0x8e, 0x0b, 0x06, 0xc5, 0xcd, 0xcb, 0xca, 0xd5, 0x8f, 0x50, 0x3d, 0x26, 0x20, 0x56, 0x0b, 0x07, 0xd7, 0xb0, 0x87, 0x86, 0x90, 0x9d, 0xa7, 0xbb, 0x0b, 0xdf, 0xd3, 0xbd, 0x8a, 0x7b, 0x67, 0x50, 0x98, 0xd4, 0xcd, 0xe6, 0x01, 0x06, 0xc4, 0x94, 0x2b, 0x2f, 0x3d, 0x29, 0x20, 0x8e, 0xd5, 0xc5, 0xe8, 0xe9, 0xde, 0xdf, 0xc6, 0xad, 0x6d, 0x3d, 0x3d, 0x37, 0x42, 0x56, 0x0a, 0xdd, 0xe6, 0x04, 0xec, 0xf1, 0x02, 0xe2, 0xe2, 0xe2, 0xe2, 0xe2, 0xec, 0x02, 0xe2, 0x02, 0xe2, 0xe2, 0xe2, 0xe2, 0xe2, 0xec, 0xec, 0xe2, 0xe2, 0xe2, 0xe2, 0xe2, 0xe2, 0xec, 0xec, 0xe2, 0xec, 0xe2, 0xe8, 0xe8, 0xec, 0xec, 0xe2, 0xe8, 0xe8, 0xec, 0xe8, 0xe8, 0x03, 0xe8, 0x03, 0xe8, 0x03, 0x03, 0x03, 0x03, 0x03, 0x03, 0x03, 0x03, 0x03, 0x03, 0x03, 0x03, 0x03, 0x03, 0x04, 0x03, 0x03, 0x04, 0x03, 0x04, 0x03, 0x04, 0x04, 0x03, 0x04, 0x04, 0x04, 0x03, 0x04, 
  0x00, 0x00, 0x00, 0x00, 0x00, 0x00, 0x00, 0x00, 0xf8, 0xf8, 0xf8, 0xf8, 0xf8, 0xf8, 0xf8, 0xf8, 0x00, 0xe5, 0x00, 0xe5, 0x00, 0xe5, 0x00, 0xf8, 0x00, 0x00, 0x00, 0x00, 0x00, 0x00, 0x00, 0x00, 0xe5, 0xee, 0xe5, 0x00, 0x00, 0xe5, 0x00, 0xe5, 0xe5, 0x00, 0xe5, 0x00, 0xe5, 0x00, 0xe5, 0xee, 0xf3, 0xf5, 0xee, 0x00, 0xca, 0xc5, 0xc0, 0x45, 0x31, 0x2b, 0x2b, 0x2b, 0x2b, 0x26, 0x29, 0x26, 0x2f, 0x1d, 0x1d, 0x1d, 0x29, 0x1a, 0x23, 0x2b, 0x31, 0x16, 0x1c, 0x32, 0x28, 0x22, 0x39, 0x41, 0x9b, 0xae, 0xb9, 0xb8, 0xb2, 0xb3, 0xc8, 0x09, 0xd2, 0xcd, 0xd1, 0xd1, 0xeb, 0xf6, 0xf5, 0xeb, 0xf6, 0xf6, 0xeb, 0xf6, 0xeb, 0xeb, 0xeb, 0xeb, 0xeb, 0x01, 0xe1, 0x01, 0xe1, 0xe1, 0xe1, 0xe1, 0xee, 0x00, 0x00, 0x00, 0xc9, 0x00, 0x00, 0xee, 0xef, 0xef, 0xf3, 0xfe, 0xc5, 0xcc, 0x5c, 0x11, 0x23, 0x16, 0x12, 0x24, 0xb6, 0xcd, 0xeb, 0xf4, 0xeb, 0xee, 0xeb, 0x00, 0xc5, 0xd5, 0xb6, 0x2d, 0x1a, 0x2c, 0x2e, 0x31, 0x2d, 0xa7, 0xe2, 0xc2, 0x00, 0xd5, 0xd9, 0xa0, 0x24, 0x30, 0x14, 0x65, 0x27, 0x36, 0xbd, 0xcb, 0xe1, 0x01, 0xf9, 0x6f, 0x94, 0x7d, 0x78, 0x5d, 0x20, 0x17, 0xbd, 0xcd, 0xcd, 0xbd, 0x3f, 0x18, 0x29, 0x16, 0x3b, 0x81, 0x0a, 0xd3, 0xc4, 0xd2, 0xcd, 0xce, 0xca, 0x8f, 0x47, 0x1d, 0x29, 0x2d, 0x52, 0x0b, 0xde, 0xcb, 0x9f, 0x74, 0x9d, 0xa5, 0x9d, 0x8f, 0xbb, 0xdf, 0xdf, 0xea, 0xd3, 0x45, 0x4b, 0x3d, 0x33, 0x65, 0xcc, 0xc5, 0x03, 0xec, 0xfa, 0xc4, 0xa7, 0x33, 0x32, 0x2f, 0x2f, 0x56, 0x7f, 0xdd, 0xe8, 0xe2, 0xf6, 0xe8, 0xce, 0xce, 0xb3, 0x7b, 0x2f, 0x3d, 0x42, 0x35, 0x65, 0x0b, 0x0b, 0xfd, 0x04, 0xf5, 0xf1, 0xe2, 0x02, 0xd5, 0xe2, 0xe2, 0xfa, 0xfa, 0xe2, 0xe2, 0xe2, 0xe2, 0xe2, 0xe2, 0xe2, 0xe2, 0xe2, 0xe2, 0xe2, 0xe2, 0x02, 0x02, 0x02, 0x02, 0xec, 0xe2, 0xec, 0xe2, 0xec, 0xec, 0xe2, 0xec, 0xe2, 0xec, 0xe8, 0xec, 0xe8, 0xec, 0x03, 0xe8, 0xe8, 0xe8, 0xe8, 0xe8, 0x03, 0x03, 0x03, 0x03, 0x03, 0x03, 0x03, 0x03, 0xe8, 0x04, 0x03, 0x04, 0x03, 0x03, 0x04, 0x03, 0x03, 0x03, 0x03, 0x04, 0x03, 0x04, 0x04, 0x04, 0x03, 0x04, 0x04, 0x04, 
  0x00, 0xc2, 0x00, 0xc2, 0x00, 0xc2, 0x00, 0xc2, 0xe5, 0x00, 0xf8, 0x00, 0xf8, 0x00, 0xf8, 0x00, 0xf8, 0xf8, 0xf8, 0xf8, 0xf8, 0xf8, 0xf8, 0x00, 0x00, 0x00, 0x00, 0x00, 0x00, 0x00, 0x00, 0x00, 0xf8, 0xe5, 0x00, 0xe5, 0x00, 0xe5, 0xe5, 0xe5, 0x00, 0xe0, 0xee, 0xe0, 0xee, 0xe0, 0xee, 0xe5, 0xef, 0xee, 0xef, 0xc9, 0xca, 0xcc, 0x7b, 0x3b, 0x2b, 0x28, 0x2b, 0x28, 0x2b, 0x2b, 0x29, 0x26, 0x2f, 0x26, 0x2f, 0x2f, 0x2f, 0x23, 0x29, 0x23, 0x1c, 0x29, 0x2b, 0x19, 0x2e, 0x32, 0x53, 0x9b, 0xaa, 0xbc, 0xbf, 0xb3, 0xb7, 0xcf, 0xd5, 0xd3, 0xe6, 0xd1, 0xeb, 0xf6, 0xeb, 0xf5, 0xd1, 0xfe, 0xeb, 0xd1, 0xf6, 0xeb, 0xe1, 0xeb, 0xe1, 0xeb, 0x01, 0xeb, 0xe1, 0xeb, 0xe1, 0x01, 0x01, 0xf4, 0xee, 0xee, 0x00, 0xc5, 0x00, 0xc5, 0x00, 0xee, 0xee, 0xee, 0xee, 0xf8, 0xc4, 0xd0, 0x56, 0x16, 0x1a, 0x26, 0x27, 0x2d, 0xba, 0xc5, 0x01, 0xeb, 0xf0, 0xee, 0xf0, 0xd1, 0xcb, 0xce, 0xbd, 0x30, 0x19, 0x22, 0x1a, 0x20, 0x1e, 0xac, 0x02, 0x01, 0xc2, 0xe1, 0x08, 0xd4, 0x36, 0x17, 0x14, 0x83, 0x78, 0x7f, 0xbb, 0xd9, 0xeb, 0xf3, 0xfe, 0x87, 0x8f, 0x81, 0x7d, 0x74, 0x1b, 0x15, 0xb7, 0xd3, 0xcd, 0xca, 0x52, 0x17, 0x29, 0x12, 0x14, 0x62, 0x90, 0x93, 0x99, 0xa4, 0x9f, 0xa7, 0xa7, 0x7f, 0x1d, 0x2f, 0x0d, 0x2d, 0x52, 0xe4, 0xe4, 0x06, 0x9f, 0x65, 0x6e, 0x42, 0x29, 0x45, 0xa4, 0xdf, 0xe4, 0xe9, 0xd3, 0x76, 0x20, 0x3d, 0x29, 0x3c, 0xad, 0xd5, 0xe0, 0xf9, 0xc9, 0xc1, 0xa2, 0x3d, 0x2f, 0x42, 0x1d, 0x38, 0x7f, 0x0b, 0xdf, 0xd9, 0xeb, 0xd5, 0x07, 0xc8, 0xb3, 0x7b, 0x3d, 0x2f, 0x41, 0x35, 0x5c, 0xcf, 0xdf, 0xff, 0x03, 0xf1, 0xf1, 0x02, 0xe2, 0xd5, 0xe2, 0x08, 0xfa, 0xec, 0xfa, 0xec, 0xe2, 0xe2, 0xe2, 0xe2, 0xe2, 0xe2, 0xe2, 0xe2, 0xe2, 0xe2, 0xe2, 0xe2, 0x02, 0xe2, 0xec, 0xec, 0xe2, 0xec, 0xe2, 0xec, 0xec, 0xe2, 0xec, 0xe2, 0xe8, 0xe8, 0xec, 0xe8, 0xe8, 0x03, 0xe8, 0x03, 0xe8, 0x03, 0x03, 0x03, 0x03, 0x03, 0x03, 0x03, 0x03, 0x03, 0x03, 0x03, 0x03, 0x03, 0x03, 0x04, 0x03, 0x03, 0x04, 0x03, 0x04, 0x03, 0x04, 0x04, 0x03, 0x04, 0x04, 0x04, 0x03, 0x04, 
  0x00, 0x00, 0x00, 0x00, 0x00, 0x00, 0x00, 0x00, 0xf8, 0xf8, 0x00, 0xe5, 0x00, 0xe5, 0x00, 0xe5, 0x00, 0xf8, 0x00, 0xf8, 0x00, 0xf8, 0x00, 0xf8, 0x00, 0x00, 0x00, 0x00, 0x00, 0x00, 0x00, 0x00, 0xe5, 0xee, 0xe5, 0x00, 0xe5, 0x00, 0xe5, 0x00, 0xe5, 0xe5, 0xe5, 0xe5, 0xe5, 0xe5, 0xe5, 0xe5, 0xef, 0xf3, 0x00, 0xc9, 0xcc, 0xad, 0x17, 0x35, 0x2b, 0x2b, 0x2e, 0x2e, 0x2b, 0x26, 0x29, 0x26, 0x1b, 0x26, 0x2f, 0x2f, 0x23, 0x23, 0x26, 0x23, 0x29, 0x26, 0x1a, 0x37, 0x22, 0x67, 0xaa, 0xb4, 0xb9, 0xbc, 0xbc, 0xc3, 0xcf, 0xd8, 0xd5, 0xcd, 0xd1, 0xeb, 0xf6, 0xeb, 0xeb, 0xf6, 0xfe, 0xf6, 0xf6, 0xeb, 0xeb, 0xeb, 0xeb, 0xe1, 0xeb, 0xeb, 0x01, 0xe1, 0xeb, 0xeb, 0xeb, 0x01, 0xf8, 0x00, 0xee, 0x00, 0x00, 0xe5, 0xc5, 0xe0, 0x00, 0xee, 0xee, 0xef, 0xef, 0xf3, 0xc5, 0xcc, 0x38, 0x23, 0x1a, 0x1a, 0x18, 0x24, 0xc6, 0xe0, 0x01, 0xee, 0xf0, 0xef, 0x01, 0xe2, 0xc9, 0xcd, 0xc8, 0x3f, 0x23, 0x19, 0x14, 0x17, 0x1e, 0xb5, 0xcb, 0xeb, 0xe8, 0xf4, 0xcd, 0x0a, 0x5f, 0x27, 0x35, 0x8a, 0x9d, 0x99, 0xb3, 0xcb, 0xee, 0xbe, 0xfa, 0xa4, 0x92, 0x89, 0x83, 0x7e, 0x36, 0x30, 0xba, 0xda, 0xca, 0xc5, 0x5c, 0x17, 0x23, 0x23, 0x16, 0x35, 0x11, 0x36, 0x2d, 0x2d, 0x2d, 0x2d, 0x38, 0x14, 0x26, 0x48, 0x12, 0x2d, 0x3f, 0xde, 0xe3, 0xca, 0x98, 0x20, 0x3d, 0x51, 0x35, 0x17, 0x87, 0xdf, 0xe4, 0xde, 0xe3, 0xb0, 0x20, 0x33, 0x3c, 0x1a, 0x7c, 0xda, 0xe5, 0xfa, 0x08, 0xc4, 0xad, 0x43, 0x22, 0x32, 0x2f, 0x3b, 0x7c, 0x0a, 0x0b, 0xdb, 0xd3, 0xda, 0xd3, 0xc3, 0xb2, 0x83, 0x54, 0x42, 0x37, 0x42, 0x45, 0xbd, 0x0b, 0xf7, 0xfb, 0xf1, 0xf1, 0x02, 0xd5, 0xe2, 0xd5, 0xe2, 0xfa, 0xf1, 0xe2, 0xe2, 0xe2, 0xe2, 0xe2, 0xe2, 0xe2, 0xe2, 0xec, 0xec, 0xe2, 0xe2, 0xe2, 0xe2, 0x02, 0x02, 0xec, 0xe2, 0xec, 0xe2, 0xec, 0xec, 0xe2, 0xec, 0xe2, 0xec, 0xe8, 0xec, 0xe8, 0xec, 0x03, 0xe8, 0xe8, 0xe8, 0xe8, 0xe8, 0x03, 0x03, 0x03, 0x03, 0x03, 0x03, 0x03, 0x03, 0xe8, 0x04, 0x03, 0x04, 0x03, 0x03, 0x04, 0x03, 0x03, 0x03, 0x03, 0x04, 0x03, 0x04, 0x04, 0x04, 0x03, 0x04, 0x04, 0x04, 
  0x00, 0x00, 0x00, 0x00, 0x00, 0x00, 0x00, 0x00, 0xf8, 0x00, 0xf8, 0xf8, 0xf8, 0xf8, 0xf8, 0xf8, 0xf8, 0x00, 0xe5, 0x00, 0xe5, 0x00, 0xe5, 0x00, 0xf8, 0xf8, 0xf8, 0xf8, 0xf8, 0xf8, 0xf8, 0xf8, 0xe5, 0xe5, 0xe5, 0xe5, 0xe5, 0xe5, 0xe5, 0xe5, 0xe5, 0xe5, 0xe5, 0xe5, 0xe5, 0xe5, 0xe5, 0xe5, 0xf4, 0xee, 0xc2, 0xc5, 0xbd, 0x69, 0x24, 0x29, 0x2b, 0x2e, 0x2e, 0x2e, 0x2b, 0x2b, 0x26, 0x29, 0x28, 0x2f, 0x26, 0x19, 0x1d, 0x28, 0x2f, 0x2b, 0x2f, 0x1a, 0x2f, 0x2b, 0x78, 0xb4, 0xb4, 0xb9, 0xbc, 0xbc, 0xc8, 0xda, 0xda, 0xd3, 0xd1, 0xe2, 0xe6, 0xf6, 0xeb, 0xf6, 0xeb, 0xfe, 0xf6, 0xfe, 0xeb, 0xf6, 0xf6, 0xeb, 0xeb, 0xeb, 0xe1, 0xeb, 0xe1, 0xeb, 0xe1, 0xe1, 0x01, 0xf4, 0x00, 0x00, 0xee, 0xee, 0x00, 0xc5, 0x00, 0xc5, 0x00, 0xee, 0xef, 0xef, 0xf0, 0xbe, 0xcb, 0xc6, 0x2d, 0x20, 0x23, 0x23, 0x24, 0x24, 0xcd, 0xd3, 0x01, 0xe5, 0xf0, 0xf0, 0xef, 0xd1, 0xc5, 0xcb, 0xd3, 0x2d, 0x1d, 0x23, 0x1a, 0x17, 0x3f, 0xca, 0xe0, 0xf8, 0xeb, 0xc2, 0xd5, 0xdd, 0xa0, 0x24, 0x1b, 0x43, 0x75, 0x89, 0xb7, 0xc5, 0xfb, 0x02, 0x06, 0x9f, 0x9c, 0x90, 0x7d, 0x5d, 0x0e, 0x1e, 0xba, 0xd5, 0xce, 0xca, 0x6f, 0x17, 0x18, 0x1d, 0x13, 0x14, 0x29, 0x33, 0x24, 0x15, 0x24, 0x18, 0x12, 0x1a, 0x22, 0x26, 0x29, 0x3f, 0x3f, 0xe4, 0xde, 0xd5, 0x92, 0x30, 0x29, 0x26, 0x23, 0x38, 0x92, 0x0b, 0x05, 0xea, 0xd2, 0xc8, 0x4b, 0x20, 0x3c, 0x29, 0x4b, 0xbd, 0xd1, 0xd1, 0xfe, 0xc8, 0xa8, 0x43, 0x42, 0x37, 0x2f, 0x2b, 0x38, 0x73, 0x69, 0x6f, 0x6f, 0x7c, 0x7c, 0x7b, 0x75, 0x60, 0x3d, 0x2f, 0x41, 0x3d, 0x43, 0xcf, 0xdf, 0xdf, 0xec, 0xfb, 0xf1, 0x02, 0xe2, 0xd5, 0xe2, 0xe2, 0xfa, 0xec, 0xf1, 0xe2, 0xe2, 0xe2, 0xe2, 0xe2, 0xe2, 0xe2, 0xec, 0xe2, 0xec, 0xe2, 0xe2, 0xe2, 0xe2, 0xe2, 0xec, 0xec, 0xe2, 0xec, 0xe2, 0xec, 0xec, 0xe2, 0xec, 0xe2, 0xe8, 0xe8, 0xec, 0xe8, 0xe8, 0x03, 0xe8, 0x03, 0xe8, 0x03, 0x03, 0x03, 0x03, 0x03, 0x03, 0x03, 0x03, 0x03, 0x03, 0x03, 0x03, 0x03, 0x03, 0x04, 0x03, 0x03, 0x04, 0x03, 0x04, 0x03, 0x04, 0x04, 0x03, 0x04, 0x04, 0x04, 0x03, 0x04, 
  0x00, 0x00, 0x00, 0x00, 0x00, 0x00, 0x00, 0x00, 0x00, 0xe5, 0x00, 0xf8, 0x00, 0xf8, 0x00, 0xf8, 0x00, 0xf8, 0xf8, 0xf8, 0xf8, 0xf8, 0xf8, 0xf8, 0x00, 0xf8, 0x00, 0xf8, 0x00, 0xf8, 0x00, 0xf8, 0xe5, 0xe5, 0xe5, 0xe5, 0xe5, 0xe5, 0xe5, 0xe5, 0xe5, 0xe5, 0xe5, 0xe5, 0xe5, 0xe5, 0xe5, 0xf4, 0xf8, 0xf8, 0xca, 0xe0, 0x8e, 0x24, 0x4b, 0x23, 0x2b, 0x2e, 0x2e, 0x2e, 0x2e, 0x2b, 0x2b, 0x26, 0x35, 0x2f, 0x2f, 0x26, 0x26, 0x32, 0x32, 0x22, 0x1d, 0x37, 0x3d, 0x85, 0xb8, 0xb4, 0xbc, 0xb8, 0xbc, 0xd4, 0xdc, 0xd7, 0xd2, 0xd5, 0xd5, 0xe1, 0xf6, 0xeb, 0xf6, 0xf5, 0xfe, 0xf6, 0xfe, 0xf6, 0xd1, 0xeb, 0xf6, 0xeb, 0xeb, 0xe1, 0xeb, 0xeb, 0xeb, 0xeb, 0x01, 0xf4, 0xf8, 0x00, 0x00, 0x00, 0xee, 0xee, 0x00, 0x00, 0xc5, 0x00, 0x00, 0xee, 0xee, 0xee, 0xf0, 0xbe, 0xcd, 0xbd, 0x24, 0x17, 0x18, 0x20, 0x27, 0x3f, 0xcc, 0xcd, 0xe1, 0xeb, 0xef, 0xf1, 0x00, 0x01, 0xc2, 0xcd, 0xc4, 0x15, 0x0e, 0x16, 0x11, 0x15, 0x5f, 0xd5, 0x01, 0xf4, 0xf3, 0x00, 0x08, 0xdb, 0xcc, 0x4b, 0x17, 0x27, 0x6b, 0x8e, 0x99, 0xcb, 0xcb, 0xf3, 0xbe, 0x98, 0x98, 0x95, 0x90, 0x50, 0x24, 0x2d, 0xc5, 0xd1, 0xc4, 0xc1, 0x76, 0x30, 0x18, 0x2f, 0x32, 0x2f, 0x14, 0x18, 0x18, 0x29, 0x3b, 0x23, 0x1c, 0x59, 0x53, 0x0c, 0x1c, 0x2d, 0x1e, 0xdf, 0xdb, 0xc4, 0x99, 0x24, 0x47, 0x7e, 0x7b, 0x43, 0x7f, 0xdf, 0xe8, 0x02, 0xcb, 0xd9, 0x81, 0x27, 0x2b, 0x3b, 0x3f, 0x99, 0xdb, 0xc9, 0x06, 0xc4, 0xb1, 0x50, 0x2e, 0x26, 0x2e, 0x43, 0x35, 0x38, 0x31, 0x52, 0x27, 0x38, 0x38, 0x3b, 0x4d, 0x47, 0x41, 0x37, 0x48, 0x35, 0x4b, 0x0b, 0x0b, 0xdf, 0xe8, 0xec, 0x02, 0xe2, 0x02, 0xe2, 0xe2, 0xec, 0xf1, 0xf1, 0xe2, 0xe2, 0xe2, 0xe2, 0xe2, 0xe2, 0xe2, 0xe2, 0xe2, 0xec, 0xe2, 0xec, 0xec, 0xe2, 0xe2, 0xe2, 0xec, 0xe2, 0xec, 0xe2, 0xec, 0xec, 0xe2, 0xec, 0xe2, 0xec, 0xe8, 0xec, 0xe8, 0xec, 0x03, 0xe8, 0xe8, 0xe8, 0xe8, 0xe8, 0x03, 0x03, 0x03, 0x03, 0x03, 0x03, 0x03, 0x03, 0xe8, 0x04, 0x03, 0x04, 0x03, 0x03, 0x04, 0x03, 0x03, 0x03, 0x03, 0x04, 0x03, 0x04, 0x04, 0x04, 0x03, 0x04, 0x04, 0x04, 
  0xf8, 0xf8, 0xf8, 0xf8, 0xf8, 0xf8, 0xf8, 0xf8, 0xf8, 0xf8, 0xf8, 0x00, 0xe5, 0x00, 0xe5, 0x00, 0xe5, 0x00, 0xf8, 0x00, 0xf8, 0x00, 0xf8, 0x00, 0xe5, 0x00, 0xe5, 0x00, 0xe5, 0x00, 0xe5, 0x00, 0xe5, 0xe5, 0xe5, 0xe5, 0xe5, 0xf8, 0xf4, 0xf8, 0xef, 0xf4, 0xf8, 0xef, 0xf4, 0xf8, 0xef, 0xf8, 0xc9, 0xc5, 0xcd, 0xb6, 0x52, 0x24, 0x3b, 0x23, 0x2b, 0x2e, 0x2e, 0x2e, 0x2e, 0x2b, 0x26, 0x29, 0x2e, 0x2b, 0x28, 0x2f, 0x32, 0x28, 0x1d, 0x22, 0x37, 0x47, 0xa1, 0xbc, 0xb8, 0xbc, 0xc0, 0xc3, 0xd7, 0xda, 0xd7, 0xd2, 0xd1, 0xe1, 0x02, 0xf6, 0xf6, 0xf5, 0xeb, 0xf6, 0xeb, 0xfe, 0xd1, 0xfe, 0xeb, 0xeb, 0xf6, 0xeb, 0xeb, 0xeb, 0xe1, 0xeb, 0xe1, 0xe1, 0xf4, 0x00, 0x00, 0x00, 0xf8, 0xf4, 0xee, 0xee, 0x00, 0x00, 0x00, 0xc5, 0x00, 0x00, 0xee, 0xee, 0xef, 0xf3, 0xc9, 0xb6, 0x36, 0x2d, 0x33, 0x24, 0x24, 0x52, 0xc5, 0xd5, 0xe1, 0xee, 0xee, 0xf0, 0xf4, 0x01, 0xcb, 0xcb, 0xc1, 0x36, 0x17, 0x33, 0x2d, 0x2d, 0x76, 0xd2, 0xcd, 0xe1, 0xf6, 0xe1, 0xc2, 0xdb, 0x0a, 0x76, 0x15, 0x20, 0x74, 0x89, 0x3f, 0xc4, 0xd1, 0xd1, 0x06, 0x9f, 0x92, 0x99, 0x95, 0x30, 0x1e, 0x2d, 0xd5, 0xd5, 0xd2, 0xcb, 0x92, 0x62, 0x30, 0x1d, 0x20, 0x19, 0x29, 0x20, 0x20, 0x23, 0x29, 0x16, 0x2e, 0x72, 0x91, 0x35, 0x31, 0x24, 0x2d, 0xdf, 0xe4, 0xd3, 0x87, 0x38, 0x33, 0x2e, 0x18, 0x2d, 0x8b, 0x0b, 0x05, 0xe8, 0xd2, 0xdc, 0xab, 0x33, 0x18, 0x1c, 0x31, 0x6f, 0xe9, 0x07, 0xfa, 0xce, 0xb7, 0x62, 0x35, 0x32, 0x2e, 0x35, 0x2f, 0x35, 0x29, 0x29, 0x3c, 0x3b, 0x35, 0x35, 0x2f, 0x37, 0x37, 0x32, 0x47, 0x35, 0x56, 0x0b, 0x0b, 0xdf, 0xed, 0xf1, 0xf1, 0x02, 0xe2, 0xe2, 0xe2, 0xe2, 0xf1, 0xec, 0xf1, 0xe2, 0xe2, 0xe2, 0xe2, 0xe2, 0xe2, 0xe2, 0xec, 0xe8, 0xec, 0xe2, 0xec, 0xec, 0xe2, 0xe2, 0xec, 0xec, 0xe2, 0xec, 0xe2, 0xec, 0xec, 0xe2, 0xec, 0xe2, 0xe8, 0xe8, 0xec, 0xe8, 0xe8, 0x03, 0xe8, 0x03, 0xe8, 0x03, 0x03, 0x03, 0x03, 0x03, 0x03, 0x03, 0x03, 0x03, 0x03, 0x03, 0x03, 0x03, 0x03, 0x04, 0x03, 0x03, 0x04, 0x03, 0x04, 0x03, 0x04, 0x04, 0x03, 0x04, 0x04, 0x04, 0x03, 0x04, 
  0x00, 0xf8, 0x00, 0xf8, 0x00, 0xf8, 0x00, 0xf8, 0x00, 0xf8, 0x00, 0xf8, 0xf8, 0xf8, 0xf8, 0xf8, 0xf8, 0xf8, 0x00, 0xe5, 0x00, 0xe5, 0x00, 0xf8, 0xf8, 0xf8, 0xf8, 0xf8, 0xf8, 0xf8, 0xf8, 0xf8, 0xe5, 0xe5, 0xe5, 0xe5, 0xe5, 0xf4, 0xef, 0xf8, 0xf8, 0xf8, 0xf8, 0xf8, 0xf8, 0xf4, 0xf4, 0xc9, 0xc5, 0xca, 0xb7, 0x7f, 0x17, 0x38, 0x23, 0x2b, 0x2e, 0x2e, 0x2e, 0x2e, 0x2e, 0x28, 0x2b, 0x26, 0x2b, 0x1c, 0x1d, 0x2e, 0x28, 0x19, 0x2f, 0x48, 0x67, 0xae, 0xb9, 0xbc, 0xc3, 0xc0, 0xc8, 0xd7, 0xdd, 0xd2, 0x06, 0xd2, 0xe2, 0xf4, 0xf4, 0xe8, 0xf5, 0xeb, 0xf6, 0xf5, 0xf6, 0xfe, 0xd1, 0xf6, 0xd1, 0xeb, 0xf6, 0xeb, 0xeb, 0xe1, 0xeb, 0xe1, 0x01, 0xf4, 0xf8, 0x00, 0x00, 0xf8, 0x00, 0xf4, 0xee, 0xee, 0x00, 0x00, 0xc5, 0x00, 0x00, 0x00, 0xef, 0xef, 0xee, 0xc2, 0xc5, 0xb5, 0x82, 0x82, 0x86, 0x7f, 0x7c, 0x8b, 0xcd, 0xd5, 0xf4, 0xf3, 0xef, 0xf0, 0x01, 0xe1, 0xe1, 0xca, 0xe0, 0x87, 0x81, 0x86, 0x86, 0x87, 0xac, 0xd2, 0xf8, 0xe1, 0xe1, 0xe1, 0xc2, 0xdd, 0x0b, 0xa2, 0x4b, 0x2d, 0x5c, 0x5f, 0x1e, 0xb1, 0xcb, 0x07, 0x00, 0x9f, 0x9f, 0xa3, 0x8e, 0x2d, 0x2d, 0x52, 0xdb, 0x05, 0xc9, 0xd2, 0xbb, 0xb3, 0xab, 0xa9, 0xae, 0xa9, 0xa5, 0x9d, 0x9d, 0x93, 0x8d, 0x91, 0x91, 0xb4, 0x97, 0x6e, 0x58, 0x52, 0x69, 0xda, 0xd9, 0xcb, 0x8b, 0x56, 0x43, 0x43, 0x31, 0x4b, 0x87, 0x0a, 0xfd, 0xf5, 0x06, 0xd9, 0xba, 0x5c, 0x3b, 0x31, 0x31, 0x52, 0xbb, 0xc9, 0xd7, 0x07, 0xac, 0x74, 0x3b, 0x42, 0x35, 0x2f, 0x3b, 0x42, 0x47, 0x2f, 0x35, 0x2f, 0x35, 0x3c, 0x37, 0x3c, 0x3e, 0x47, 0x3c, 0x33, 0x52, 0xcf, 0x0b, 0xdf, 0x05, 0xe6, 0xe2, 0x02, 0xe2, 0x02, 0xe2, 0xf1, 0xf1, 0xf1, 0xe2, 0xe2, 0xe2, 0xe2, 0xe2, 0xe2, 0xe2, 0xe2, 0xe8, 0xec, 0xe8, 0xec, 0xec, 0xe2, 0xec, 0xec, 0xec, 0xe2, 0xec, 0xe2, 0xec, 0xec, 0xe2, 0xec, 0xe2, 0xec, 0xe8, 0xec, 0xe8, 0xec, 0x03, 0xe8, 0xe8, 0xe8, 0xe8, 0xe8, 0x03, 0x03, 0x03, 0x03, 0x03, 0x03, 0x03, 0x03, 0xe8, 0x04, 0x03, 0x04, 0x03, 0x03, 0x04, 0x03, 0x03, 0x03, 0x03, 0x04, 0x03, 0x04, 0x04, 0x04, 0x03, 0x04, 0x04, 0x04, 
  0xf8, 0x00, 0xe5, 0x00, 0xe5, 0x00, 0xe5, 0x00, 0xe5, 0x00, 0xe5, 0x00, 0xf8, 0x00, 0xf8, 0x00, 0xf8, 0x00, 0xf8, 0xf8, 0xf8, 0xf8, 0xf8, 0x00, 0xe5, 0xf8, 0xe5, 0xf8, 0xe5, 0xf8, 0xe5, 0xf8, 0xe0, 0xe5, 0xe0, 0xf4, 0xf4, 0xf4, 0xf4, 0xf4, 0xf4, 0xf4, 0xf4, 0xf4, 0xf4, 0xf4, 0xf4, 0xc9, 0xc1, 0xd4, 0xa2, 0x2d, 0x2d, 0x24, 0x2b, 0x2b, 0x2e, 0x2e, 0x2e, 0x32, 0x2e, 0x2b, 0x28, 0x2b, 0x2e, 0x23, 0x23, 0x32, 0x26, 0x22, 0x48, 0x6a, 0xb4, 0xb4, 0xc7, 0xbf, 0xbd, 0xcf, 0xdb, 0xd9, 0x06, 0xfa, 0xe2, 0xf9, 0x01, 0x02, 0xf1, 0xf0, 0xf5, 0xf5, 0xeb, 0xf5, 0xd1, 0xfe, 0xd1, 0xfe, 0xd1, 0xeb, 0xf6, 0xeb, 0xeb, 0xeb, 0xe1, 0xeb, 0x00, 0xf8, 0xf8, 0xf8, 0xf8, 0xf8, 0xe5, 0x00, 0xee, 0x00, 0x00, 0x00, 0x00, 0xc9, 0x00, 0x00, 0xef, 0xf0, 0xf3, 0xf4, 0xd1, 0xd3, 0xc6, 0xd8, 0xcc, 0xda, 0x09, 0xda, 0xd9, 0xc2, 0xc2, 0x03, 0xf5, 0xe5, 0x01, 0x01, 0xe1, 0xc9, 0xd9, 0xc5, 0xcc, 0xd0, 0xd0, 0xd4, 0x0b, 0xe3, 0xc9, 0xe1, 0xf3, 0x01, 0x02, 0xd2, 0xdd, 0xda, 0xcc, 0xc0, 0xd0, 0xb6, 0xcf, 0xcb, 0x06, 0x06, 0xd2, 0xd9, 0xc4, 0xd4, 0xcc, 0xb1, 0xb5, 0xac, 0xdf, 0xd1, 0x01, 0xd2, 0x09, 0xdc, 0xda, 0xd0, 0xd0, 0xc7, 0xd4, 0xc7, 0xd4, 0xcc, 0xd0, 0xd4, 0xc7, 0xc7, 0xd0, 0xdc, 0xcc, 0xc7, 0xcd, 0xdf, 0xdd, 0xcb, 0xdc, 0xcf, 0xd4, 0xd0, 0xc7, 0xd4, 0xd4, 0xdf, 0x0b, 0xf5, 0x06, 0x09, 0xcf, 0x8e, 0x7f, 0x7a, 0x76, 0x76, 0xb5, 0x06, 0xfa, 0x07, 0xb0, 0x8e, 0x38, 0x3b, 0x43, 0x3c, 0x42, 0x33, 0x3d, 0x3d, 0x42, 0x2f, 0x42, 0x47, 0x37, 0x2b, 0x35, 0x31, 0x3b, 0x38, 0x45, 0xad, 0xdf, 0xdf, 0xe4, 0xf6, 0xf1, 0x02, 0x02, 0xe2, 0xe2, 0xf1, 0xf1, 0xf1, 0xec, 0xe2, 0xe2, 0xe2, 0xe2, 0xe2, 0xe2, 0xe2, 0xec, 0xe8, 0xec, 0xe8, 0xec, 0xec, 0xe2, 0xec, 0xe2, 0xec, 0xe2, 0xec, 0xe2, 0xec, 0xec, 0xe2, 0xec, 0xe2, 0xe8, 0xe8, 0xec, 0xe8, 0xe8, 0x03, 0xe8, 0x03, 0xe8, 0x03, 0x03, 0x03, 0x03, 0x03, 0x03, 0x03, 0x03, 0x03, 0x03, 0x03, 0x03, 0x03, 0x03, 0x04, 0x03, 0x03, 0x04, 0x03, 0x04, 0x03, 0x04, 0x04, 0x03, 0x04, 0x04, 0x04, 0x03, 0x04, 
  0x00, 0xf8, 0xf8, 0xf8, 0xf8, 0xf8, 0xf8, 0xf8, 0xf8, 0xf8, 0xf8, 0xf8, 0x00, 0xe5, 0x00, 0xe5, 0xf8, 0xe5, 0xf8, 0xe5, 0xf8, 0xe5, 0xf8, 0xe5, 0xf8, 0xf8, 0xf8, 0xf8, 0xf8, 0xf8, 0xf8, 0xf8, 0xe5, 0xe5, 0xe5, 0xe5, 0xe5, 0xef, 0xf8, 0xef, 0xf4, 0xf9, 0xf4, 0xf5, 0xbe, 0xf8, 0xc9, 0xcb, 0xca, 0xba, 0x5c, 0x31, 0x27, 0x23, 0x35, 0x2b, 0x32, 0x2e, 0x2c, 0x26, 0x28, 0x2e, 0x32, 0x2f, 0x26, 0x23, 0x23, 0x32, 0x2f, 0x42, 0x83, 0xbf, 0xbf, 0xbc, 0xba, 0xc8, 0xd3, 0xda, 0x08, 0x06, 0x02, 0x02, 0xfe, 0xf6, 0xf5, 0xf5, 0xf0, 0xf6, 0xf5, 0xf6, 0xf5, 0xeb, 0xeb, 0xfe, 0xd1, 0xf6, 0xe1, 0xf6, 0xf6, 0x02, 0xf6, 0xe1, 0x01, 0xf8, 0xf8, 0xf8, 0x00, 0xf8, 0xe5, 0xf8, 0xf8, 0xee, 0xe5, 0xee, 0xe5, 0x00, 0xc9, 0x00, 0xf8, 0x00, 0xee, 0xf4, 0x01, 0xc2, 0xc9, 0xd5, 0xd7, 0xcc, 0xcf, 0xd0, 0xdb, 0xdd, 0xd5, 0x01, 0xe1, 0xef, 0xe5, 0xf5, 0xf4, 0xee, 0xcb, 0xe6, 0xcb, 0xca, 0xd0, 0xcc, 0xcc, 0xd4, 0x08, 0xd2, 0xe1, 0x01, 0xeb, 0x01, 0x00, 0xcd, 0x0b, 0xdd, 0xce, 0xcc, 0xd0, 0xcf, 0xda, 0xd3, 0xcb, 0x06, 0xd1, 0xd9, 0xd5, 0xda, 0xd4, 0xdd, 0xde, 0xdf, 0xe4, 0xe6, 0xe5, 0x02, 0xe3, 0xdd, 0xdc, 0xd4, 0xd4, 0xd8, 0xd4, 0xd8, 0xd4, 0xd8, 0xd4, 0xd6, 0xd4, 0xd6, 0xd0, 0xd4, 0xd0, 0xd3, 0xdb, 0x0b, 0xfd, 0x06, 0xd9, 0xdc, 0xda, 0xd0, 0xcc, 0xd8, 0x0a, 0x0b, 0xfd, 0xf9, 0xd2, 0xfa, 0xd4, 0xd8, 0xcc, 0xcc, 0xcc, 0xda, 0xde, 0x06, 0xd2, 0xd2, 0xb0, 0xb7, 0xc8, 0xc7, 0xbf, 0xc3, 0xc3, 0xb9, 0xb8, 0xb4, 0xae, 0xae, 0xae, 0xa9, 0xa5, 0xa9, 0xa2, 0xa5, 0xa2, 0x94, 0xa0, 0xca, 0xdf, 0xe4, 0xe4, 0xe8, 0xf1, 0xe2, 0xe2, 0xf1, 0xe2, 0xf1, 0xf1, 0xf1, 0xec, 0xec, 0xec, 0xec, 0xec, 0xec, 0xec, 0xec, 0xe8, 0xec, 0xe8, 0xe2, 0xec, 0xe2, 0xec, 0xe2, 0xec, 0xe2, 0xec, 0xe2, 0xec, 0xe8, 0xec, 0xe8, 0xe2, 0xec, 0xe8, 0xec, 0xe8, 0xec, 0x03, 0xe8, 0xe8, 0xe8, 0xe8, 0xe8, 0x03, 0x03, 0x03, 0x03, 0x03, 0x03, 0x03, 0x03, 0xe8, 0x04, 0x03, 0x04, 0x03, 0xe8, 0x04, 0x03, 0x03, 0x04, 0x03, 0x04, 0x03, 0x04, 0x04, 0x04, 0x03, 0x04, 0x04, 0x04, 
  0xf8, 0x00, 0xf8, 0x00, 0xf8, 0x00, 0xf8, 0x00, 0xf8, 0x00, 0xf8, 0x00, 0xf8, 0xf8, 0xf8, 0xf8, 0xf8, 0xf8, 0xf8, 0xf8, 0xf8, 0xf8, 0xf8, 0xf8, 0xe5, 0xf8, 0xe5, 0xf8, 0xe5, 0xf8, 0xe5, 0xf8, 0xe0, 0xe5, 0xe5, 0xe5, 0xe5, 0xf4, 0xf8, 0xf4, 0xee, 0x01, 0x06, 0xf3, 0xc9, 0xd1, 0xc2, 0xcb, 0xcc, 0x86, 0x31, 0x2d, 0x31, 0x2b, 0x2b, 0x2e, 0x2e, 0x28, 0x26, 0x37, 0x37, 0x26, 0x22, 0x2b, 0x1a, 0x4d, 0x35, 0x0d, 0x5e, 0x9b, 0xb9, 0xb8, 0xb8, 0xbc, 0xc8, 0xcf, 0xda, 0xd9, 0xe2, 0xfe, 0x02, 0xf5, 0x02, 0xf5, 0x02, 0xf5, 0xf5, 0xf5, 0xf1, 0xf5, 0xf6, 0xf0, 0xfe, 0xeb, 0xf6, 0xd1, 0xf6, 0xf6, 0xf6, 0xeb, 0xe1, 0x01, 0xf8, 0x00, 0xf8, 0x00, 0xe5, 0x00, 0xf8, 0x00, 0xf8, 0xe5, 0xee, 0xe5, 0xf8, 0x00, 0xf8, 0xc9, 0xf8, 0xf8, 0xee, 0xf4, 0xf4, 0xee, 0x01, 0xd9, 0xdb, 0xd7, 0xdb, 0xda, 0xdd, 0xdd, 0xe2, 0xcb, 0x01, 0xe1, 0xef, 0xeb, 0x01, 0xf4, 0xeb, 0xe1, 0xd2, 0xe3, 0xd4, 0xd3, 0xd4, 0xd9, 0xd9, 0xe2, 0xe1, 0x01, 0xe1, 0xf6, 0x00, 0xe1, 0xdb, 0xdd, 0xcd, 0xca, 0xce, 0xcf, 0xda, 0x07, 0xc9, 0x06, 0xd2, 0x09, 0xca, 0xca, 0xcd, 0xda, 0xde, 0xe4, 0xdf, 0x02, 0xe5, 0xe7, 0x05, 0xde, 0xde, 0xdc, 0x09, 0x09, 0xda, 0xe3, 0xd9, 0xe9, 0xd9, 0xd9, 0xd9, 0xd7, 0xdc, 0xda, 0xda, 0xd8, 0xdd, 0xdf, 0xfd, 0xfa, 0x0a, 0x0a, 0xdc, 0xd5, 0xd4, 0xdb, 0x0a, 0xdf, 0x0b, 0xf5, 0xf9, 0x07, 0x06, 0xd3, 0xcc, 0xcc, 0xd3, 0xda, 0x0b, 0x07, 0xfa, 0x08, 0xbb, 0xcc, 0xd8, 0xd4, 0xd8, 0xd6, 0xd6, 0xd0, 0xd0, 0xc7, 0xd0, 0xc7, 0xd0, 0xc7, 0xd0, 0xc7, 0xcc, 0xcc, 0xd4, 0xd4, 0xd8, 0xdf, 0xdf, 0xdf, 0xde, 0xe6, 0xf1, 0xe2, 0xe2, 0xe2, 0xf1, 0xe2, 0xf1, 0xf1, 0xe2, 0xec, 0xe2, 0xec, 0xe2, 0xec, 0xe2, 0xec, 0xe8, 0xe8, 0xec, 0xec, 0xe2, 0xec, 0xe2, 0xec, 0xe2, 0xec, 0xe2, 0xec, 0xe2, 0xe8, 0xe8, 0xec, 0xec, 0xe2, 0xe8, 0xe8, 0xec, 0xe8, 0xe8, 0x03, 0xe8, 0x03, 0xe8, 0x03, 0x03, 0x03, 0x03, 0x03, 0x03, 0x03, 0x03, 0x03, 0x03, 0x03, 0x03, 0x03, 0x03, 0x03, 0x03, 0x03, 0x04, 0x03, 0x04, 0x04, 0x04, 0x04, 0x03, 0x04, 0x04, 0x04, 0x03, 0x04, 
  0x00, 0xe5, 0x00, 0xe5, 0x00, 0xe5, 0x00, 0xe5, 0x00, 0xe5, 0x00, 0xe5, 0x00, 0xf8, 0x00, 0xe5, 0xf8, 0xe5, 0xf8, 0xe5, 0xf8, 0xe5, 0xf8, 0xe5, 0xf8, 0xf8, 0xf8, 0xf8, 0xf8, 0xf8, 0xf4, 0xe5, 0xe5, 0xe5, 0xe5, 0xe5, 0xe5, 0xef, 0xf8, 0xef, 0xf8, 0xf8, 0xf9, 0xbe, 0xd1, 0x06, 0xbe, 0xce, 0xad, 0x3b, 0x27, 0x2b, 0x2b, 0x3b, 0x2b, 0x37, 0x2b, 0x2e, 0x28, 0x2f, 0x32, 0x32, 0x2f, 0x26, 0x54, 0x37, 0x3d, 0x6e, 0xa1, 0xb8, 0xbc, 0xc7, 0xc0, 0xc8, 0xd4, 0xda, 0x08, 0x08, 0xf6, 0xf6, 0xf5, 0x02, 0xf5, 0xf5, 0xf5, 0xf6, 0xf5, 0xeb, 0xf5, 0xf6, 0xeb, 0xeb, 0xeb, 0xfe, 0x02, 0xf6, 0x02, 0xf6, 0xeb, 0xe1, 0x01, 0xf8, 0x00, 0x00, 0x00, 0xf8, 0xf8, 0xf8, 0x00, 0xe5, 0x00, 0xe5, 0xee, 0xe5, 0xee, 0xc9, 0xf8, 0xc9, 0xf8, 0x00, 0xee, 0xe5, 0xe5, 0xc2, 0x01, 0xe3, 0x09, 0xd9, 0xdd, 0xde, 0x0b, 0xde, 0x02, 0xc9, 0x01, 0xe1, 0x01, 0xf5, 0x01, 0x01, 0xe1, 0x01, 0xe2, 0xe4, 0x0a, 0xdd, 0x0a, 0xde, 0xdb, 0xe2, 0x01, 0x01, 0xf8, 0xeb, 0x01, 0x01, 0x09, 0xde, 0x09, 0xda, 0xdb, 0xdb, 0xdd, 0xd5, 0xc9, 0xcb, 0xd1, 0x09, 0x08, 0xe3, 0xd5, 0xde, 0xe4, 0xdf, 0xdf, 0xf1, 0xe5, 0xf1, 0x04, 0xdf, 0xdf, 0xdf, 0x0b, 0xdf, 0xdf, 0xdf, 0xdf, 0xdf, 0xf7, 0x0b, 0x0b, 0x0b, 0x0a, 0x0b, 0xdd, 0xdb, 0x0b, 0x0b, 0xff, 0xf9, 0xff, 0xde, 0xdd, 0xda, 0xdb, 0xdd, 0x0b, 0x0b, 0xf7, 0xfe, 0x06, 0xf9, 0xcd, 0xd5, 0xcd, 0xd3, 0xdb, 0x0b, 0x0b, 0xfa, 0x07, 0xfa, 0xc5, 0xda, 0xce, 0xce, 0xcf, 0xd4, 0xd6, 0xd0, 0xc7, 0xd0, 0xc7, 0xd0, 0xc7, 0xd0, 0xcc, 0xd0, 0xcc, 0xd3, 0xc8, 0xdc, 0xdd, 0xdf, 0xe4, 0xe4, 0xdf, 0xec, 0xe2, 0xe2, 0xec, 0xfa, 0xec, 0xf1, 0xf1, 0xf1, 0xec, 0xec, 0xec, 0xe2, 0xec, 0xe2, 0xec, 0xec, 0xe8, 0xec, 0xe8, 0xe2, 0xec, 0xe2, 0xec, 0xe2, 0xec, 0xe2, 0xec, 0xe2, 0xec, 0xe8, 0xec, 0xe8, 0xe2, 0xec, 0xe8, 0xec, 0xe8, 0xec, 0x03, 0xe8, 0xe8, 0xe8, 0xe8, 0xe8, 0x03, 0x03, 0x03, 0x03, 0x03, 0x03, 0x03, 0x03, 0x03, 0x03, 0x04, 0x03, 0x03, 0xe8, 0x04, 0x03, 0x03, 0x04, 0x03, 0x04, 0x03, 0x04, 0x04, 0x04, 0x03, 0x04, 0x04, 0x04, 
  0xf8, 0xf8, 0xf8, 0xf8, 0xf8, 0xf8, 0xf8, 0xf8, 0xf8, 0xf8, 0xf8, 0xf8, 0xf8, 0xe5, 0xf4, 0xf8, 0xf8, 0xf8, 0xf8, 0xf8, 0xf8, 0xf8, 0xf8, 0xf8, 0xe5, 0xf8, 0xe5, 0xf8, 0xe5, 0xf8, 0xf8, 0xe5, 0xe5, 0xe0, 0xe5, 0xe5, 0xe5, 0xf4, 0xf8, 0xf4, 0xf4, 0x00, 0xc9, 0x00, 0x06, 0xbe, 0xca, 0xc5, 0x75, 0x11, 0x3c, 0x31, 0x26, 0x35, 0x2e, 0x2b, 0x22, 0x37, 0x37, 0x19, 0x1d, 0x37, 0x42, 0x26, 0x3d, 0x60, 0x85, 0xa9, 0xbc, 0xb8, 0xb8, 0xc3, 0xd4, 0xd7, 0xd9, 0xd5, 0xd1, 0xe1, 0xf6, 0x02, 0x02, 0xf5, 0x02, 0xf6, 0xf6, 0xf5, 0xf6, 0xf5, 0xf6, 0xeb, 0xf5, 0xd1, 0xeb, 0xf6, 0xd1, 0xf6, 0xf6, 0xeb, 0x01, 0x01, 0x00, 0x00, 0x00, 0xc2, 0xf8, 0x00, 0xf8, 0x00, 0xf8, 0xf8, 0xf8, 0x00, 0xe5, 0xee, 0xe5, 0xf8, 0xf8, 0xc9, 0xf8, 0xf8, 0x00, 0xe5, 0xe5, 0xc2, 0x01, 0x04, 0xdd, 0x09, 0x09, 0xde, 0x0b, 0xdf, 0x08, 0xf4, 0x06, 0x01, 0xf9, 0xeb, 0xe1, 0xe1, 0x01, 0x00, 0x02, 0xdf, 0xdf, 0x0b, 0xdf, 0xdf, 0xfd, 0xd1, 0x01, 0xf4, 0xee, 0xeb, 0xe1, 0xf4, 0xe2, 0xff, 0xdf, 0xdf, 0x0b, 0xff, 0x0b, 0x08, 0xc9, 0x06, 0xfe, 0xde, 0xdf, 0xdf, 0xe4, 0xdf, 0xdf, 0xdf, 0xdf, 0xd1, 0xe6, 0xe7, 0xe9, 0xf2, 0xdf, 0xdf, 0xdf, 0xdf, 0xdf, 0xdf, 0xdf, 0xf7, 0xf7, 0xf7, 0xf7, 0xf7, 0xf7, 0xdf, 0x0b, 0x0b, 0xdf, 0xdf, 0xfd, 0xf9, 0xff, 0xf7, 0xdf, 0xdf, 0xdf, 0xdf, 0xdf, 0xf7, 0xde, 0xfe, 0xfe, 0x02, 0x03, 0xde, 0xdb, 0xdb, 0xe4, 0x0b, 0xdf, 0xfc, 0xf9, 0xfe, 0xcb, 0xdd, 0x08, 0xd9, 0xd9, 0xda, 0xda, 0xd7, 0xda, 0xd6, 0xd7, 0xd4, 0xd4, 0xd3, 0xd4, 0xd3, 0xd5, 0xd3, 0xd3, 0xdd, 0xdf, 0xdf, 0xde, 0xe4, 0xdf, 0xe8, 0xf1, 0xec, 0xfa, 0xfa, 0xec, 0xe2, 0xec, 0xf1, 0xec, 0xec, 0xe2, 0xec, 0xe2, 0xec, 0xe2, 0xec, 0xe8, 0xe8, 0xec, 0xec, 0xe2, 0xec, 0xe2, 0xec, 0xe2, 0xec, 0xe2, 0xec, 0xe2, 0xe8, 0xe8, 0xec, 0xec, 0xe2, 0xe8, 0xe8, 0xec, 0xe8, 0xe8, 0x03, 0xe8, 0x03, 0xe8, 0x03, 0x03, 0x03, 0x03, 0x03, 0x03, 0x03, 0x03, 0x03, 0x03, 0x03, 0x03, 0x03, 0x03, 0x03, 0x03, 0x03, 0x04, 0x03, 0x04, 0x04, 0x04, 0x04, 0x03, 0x04, 0x04, 0x04, 0x03, 0x04, 
  0x00, 0xf8, 0x00, 0xf8, 0x00, 0xf8, 0x00, 0xf8, 0xe5, 0xf8, 0xe5, 0xf8, 0xe5, 0xf8, 0xf8, 0xe5, 0xf8, 0xe5, 0xf8, 0xe5, 0xf8, 0xe5, 0xf8, 0xe5, 0xf8, 0xf8, 0xf8, 0xf8, 0xf8, 0xf8, 0xf4, 0xe5, 0xe5, 0xe5, 0xe5, 0xe5, 0xe5, 0xef, 0xf8, 0xf8, 0xf8, 0x06, 0x00, 0xcb, 0xe0, 0xc5, 0xd2, 0x99, 0x38, 0x23, 0x47, 0x35, 0x2e, 0x23, 0x35, 0x2e, 0x2e, 0x35, 0x32, 0x26, 0x22, 0x26, 0x2f, 0x2f, 0x55, 0x8d, 0xb2, 0xb9, 0xbc, 0xc0, 0xc6, 0xce, 0xda, 0xd9, 0x08, 0x02, 0xe6, 0xe1, 0xe6, 0x02, 0xf6, 0x02, 0xeb, 0xf6, 0xf6, 0xf6, 0xf6, 0xeb, 0xfe, 0xeb, 0xeb, 0xeb, 0xf6, 0xeb, 0xf6, 0xeb, 0xe1, 0x01, 0xf4, 0xf8, 0x00, 0x00, 0xf8, 0xf4, 0x00, 0xe5, 0x00, 0xe5, 0x00, 0xf8, 0x00, 0xe5, 0xee, 0xe5, 0x00, 0xf8, 0xf8, 0xc9, 0xf8, 0xf8, 0xee, 0xe5, 0xee, 0xc2, 0x01, 0x04, 0xfd, 0xfd, 0xed, 0xfd, 0xdf, 0xde, 0x02, 0x06, 0xf0, 0x01, 0xe1, 0xfe, 0xf0, 0xe1, 0x01, 0x00, 0x02, 0xdf, 0xdf, 0x0b, 0xdf, 0x0b, 0x05, 0x02, 0x01, 0x01, 0x01, 0xeb, 0xeb, 0x00, 0xf4, 0xed, 0xdf, 0xdf, 0xdf, 0x0b, 0xdf, 0xfc, 0xc9, 0x06, 0xfe, 0x05, 0xdf, 0xdf, 0xdf, 0xdf, 0xdf, 0xdf, 0xff, 0x02, 0xe0, 0xf0, 0xec, 0xfd, 0xdf, 0xdf, 0xdf, 0xdf, 0xdf, 0xdf, 0xe4, 0xdf, 0xf7, 0xf7, 0xf7, 0xf7, 0xf7, 0xdf, 0xdf, 0xdf, 0xdf, 0xdf, 0xfc, 0xf9, 0xfc, 0xff, 0xdf, 0xdf, 0xdf, 0x0b, 0xf7, 0x0b, 0xff, 0xe6, 0xfe, 0xf1, 0x03, 0xe4, 0xe4, 0xdf, 0xe4, 0x0b, 0xf7, 0xfd, 0xfb, 0xfe, 0xd1, 0xde, 0xdf, 0x0b, 0xdf, 0x0b, 0x0b, 0x0b, 0x0b, 0x0b, 0x0b, 0x0b, 0x0b, 0x0b, 0x0b, 0x0b, 0xff, 0xdf, 0x0b, 0xdf, 0xdf, 0xdf, 0xe4, 0xe4, 0xf2, 0xe6, 0xec, 0xfa, 0xfa, 0xfa, 0xfa, 0xf1, 0xe2, 0xe2, 0xec, 0xe2, 0xec, 0xe2, 0xec, 0xe2, 0xec, 0xec, 0xe8, 0xec, 0xe8, 0xe2, 0xec, 0xe2, 0xec, 0xe2, 0xec, 0xe2, 0xec, 0xe2, 0xec, 0xe8, 0xec, 0xe8, 0xe2, 0xec, 0xe8, 0xec, 0xe8, 0xec, 0x03, 0xe8, 0xe8, 0xe8, 0xe8, 0xe8, 0x03, 0x03, 0x03, 0x03, 0x03, 0x03, 0x03, 0x03, 0x03, 0x03, 0x04, 0x03, 0x03, 0xe8, 0x04, 0x03, 0x03, 0x04, 0x03, 0x04, 0x03, 0x04, 0x04, 0x04, 0x03, 0x04, 0x04, 0x04, 
  0xf8, 0x00, 0xe5, 0x00, 0xe5, 0x00, 0xe5, 0x00, 0xf4, 0xf8, 0xf8, 0xf8, 0xf8, 0xe5, 0xf8, 0xf8, 0xf8, 0xf8, 0xf8, 0xf8, 0xf8, 0xf8, 0xf8, 0xf8, 0xe5, 0xf8, 0xe5, 0xf8, 0xe5, 0xf8, 0xf8, 0xe5, 0xe5, 0xe0, 0xe5, 0xe5, 0xe5, 0xf4, 0xf4, 0xf8, 0xf3, 0xd1, 0xc9, 0xc5, 0xcb, 0xcd, 0xbd, 0x52, 0x31, 0x3c, 0x23, 0x2b, 0x42, 0x16, 0x2e, 0x37, 0x35, 0x22, 0x26, 0x3d, 0x37, 0x1b, 0x32, 0x5d, 0xa1, 0xae, 0xbc, 0xbf, 0xc3, 0xc3, 0xd3, 0xdd, 0x08, 0xe2, 0x02, 0x02, 0x02, 0x02, 0x02, 0xe6, 0x02, 0x02, 0xf6, 0xd1, 0xf6, 0xd1, 0xfe, 0xd1, 0xf6, 0xd1, 0xf6, 0xf6, 0xf6, 0xeb, 0xeb, 0xe1, 0x01, 0xf4, 0xf8, 0xf8, 0x00, 0xf8, 0xe5, 0xf4, 0xf8, 0xf8, 0xf8, 0xf8, 0xf8, 0x00, 0xe5, 0x00, 0xe5, 0xee, 0xe5, 0xf8, 0xf8, 0xc9, 0xc9, 0xf8, 0x00, 0x00, 0xc2, 0xe5, 0xe6, 0x04, 0xfd, 0x09, 0xfd, 0x05, 0xfd, 0x03, 0x01, 0xf8, 0xfe, 0xf9, 0x01, 0xf9, 0xe1, 0x01, 0xe1, 0x01, 0xe2, 0xf2, 0xdf, 0x0b, 0xdf, 0xff, 0x04, 0xeb, 0xf4, 0x01, 0x01, 0x01, 0xf0, 0xf8, 0xee, 0x03, 0xf7, 0xdf, 0xdf, 0xf7, 0xdf, 0xfc, 0x06, 0x06, 0xc9, 0xfb, 0xdf, 0xdf, 0xdf, 0xdf, 0xdf, 0xdf, 0x0b, 0xf6, 0x01, 0xe0, 0xeb, 0x04, 0xff, 0x0b, 0x0b, 0xe4, 0xdf, 0xdf, 0xdf, 0xdf, 0xdf, 0xdf, 0xf7, 0xf7, 0xf2, 0xdf, 0xdf, 0xdf, 0xdf, 0xdf, 0xfd, 0xfa, 0xf5, 0xed, 0xe4, 0xdf, 0xe4, 0xdf, 0xdf, 0xf7, 0xe4, 0xd2, 0xeb, 0xf0, 0xf5, 0xed, 0xf2, 0xdf, 0xe4, 0xdf, 0xf7, 0xf7, 0xfc, 0xf9, 0x02, 0xe3, 0xe4, 0xdf, 0xdf, 0xdf, 0xdf, 0xdf, 0xdf, 0xdf, 0xdf, 0xdf, 0xdf, 0xdf, 0xdf, 0xdf, 0xdf, 0xdf, 0xdf, 0xff, 0x05, 0xdf, 0xdf, 0xe4, 0xf2, 0xf1, 0xf1, 0xfa, 0xfb, 0xfa, 0xec, 0xfa, 0xe2, 0xe2, 0xec, 0xec, 0xe2, 0xec, 0xe2, 0xec, 0xe2, 0xec, 0xe8, 0xe8, 0xec, 0xec, 0xe2, 0xec, 0xe2, 0xec, 0xe2, 0xec, 0xe2, 0xec, 0xe2, 0xe8, 0xe8, 0xec, 0xec, 0xe2, 0xe8, 0xe8, 0xec, 0xe8, 0xe8, 0x03, 0xe8, 0x03, 0xe8, 0x03, 0x03, 0x03, 0x03, 0x03, 0x03, 0x03, 0x03, 0x03, 0x03, 0x03, 0x03, 0x03, 0x03, 0x03, 0x03, 0x03, 0x04, 0x03, 0x04, 0x04, 0x04, 0x04, 0x03, 0x04, 0x04, 0x04, 0x03, 0x04, 
  0x00, 0xf8, 0xf8, 0xf8, 0xf8, 0xf8, 0xf8, 0xf8, 0xf8, 0xf8, 0xe5, 0xf8, 0xe5, 0xf8, 0xf8, 0xe5, 0xf8, 0xe5, 0xf8, 0xe5, 0xf8, 0xe5, 0xf8, 0xe5, 0xf8, 0xf8, 0xf8, 0xf8, 0xf8, 0xf8, 0xf4, 0xe5, 0xe5, 0xe5, 0xe5, 0xe5, 0xe5, 0xf8, 0xf4, 0xf8, 0x00, 0x06, 0xc9, 0xc5, 0xc5, 0xc5, 0x87, 0x1e, 0x3b, 0x37, 0x1a, 0x35, 0x37, 0x29, 0x32, 0x35, 0x32, 0x26, 0x2f, 0x37, 0x42, 0x54, 0x75, 0x91, 0xb9, 0xc7, 0xbf, 0xb8, 0xc8, 0xdc, 0xdb, 0xd2, 0xf6, 0xf6, 0x02, 0xf1, 0xf1, 0x02, 0x02, 0x02, 0xd1, 0x02, 0xd1, 0xd1, 0xd1, 0xd1, 0xd1, 0xd1, 0xd1, 0x02, 0xd1, 0x02, 0xf6, 0xfe, 0xf0, 0xe1, 0xf4, 0xf8, 0xe5, 0xf8, 0xe5, 0xf8, 0xf4, 0xf4, 0x00, 0xf8, 0x00, 0xf8, 0x00, 0xf8, 0x00, 0xe5, 0xee, 0xe5, 0x00, 0xef, 0xc9, 0xf8, 0xc9, 0x00, 0xe0, 0xee, 0xe0, 0xee, 0xe6, 0xfa, 0xfb, 0xfb, 0xe8, 0xfb, 0xec, 0xfe, 0xf3, 0xf8, 0xf9, 0x01, 0xf8, 0xeb, 0x01, 0xf4, 0xeb, 0xeb, 0xf6, 0x04, 0xfd, 0xfd, 0x05, 0x05, 0xe8, 0xe1, 0xf4, 0xf4, 0xf4, 0xf3, 0x01, 0xeb, 0xef, 0x02, 0xf2, 0xf2, 0xf7, 0xf2, 0xff, 0xfc, 0xf9, 0xf9, 0x00, 0xfe, 0xdf, 0xdf, 0xf2, 0xdf, 0xf2, 0xf2, 0xff, 0xfe, 0xe1, 0xe5, 0x06, 0xfa, 0xd9, 0xfc, 0xd9, 0x04, 0xea, 0xe9, 0xea, 0xea, 0xea, 0xed, 0xfc, 0xfc, 0x05, 0x05, 0x05, 0xde, 0xde, 0xff, 0xfc, 0xfb, 0xf5, 0xe9, 0xe4, 0xe4, 0xe4, 0xdf, 0xdf, 0xdf, 0xde, 0xe7, 0xf6, 0xf0, 0xef, 0xf1, 0xe9, 0xf2, 0xdf, 0xf7, 0xf7, 0xf7, 0xfd, 0xf5, 0xe6, 0xe6, 0xe3, 0xfd, 0xdf, 0xdf, 0xdf, 0xdf, 0xdf, 0xdf, 0xdf, 0xf7, 0xdf, 0xdf, 0xdf, 0xdf, 0xdf, 0xdf, 0xdf, 0xf7, 0xdf, 0xdf, 0xdf, 0xe4, 0xe4, 0xf1, 0xec, 0xfa, 0xfa, 0xfa, 0xfa, 0xe2, 0xe2, 0xe2, 0xec, 0xe2, 0xec, 0xe2, 0xec, 0xe2, 0xec, 0xec, 0xe8, 0xec, 0xe8, 0xe2, 0xec, 0xe2, 0xec, 0xe2, 0xec, 0xe2, 0xec, 0xe2, 0xec, 0xe8, 0xec, 0xe8, 0xe2, 0xec, 0xe8, 0xec, 0xe8, 0xec, 0x03, 0xe8, 0xe8, 0xe8, 0xe8, 0xe8, 0x03, 0x03, 0x03, 0x03, 0x03, 0x03, 0x03, 0x03, 0x03, 0x03, 0x04, 0x03, 0x03, 0xe8, 0x04, 0x03, 0x03, 0x04, 0x03, 0x04, 0x03, 0x04, 0x04, 0x04, 0x03, 0x04, 0x04, 0x04, 
  0xf8, 0x00, 0xf8, 0x00, 0xf8, 0x00, 0xf8, 0x00, 0xf4, 0xf4, 0xf4, 0xf4, 0xf4, 0xf4, 0xf4, 0xf4, 0xf8, 0xf8, 0xf8, 0xf8, 0xf8, 0xf8, 0xf8, 0xf8, 0xe5, 0xf8, 0xe5, 0xf8, 0xe5, 0xf8, 0xf8, 0xf8, 0xe0, 0xe5, 0xe5, 0xf4, 0xf8, 0xef, 0xf4, 0xf8, 0x01, 0x00, 0xcb, 0xc5, 0xca, 0xad, 0x36, 0x3f, 0x29, 0x35, 0x35, 0x42, 0x1a, 0x39, 0x35, 0x26, 0x1a, 0x39, 0x3d, 0x19, 0x3d, 0x78, 0xa5, 0xbf, 0xb4, 0xbc, 0xbc, 0xcf, 0xdc, 0xdb, 0xd5, 0xf6, 0x02, 0xf1, 0xf1, 0xf6, 0xe6, 0xeb, 0xf6, 0xe2, 0xf6, 0x02, 0xd1, 0xf6, 0xd1, 0xd1, 0xd1, 0xd1, 0xf6, 0x02, 0x02, 0xf6, 0xf6, 0xe1, 0xe1, 0x01, 0xf4, 0xf4, 0xf4, 0xf8, 0xf8, 0xe5, 0xf8, 0xf8, 0xe5, 0x00, 0xe5, 0x00, 0xe5, 0x00, 0xe5, 0x00, 0xe5, 0xee, 0xe5, 0xf8, 0xf8, 0xf8, 0xc9, 0xf8, 0xf4, 0xe0, 0xee, 0xc2, 0xe5, 0x01, 0x01, 0xef, 0xf8, 0xee, 0x01, 0xf4, 0xf3, 0xf8, 0x01, 0xf3, 0xf4, 0xfe, 0xf4, 0x00, 0x01, 0xeb, 0xf4, 0xf0, 0x01, 0xf8, 0x01, 0xfe, 0xeb, 0x01, 0x01, 0xeb, 0xe1, 0xf3, 0x01, 0xf5, 0x00, 0xee, 0xf1, 0xf1, 0xf6, 0xf5, 0x03, 0xf5, 0x06, 0x06, 0xf8, 0xf9, 0xe8, 0x04, 0xe8, 0xed, 0xed, 0x04, 0xfc, 0xf8, 0xd1, 0x01, 0xc9, 0x06, 0x06, 0x06, 0xc9, 0x01, 0xcd, 0xe6, 0xe7, 0xe0, 0xe6, 0xd1, 0xd1, 0xd1, 0xf0, 0xe6, 0xe6, 0xe0, 0x02, 0xd2, 0xf1, 0xf0, 0xef, 0xf0, 0xe7, 0xe7, 0xe7, 0xe7, 0x02, 0xf6, 0xe9, 0xcb, 0xf1, 0xf1, 0xf0, 0xf0, 0xf0, 0xe8, 0xf2, 0xfd, 0xfd, 0xf7, 0xfd, 0xfa, 0x02, 0xe7, 0x01, 0x03, 0xf2, 0xf2, 0xdf, 0xf7, 0xdf, 0xf2, 0xf7, 0xdf, 0xdf, 0xf7, 0xdf, 0xdf, 0xdf, 0xdf, 0xff, 0xf7, 0xf2, 0xdf, 0xe4, 0xdf, 0xdf, 0xe8, 0xf1, 0xfa, 0xfa, 0xfa, 0xfa, 0xe2, 0xe2, 0xe2, 0xec, 0xec, 0xe2, 0xec, 0xe2, 0xec, 0xe2, 0xec, 0xe8, 0xe8, 0xec, 0xec, 0xe2, 0xec, 0xe2, 0xec, 0xe2, 0xec, 0xe2, 0xec, 0xe2, 0xe8, 0xe8, 0xec, 0xec, 0xe2, 0xe8, 0xe8, 0xec, 0xe8, 0xe8, 0x03, 0xe8, 0x03, 0xe8, 0x03, 0x03, 0x03, 0x03, 0x03, 0x03, 0x03, 0x03, 0x03, 0x03, 0x03, 0x03, 0x03, 0x03, 0x03, 0x03, 0x03, 0x04, 0x03, 0x04, 0x04, 0x04, 0x04, 0x03, 0x04, 0x04, 0x04, 0x03, 0x04, 
  0xf8, 0xe5, 0xf8, 0xe5, 0xf8, 0xe5, 0xf8, 0xe5, 0xf8, 0xf8, 0xf8, 0xf8, 0xf8, 0xf8, 0xf8, 0xe5, 0xf8, 0xe5, 0xf8, 0xe5, 0xf8, 0xe5, 0xf8, 0xe5, 0xf8, 0xf8, 0xf8, 0xf8, 0xf8, 0xf8, 0xe5, 0xf8, 0xc9, 0xc9, 0xf8, 0xf8, 0xf8, 0xef, 0xf4, 0xef, 0x00, 0xcb, 0xc1, 0xca, 0xcc, 0x5c, 0x38, 0x50, 0x43, 0x43, 0x29, 0x29, 0x32, 0x2f, 0x41, 0x28, 0x37, 0x32, 0x32, 0x42, 0x83, 0xb9, 0xb9, 0xb8, 0xb6, 0xbd, 0xd5, 0xda, 0xe3, 0xd5, 0x02, 0x02, 0x02, 0xf1, 0xf6, 0xf1, 0xf5, 0x02, 0xf6, 0x02, 0x02, 0x02, 0x02, 0xf6, 0xd1, 0xf6, 0xd1, 0xf6, 0x02, 0xd1, 0xf6, 0xeb, 0xe1, 0x01, 0xf4, 0xf8, 0xf8, 0xf8, 0xe5, 0xf8, 0xe5, 0xf8, 0xe5, 0xf8, 0xf8, 0xf8, 0xf8, 0xf8, 0xf8, 0xf8, 0xf8, 0xf4, 0x00, 0xe5, 0x00, 0x00, 0xf8, 0xf8, 0xf8, 0x00, 0xe5, 0x00, 0xe5, 0xe5, 0xe5, 0xee, 0xf8, 0xf8, 0x00, 0xf8, 0x00, 0xf8, 0x00, 0x00, 0xf8, 0xf8, 0x00, 0xe5, 0xf4, 0x01, 0x01, 0xe1, 0xe1, 0xeb, 0x01, 0xe1, 0x01, 0xe1, 0x01, 0x01, 0xe1, 0x01, 0xe5, 0xf4, 0xf8, 0xf4, 0xf8, 0xf8, 0xf8, 0xf8, 0x01, 0x01, 0x01, 0xe1, 0x01, 0xe1, 0xe1, 0xe1, 0x01, 0x01, 0x01, 0x01, 0xf4, 0x01, 0xe1, 0x01, 0xe1, 0xe1, 0xe1, 0xe1, 0xfe, 0xfe, 0xd1, 0xe1, 0xe1, 0xe6, 0xe1, 0xe6, 0xe6, 0xeb, 0xd1, 0xeb, 0xeb, 0x01, 0xe1, 0xe6, 0xe1, 0xe1, 0xe1, 0xe1, 0xeb, 0xeb, 0xeb, 0xeb, 0xe6, 0xf6, 0xeb, 0xf6, 0xd1, 0xf6, 0xf6, 0xf6, 0xf6, 0xf6, 0xf6, 0xf6, 0xf6, 0xf6, 0xf5, 0xf6, 0xf5, 0xf6, 0xf6, 0xf6, 0x02, 0x02, 0xe2, 0xec, 0x03, 0x03, 0x04, 0x04, 0x04, 0x04, 0x04, 0xed, 0xed, 0xed, 0xed, 0x05, 0xed, 0x05, 0x05, 0x05, 0x05, 0xed, 0x05, 0xed, 0xe2, 0x02, 0xe2, 0xfa, 0xe2, 0xe2, 0xe2, 0xe2, 0xec, 0xe2, 0xec, 0xec, 0xe8, 0xec, 0xe8, 0xe8, 0xe8, 0xe8, 0x03, 0xec, 0xe8, 0xe2, 0xec, 0xe2, 0xec, 0xe2, 0xec, 0xe2, 0xec, 0xe8, 0xec, 0xe8, 0xec, 0xe8, 0xe8, 0xe8, 0x03, 0xe8, 0x03, 0xe8, 0xe8, 0xe8, 0xe8, 0xe8, 0x03, 0x03, 0x03, 0x03, 0x03, 0x03, 0x03, 0x03, 0x03, 0x03, 0x04, 0x03, 0x03, 0xe8, 0x04, 0x03, 0x03, 0x04, 0x03, 0x04, 0x03, 0x04, 0x04, 0x04, 0x03, 0x04, 0x04, 0x04, 
  0xf8, 0xf8, 0xf8, 0xf8, 0xf8, 0xf8, 0xf8, 0xf8, 0xe5, 0xf8, 0xe5, 0xf8, 0xe5, 0xf8, 0xe5, 0xf8, 0xf8, 0xf8, 0xf8, 0xf8, 0xf8, 0xf8, 0xf8, 0xf8, 0xe5, 0xf8, 0xe5, 0xf8, 0xe5, 0xf8, 0xf8, 0xf8, 0xc9, 0xc9, 0xc9, 0xf4, 0xef, 0xef, 0xef, 0xef, 0xf8, 0xd1, 0xc5, 0xd0, 0x8e, 0x50, 0x3b, 0x54, 0x65, 0x75, 0x58, 0x3d, 0x3c, 0x22, 0x28, 0x59, 0x32, 0x22, 0x42, 0xa1, 0xb9, 0xa5, 0xbc, 0xc0, 0xca, 0xe7, 0xe9, 0xe3, 0xe9, 0x02, 0x02, 0xf6, 0x02, 0x02, 0xfa, 0x02, 0x02, 0x02, 0x02, 0xf6, 0x02, 0x02, 0x02, 0xf6, 0xf6, 0x02, 0x02, 0x02, 0xf6, 0xf6, 0xeb, 0xe1, 0x01, 0xf4, 0xf8, 0xf4, 0xf8, 0xe5, 0xf8, 0xf8, 0xf8, 0xf8, 0xf8, 0xe5, 0xf8, 0xe5, 0xf8, 0xe5, 0xf8, 0xe5, 0xf8, 0xf8, 0xe5, 0x00, 0xf8, 0xf8, 0xf8, 0x00, 0xf8, 0xf8, 0xf8, 0xf8, 0x00, 0xf8, 0x00, 0xf8, 0xf8, 0xf8, 0xf8, 0x00, 0xe5, 0x00, 0xf8, 0xf8, 0xf8, 0xf8, 0xf8, 0xf8, 0xf8, 0xe5, 0xf4, 0x01, 0x01, 0x01, 0x01, 0x01, 0x01, 0x01, 0x01, 0x01, 0x01, 0x01, 0xf8, 0xf8, 0xf8, 0xf8, 0xf4, 0xf8, 0xf4, 0xf8, 0x01, 0x01, 0x01, 0x01, 0x01, 0x01, 0xe1, 0x01, 0x01, 0x01, 0x01, 0xf4, 0x01, 0x01, 0x01, 0x01, 0x01, 0x01, 0x01, 0xe1, 0x01, 0xe1, 0xe1, 0xe1, 0xe1, 0xe1, 0xe1, 0xe1, 0xe1, 0xeb, 0xeb, 0xe1, 0xe1, 0xe1, 0xe1, 0xe1, 0xe1, 0xe1, 0xe1, 0xe1, 0xe1, 0xeb, 0xeb, 0xeb, 0xeb, 0xf6, 0xeb, 0xf6, 0xf6, 0xf6, 0xf6, 0xeb, 0xf6, 0xf6, 0xeb, 0xeb, 0xf6, 0xf6, 0xf6, 0xf6, 0xf6, 0xf6, 0xf6, 0xf6, 0xf6, 0x02, 0xf6, 0x02, 0x02, 0xe2, 0x02, 0xec, 0x02, 0x02, 0x02, 0x02, 0xe2, 0xe2, 0xec, 0xec, 0xe2, 0xec, 0xec, 0xe8, 0xec, 0xe8, 0xec, 0xe2, 0x02, 0xe2, 0x02, 0xe2, 0xe2, 0xe2, 0xe2, 0xe2, 0xec, 0xec, 0xe2, 0xec, 0xe2, 0xe8, 0xec, 0xe8, 0xe8, 0x03, 0xe8, 0xe8, 0xec, 0xec, 0xe2, 0xec, 0xe2, 0xec, 0xe2, 0xec, 0xe2, 0xe8, 0xe8, 0xec, 0xe8, 0xec, 0xe8, 0xe8, 0xe8, 0xe8, 0xe8, 0x03, 0xe8, 0x03, 0xe8, 0x03, 0x03, 0x03, 0x03, 0x03, 0x03, 0x03, 0x03, 0x03, 0x03, 0x03, 0x03, 0x03, 0x03, 0x03, 0x03, 0x03, 0x04, 0x03, 0x04, 0x04, 0x04, 0x04, 0x03, 0x04, 0x04, 0x04, 0x03, 0x04, 
  0xf8, 0xe5, 0xf8, 0xe5, 0xf8, 0xe5, 0xf8, 0xe5, 0xf8, 0xf8, 0xf8, 0xf8, 0xf8, 0xf8, 0xf8, 0xe5, 0xf8, 0xe5, 0xf8, 0xe5, 0xf8, 0xe5, 0xf8, 0xe5, 0xf8, 0xf8, 0xf8, 0xf8, 0xf8, 0xf8, 0xe5, 0xf8, 0xc9, 0xc9, 0xf8, 0xf8, 0xf8, 0xef, 0xf8, 0xef, 0xbe, 0xcb, 0xce, 0xb6, 0x36, 0x29, 0x50, 0x4d, 0x8d, 0x90, 0x60, 0x1d, 0x47, 0x49, 0x42, 0x59, 0x32, 0x60, 0xaa, 0xb4, 0xb2, 0xc7, 0xbc, 0xbc, 0xd5, 0xe9, 0xe9, 0xe9, 0xe2, 0xf6, 0xf6, 0xf6, 0xfa, 0x02, 0xf1, 0x02, 0x02, 0xf5, 0x02, 0xf6, 0x02, 0x02, 0xf6, 0x02, 0xf6, 0x02, 0xf6, 0x02, 0xeb, 0xeb, 0x01, 0x01, 0xf8, 0xf8, 0xe5, 0xf8, 0xf8, 0xf8, 0xe5, 0xf8, 0xe5, 0xf8, 0xe5, 0xf8, 0xf8, 0xf8, 0xf8, 0xf8, 0xf8, 0xf8, 0xe5, 0xf8, 0xf8, 0xf8, 0x00, 0xf8, 0x00, 0xf8, 0xf8, 0x00, 0xf8, 0x00, 0xe5, 0x00, 0xf8, 0xf8, 0x00, 0xf8, 0x00, 0xf8, 0xf8, 0xf8, 0xf8, 0x00, 0xf8, 0x00, 0x00, 0x00, 0x00, 0xf8, 0x00, 0xf8, 0xf8, 0xf8, 0x01, 0x01, 0x01, 0x01, 0x01, 0x01, 0x01, 0x01, 0xf8, 0xe5, 0xf8, 0xe5, 0xf8, 0xf8, 0xf8, 0xf8, 0xf4, 0xf4, 0xf4, 0x01, 0x01, 0xf4, 0x01, 0x01, 0x01, 0x01, 0xf4, 0xf4, 0xf4, 0xf4, 0xf4, 0x01, 0x01, 0x01, 0x01, 0x01, 0x01, 0xe1, 0x01, 0x01, 0x01, 0x01, 0x01, 0x01, 0xe1, 0x01, 0xe1, 0xeb, 0x01, 0x01, 0x01, 0x01, 0x01, 0x01, 0x01, 0x01, 0x01, 0xe1, 0xe1, 0xe1, 0xe1, 0xe1, 0xe1, 0xeb, 0xe1, 0xeb, 0xe1, 0xeb, 0xe1, 0xeb, 0xe1, 0xeb, 0xf6, 0xf6, 0xf6, 0xf6, 0xf6, 0xf6, 0xf6, 0xf6, 0xf6, 0x02, 0xf6, 0xf6, 0xf6, 0xeb, 0xf6, 0xeb, 0xeb, 0xeb, 0xf6, 0xf6, 0x02, 0xf6, 0x02, 0x02, 0x02, 0x02, 0x02, 0xf6, 0x02, 0xf6, 0x02, 0x02, 0xe2, 0x02, 0xe2, 0x02, 0xe2, 0xe2, 0xe2, 0xe2, 0xe2, 0xe2, 0xec, 0xe2, 0xec, 0xec, 0xe8, 0xec, 0xe8, 0xec, 0xe8, 0xec, 0xe8, 0xe2, 0xec, 0xe2, 0xec, 0xe2, 0xec, 0xe2, 0xec, 0xe8, 0xec, 0xe8, 0xec, 0xe8, 0xe8, 0xe8, 0x03, 0xe8, 0x03, 0xe8, 0xe8, 0xe8, 0xe8, 0xe8, 0x03, 0x03, 0x03, 0x03, 0x03, 0x03, 0x03, 0x03, 0x03, 0x03, 0x04, 0x03, 0x03, 0xe8, 0x04, 0x03, 0x03, 0x04, 0x03, 0x04, 0x03, 0x04, 0x04, 0x04, 0x03, 0x04, 0x04, 0x04, 
  0xf8, 0xf8, 0xf8, 0xf8, 0xf8, 0xf8, 0xf8, 0xf8, 0xe5, 0xf8, 0xe5, 0xf8, 0xe5, 0xf8, 0xe5, 0xf8, 0xf8, 0xf8, 0xf8, 0xf8, 0xf8, 0xf8, 0xf8, 0xf8, 0xe5, 0xf8, 0xe5, 0xf8, 0xe5, 0xf8, 0xf8, 0xe5, 0xf8, 0xe5, 0xf8, 0xf4, 0xef, 0xf8, 0xef, 0xe5, 0xc9, 0xcd, 0xc6, 0x7f, 0x17, 0x3d, 0x6e, 0x6e, 0x85, 0x78, 0x35, 0x14, 0x3c, 0x28, 0x32, 0x4d, 0x72, 0xb4, 0xb8, 0xae, 0xbc, 0xbc, 0xbc, 0xd8, 0xda, 0xe9, 0xd2, 0xe7, 0xd1, 0xe2, 0x02, 0x02, 0x02, 0x02, 0xfa, 0x02, 0x02, 0xf6, 0x02, 0xf6, 0x02, 0x02, 0x02, 0x02, 0x02, 0x02, 0x02, 0xf6, 0xe1, 0x01, 0xf4, 0xf8, 0x00, 0xf8, 0xf8, 0xf8, 0xe5, 0xf8, 0xf8, 0xf8, 0xf8, 0xf8, 0xf8, 0xe5, 0xf8, 0xe5, 0xf8, 0xe5, 0xf8, 0xe5, 0xf8, 0xe5, 0xf8, 0xf8, 0xe5, 0xf8, 0xe5, 0xf8, 0xf8, 0xe5, 0xf8, 0xe5, 0xf8, 0xf8, 0xe5, 0xf8, 0xe5, 0xf8, 0xe5, 0xf8, 0xe5, 0xf8, 0xf8, 0xe5, 0xf8, 0xe5, 0xf8, 0xf8, 0x00, 0x00, 0x00, 0x00, 0x00, 0x00, 0xf4, 0xf8, 0xf4, 0xf8, 0xf4, 0xf8, 0xf4, 0xe5, 0xf4, 0xf8, 0xf8, 0xf8, 0xe5, 0xf8, 0xe5, 0xf8, 0xe5, 0xf8, 0xf8, 0xf8, 0xf4, 0xf4, 0xf4, 0xf4, 0xf4, 0xf8, 0xe5, 0xf8, 0xf8, 0xf8, 0xf4, 0xf4, 0xf4, 0x01, 0x01, 0x01, 0xf4, 0x01, 0x01, 0x01, 0x01, 0x01, 0x01, 0x01, 0x01, 0x01, 0x01, 0x01, 0x01, 0x01, 0x01, 0x01, 0x01, 0x01, 0x01, 0x01, 0x01, 0x01, 0x01, 0x01, 0x01, 0xe1, 0xe1, 0xe1, 0xe1, 0xe1, 0xe1, 0xe1, 0xe1, 0xe1, 0xe1, 0xe1, 0xe1, 0xeb, 0xe1, 0xeb, 0xe1, 0xeb, 0xe1, 0xeb, 0x02, 0x02, 0x02, 0x02, 0xf6, 0xf6, 0xf6, 0xf6, 0xf6, 0xf6, 0x02, 0xf6, 0x02, 0x02, 0x02, 0x02, 0xec, 0xe2, 0x02, 0x02, 0x02, 0x02, 0xec, 0xe2, 0x02, 0x02, 0x02, 0xe2, 0x02, 0xe2, 0xe2, 0xe2, 0xe2, 0xe2, 0xe2, 0xec, 0xe2, 0xec, 0xe2, 0xec, 0xe8, 0xe8, 0xec, 0xec, 0xe2, 0xec, 0xe2, 0xec, 0xe2, 0xec, 0xe2, 0xec, 0xe2, 0xe8, 0xe8, 0xec, 0xe8, 0xec, 0xe8, 0xe8, 0xe8, 0xe8, 0xe8, 0x03, 0xe8, 0x03, 0xe8, 0x03, 0x03, 0x03, 0x03, 0x03, 0x03, 0x03, 0x03, 0x03, 0x03, 0x03, 0x03, 0x03, 0x03, 0x03, 0x03, 0x03, 0x04, 0x03, 0x04, 0x04, 0x04, 0x04, 0x03, 0x04, 0x04, 0x04, 0x03, 0x04, 
  0xf8, 0xe5, 0xf8, 0xe5, 0xf8, 0xe5, 0xf8, 0xe5, 0xf8, 0xf8, 0xf8, 0xf8, 0xf8, 0xf8, 0xf8, 0xf8, 0xf4, 0xf4, 0xf4, 0xf4, 0xf4, 0xf4, 0xf4, 0xf4, 0xf4, 0xf4, 0xf4, 0xf4, 0xf4, 0xf4, 0xf4, 0xf4, 0xf4, 0xf4, 0xf4, 0xf4, 0xf4, 0xf4, 0xf4, 0xc9, 0xcd, 0xcb, 0xa2, 0x36, 0x43, 0x50, 0x6b, 0x78, 0x6a, 0x3d, 0x1d, 0x54, 0x32, 0x0d, 0x55, 0x88, 0xbf, 0xa9, 0xb8, 0xcc, 0xaf, 0xba, 0x0b, 0xd7, 0xd5, 0xe2, 0xe7, 0x02, 0xf6, 0xe2, 0x02, 0x02, 0x02, 0x02, 0x02, 0x02, 0xf6, 0x02, 0xf6, 0x02, 0xf6, 0x02, 0x02, 0x02, 0x02, 0xf6, 0xeb, 0xeb, 0x01, 0x01, 0xf8, 0x00, 0x00, 0x00, 0xf8, 0xe5, 0xf8, 0xf8, 0xe5, 0xf8, 0xe5, 0xf8, 0xe5, 0xf8, 0xf8, 0xf8, 0xf8, 0xf8, 0xf8, 0xf8, 0xf8, 0xf8, 0xf8, 0xe5, 0xf8, 0xf8, 0xf8, 0xf8, 0xe5, 0xf8, 0xf8, 0xf8, 0xf8, 0xe5, 0xf8, 0xf8, 0xf8, 0xf8, 0xf8, 0xf8, 0xf8, 0xf8, 0xe5, 0xf8, 0xf8, 0xf8, 0xf8, 0xf8, 0xe5, 0xf8, 0xf8, 0xf8, 0xf8, 0x00, 0xe5, 0xf8, 0xf4, 0xe5, 0xf8, 0xf4, 0xe5, 0xf8, 0xf8, 0xe5, 0xf8, 0xe5, 0xf8, 0xf8, 0xf8, 0xf4, 0x00, 0xe5, 0xf8, 0xe5, 0xf8, 0xf8, 0xf4, 0xf4, 0xf4, 0xe5, 0xf8, 0xf8, 0xf8, 0xe5, 0xf8, 0xf4, 0xf4, 0xf8, 0xf4, 0xf8, 0x01, 0x01, 0x01, 0x01, 0xf4, 0xf4, 0x01, 0xf4, 0x01, 0x01, 0x01, 0x01, 0x01, 0x01, 0x01, 0x01, 0x01, 0x01, 0x01, 0x01, 0x01, 0x01, 0x01, 0x01, 0xe1, 0x01, 0x01, 0xe1, 0xe1, 0xe1, 0xe1, 0xe1, 0xe1, 0xe1, 0xe1, 0xe1, 0xe1, 0xe1, 0xe1, 0xe1, 0xe1, 0xe1, 0xe1, 0xe1, 0xf6, 0xf6, 0xf6, 0x02, 0xf6, 0x02, 0xf6, 0x02, 0xeb, 0xf6, 0xeb, 0xf6, 0xeb, 0xeb, 0xf6, 0xf6, 0x02, 0x02, 0x02, 0xf6, 0xf6, 0x02, 0x02, 0x02, 0x02, 0x02, 0x02, 0x02, 0xe2, 0x02, 0x02, 0xe2, 0xe2, 0xe2, 0xe2, 0xe2, 0xec, 0xe2, 0xec, 0xe2, 0xec, 0xe2, 0xec, 0xe2, 0xec, 0xe2, 0xec, 0xe2, 0xec, 0xe2, 0xec, 0xe2, 0xec, 0xe8, 0xec, 0xe8, 0xec, 0xe8, 0xe8, 0xe8, 0x03, 0xe8, 0x03, 0xe8, 0xe8, 0xe8, 0xe8, 0xe8, 0x03, 0x03, 0x03, 0x03, 0x03, 0x03, 0x03, 0x03, 0x03, 0x03, 0x04, 0x03, 0x03, 0xe8, 0x04, 0x03, 0x03, 0x04, 0x03, 0x04, 0x03, 0x04, 0x04, 0x04, 0x03, 0x04, 0x04, 0x04, 
  0xf8, 0xf8, 0xf8, 0xf8, 0xf8, 0xf8, 0xf8, 0xf8, 0xe5, 0xf8, 0xe5, 0xf8, 0xe5, 0xf8, 0xe5, 0xf8, 0xf4, 0xf4, 0xf4, 0xf4, 0xf4, 0xf4, 0xf4, 0xf4, 0xf4, 0xf4, 0xf4, 0xf4, 0xf4, 0xf4, 0xf4, 0xf4, 0xe5, 0xf4, 0xf4, 0xf4, 0xf4, 0xf4, 0xc9, 0xcb, 0xc5, 0xba, 0x7f, 0x4b, 0x65, 0x5d, 0x2f, 0x48, 0x54, 0x37, 0x2f, 0x42, 0x26, 0x54, 0x9b, 0xb8, 0xb9, 0xb3, 0xb8, 0xad, 0xcc, 0x0b, 0xce, 0xd7, 0xe8, 0xe2, 0x02, 0xe2, 0xe2, 0xe2, 0x02, 0x02, 0x02, 0x02, 0x02, 0x02, 0xf6, 0x02, 0x02, 0xf6, 0x02, 0xf6, 0x02, 0x02, 0xeb, 0xeb, 0x01, 0x01, 0xf4, 0xf8, 0xe5, 0x00, 0x00, 0x00, 0xf8, 0xf8, 0xe5, 0xf8, 0xf8, 0xf8, 0xf8, 0xf8, 0xf8, 0xe5, 0xf8, 0xe5, 0xf8, 0xe5, 0xf8, 0xe5, 0xf8, 0xe5, 0xf8, 0xf8, 0xe5, 0xf8, 0xe5, 0xf8, 0xf8, 0xe5, 0xf8, 0xe5, 0xf8, 0xf8, 0xe5, 0xf8, 0xe5, 0xf8, 0xe5, 0xf8, 0xe5, 0xf8, 0xf8, 0xe5, 0xf8, 0xe5, 0xf8, 0xe5, 0xf8, 0xf8, 0xe5, 0xf8, 0xe5, 0x00, 0xf4, 0xf8, 0xf8, 0xf8, 0xf8, 0xf8, 0xf8, 0xe5, 0xf8, 0xf8, 0xf8, 0xf8, 0xe5, 0xf8, 0xe5, 0xf8, 0xf8, 0xf8, 0xf8, 0xf8, 0xe5, 0xf8, 0xe5, 0xf4, 0xf4, 0xf4, 0xf8, 0xe5, 0xf8, 0xf8, 0xf4, 0xf4, 0xf4, 0xf4, 0xf4, 0xf4, 0x01, 0xf4, 0x01, 0xf4, 0xf4, 0x01, 0xf4, 0x01, 0xf4, 0x01, 0x01, 0x01, 0x01, 0x01, 0x01, 0x01, 0x01, 0x01, 0x01, 0x01, 0x01, 0x01, 0x01, 0xe1, 0x01, 0xe1, 0xe1, 0xe1, 0xe1, 0xe1, 0xe1, 0xe1, 0xe1, 0xe1, 0xe1, 0xe1, 0xeb, 0xeb, 0xeb, 0xeb, 0xeb, 0xeb, 0xeb, 0xeb, 0xeb, 0xeb, 0xeb, 0xeb, 0xf6, 0xf6, 0xf6, 0xf6, 0xf6, 0xf6, 0xf6, 0xf6, 0xf6, 0xf6, 0xf6, 0xf6, 0x02, 0xf6, 0xf6, 0xf6, 0xf6, 0xf6, 0xf6, 0x02, 0x02, 0x02, 0x02, 0x02, 0x02, 0xe2, 0x02, 0xe2, 0x02, 0x02, 0xe2, 0xe2, 0xe2, 0xe2, 0xec, 0xec, 0xe2, 0xe2, 0xe2, 0xec, 0xe2, 0xec, 0xe2, 0xec, 0xe2, 0xec, 0xe2, 0xec, 0xe2, 0xe8, 0xe8, 0xec, 0xe8, 0xec, 0xe8, 0xe8, 0xe8, 0xe8, 0xe8, 0x03, 0xe8, 0x03, 0xe8, 0x03, 0x03, 0x03, 0x03, 0x03, 0x03, 0x03, 0x03, 0x03, 0x03, 0x03, 0x03, 0x03, 0x03, 0x03, 0x03, 0x03, 0x04, 0x03, 0x04, 0x04, 0x04, 0x04, 0x03, 0x04, 0x04, 0x04, 0x03, 0x04, 
  0xf8, 0xe5, 0xf8, 0xe5, 0xf8, 0xe5, 0xf8, 0xe5, 0xf8, 0xf8, 0xf8, 0xf8, 0xf8, 0xf8, 0xf8, 0xf8, 0xf4, 0xf4, 0xf4, 0xf4, 0xf4, 0xf4, 0xf4, 0xf4, 0xf4, 0xf4, 0xf4, 0xf4, 0xf4, 0xf4, 0xf4, 0xf4, 0xf4, 0xe5, 0xf4, 0xe5, 0xf4, 0xc9, 0xc9, 0xca, 0xc4, 0xa2, 0x69, 0x7b, 0x78, 0x54, 0x2f, 0x22, 0x3d, 0x3d, 0x1d, 0x26, 0x60, 0x97, 0xbf, 0xb8, 0xb2, 0xba, 0xad, 0xce, 0x0b, 0xd2, 0x08, 0xd1, 0xe2, 0xe2, 0xec, 0xec, 0xe2, 0x02, 0x02, 0x02, 0x02, 0x02, 0x02, 0x02, 0x02, 0x02, 0xf6, 0x02, 0xf6, 0x02, 0xf6, 0x02, 0xeb, 0xe1, 0xf4, 0xf8, 0xe5, 0xf8, 0x00, 0xf8, 0xf8, 0x00, 0xf8, 0xe5, 0xf8, 0xf8, 0xe5, 0xf8, 0xe5, 0xf8, 0xe5, 0xf8, 0xf8, 0xf8, 0xf8, 0xf8, 0xf8, 0xf8, 0xf8, 0xf8, 0xf8, 0xe5, 0xf8, 0xf8, 0xf8, 0xf8, 0xe5, 0xf8, 0xf8, 0xf8, 0xf8, 0xe5, 0xf8, 0xf8, 0xf8, 0xf8, 0xf8, 0xf8, 0xf8, 0xf8, 0xe5, 0xf8, 0xf8, 0xf8, 0xf8, 0xf8, 0xf8, 0xe5, 0xf8, 0xf8, 0xf8, 0xf8, 0xf8, 0xf8, 0xe5, 0xf8, 0xe5, 0xf8, 0xe5, 0xf8, 0xf8, 0xe5, 0xf8, 0xe5, 0xf8, 0xf8, 0xf8, 0xe5, 0xf8, 0xe5, 0xf8, 0xe5, 0xf8, 0xf4, 0xf4, 0xf4, 0x01, 0xf4, 0xf4, 0xf8, 0xf8, 0xf4, 0xf4, 0x01, 0xf4, 0xf4, 0xf4, 0x01, 0xf4, 0x01, 0xf4, 0x01, 0x01, 0xf4, 0x01, 0x01, 0x01, 0x01, 0x01, 0x01, 0x01, 0x01, 0x01, 0x01, 0x01, 0x01, 0x01, 0x01, 0x01, 0xe1, 0x01, 0xe1, 0xe1, 0xe1, 0xe1, 0xe1, 0xe1, 0xe1, 0xe1, 0xe1, 0xe1, 0xe1, 0xe1, 0xe1, 0xeb, 0xe1, 0xeb, 0xe1, 0xeb, 0xe1, 0xeb, 0xe1, 0xeb, 0xe1, 0xeb, 0xe1, 0xeb, 0xeb, 0xf6, 0xf6, 0x02, 0x02, 0x02, 0x02, 0x02, 0x02, 0x02, 0x02, 0xf6, 0x02, 0x02, 0x02, 0x02, 0x02, 0xf6, 0x02, 0x02, 0x02, 0x02, 0x02, 0x02, 0x02, 0x02, 0x02, 0x02, 0xe2, 0x02, 0xe2, 0xe2, 0xe2, 0xe2, 0xe2, 0x02, 0xe2, 0xe2, 0xe2, 0xec, 0xe2, 0xec, 0xe8, 0xec, 0xe2, 0xec, 0xe2, 0xec, 0xe8, 0xec, 0xe8, 0xec, 0xe8, 0xe8, 0xe8, 0x03, 0xe8, 0x03, 0xe8, 0xe8, 0xe8, 0xe8, 0xe8, 0x03, 0x03, 0x03, 0x03, 0x03, 0x03, 0x03, 0x03, 0x03, 0x03, 0x04, 0x03, 0x03, 0xe8, 0x04, 0x03, 0x03, 0x04, 0x03, 0x04, 0x03, 0x04, 0x04, 0x04, 0x03, 0x04, 0x04, 0x04, 
  0xf8, 0xf8, 0xf8, 0xf8, 0xf8, 0xf8, 0xf8, 0xf8, 0xe5, 0xf8, 0xe5, 0xf8, 0xe5, 0xf8, 0xe5, 0xf8, 0xf4, 0xf4, 0xf4, 0xf4, 0xf4, 0xf4, 0xf4, 0xf4, 0xf4, 0xf4, 0xf4, 0xf4, 0xf4, 0xf4, 0xf4, 0xf4, 0xf4, 0xef, 0xe5, 0xf4, 0xf4, 0xcb, 0xca, 0xca, 0xbd, 0x73, 0x36, 0x75, 0x65, 0x26, 0x54, 0x48, 0x2f, 0x3d, 0x32, 0x74, 0xa5, 0xbf, 0xbf, 0xb3, 0xb3, 0xba, 0xda, 0xdb, 0xd2, 0x08, 0x02, 0xec, 0x02, 0x02, 0xec, 0xe2, 0x02, 0x02, 0x02, 0xe2, 0x02, 0x02, 0x02, 0x02, 0x02, 0xf6, 0x02, 0xf6, 0x02, 0xf6, 0x02, 0xf6, 0xeb, 0x01, 0xf8, 0x00, 0xf8, 0xf8, 0xf8, 0xe5, 0xf8, 0xe5, 0xf8, 0xf8, 0xf8, 0xe5, 0xf8, 0xf8, 0xf8, 0xf8, 0xf8, 0xe5, 0xf8, 0xe5, 0xf8, 0xe5, 0xf8, 0xe5, 0xf8, 0xe5, 0xf4, 0xf4, 0xf4, 0xf4, 0xf4, 0xf4, 0xf4, 0xf4, 0xf4, 0xf4, 0xf4, 0xf4, 0xf4, 0xf4, 0xf4, 0xf4, 0xf4, 0xf4, 0xf4, 0xf4, 0xf4, 0xf4, 0xf4, 0xf4, 0x00, 0x00, 0xf8, 0xf8, 0xf8, 0xe5, 0xf8, 0xe5, 0xf8, 0xe5, 0xf8, 0xf8, 0xf8, 0xf8, 0xf8, 0xe5, 0xf8, 0xf8, 0xf8, 0xf8, 0xe5, 0xf8, 0xe5, 0xf8, 0xf8, 0xf8, 0xf8, 0xf8, 0xf4, 0xf4, 0xf4, 0xf4, 0x01, 0xf4, 0xf4, 0xf4, 0xf4, 0xf4, 0x01, 0xf4, 0xf4, 0xf4, 0x01, 0xf4, 0x01, 0xf4, 0x01, 0x01, 0x01, 0x01, 0xf4, 0x01, 0x01, 0x01, 0x01, 0x01, 0x01, 0x01, 0x01, 0x01, 0x01, 0x01, 0x01, 0x01, 0xe1, 0x01, 0xeb, 0xe1, 0xe1, 0xeb, 0xeb, 0xeb, 0xeb, 0xeb, 0xeb, 0xeb, 0xeb, 0xeb, 0xeb, 0xe1, 0xeb, 0xf6, 0xeb, 0xf6, 0xeb, 0xf6, 0xeb, 0xf6, 0xf6, 0xf6, 0xf6, 0xeb, 0xf6, 0xeb, 0xeb, 0xe1, 0xf6, 0xf6, 0xf6, 0xf6, 0xf6, 0xf6, 0xeb, 0xeb, 0xf6, 0x02, 0x02, 0x02, 0x02, 0x02, 0x02, 0xf6, 0x02, 0x02, 0x02, 0x02, 0x02, 0x02, 0xe2, 0x02, 0xe2, 0x02, 0xe2, 0x02, 0xe2, 0xe2, 0xe2, 0xe2, 0x02, 0xe2, 0xe2, 0xe2, 0xec, 0xec, 0xe2, 0xe8, 0xec, 0xec, 0xe2, 0xec, 0xe2, 0xe8, 0xe8, 0xec, 0xe8, 0xec, 0xe8, 0xe8, 0xe8, 0xe8, 0xe8, 0x03, 0xe8, 0x03, 0xe8, 0x03, 0x03, 0x03, 0x03, 0x03, 0x03, 0x03, 0x03, 0x03, 0x03, 0x03, 0x03, 0x03, 0x03, 0x03, 0x03, 0x03, 0x04, 0x03, 0x04, 0x04, 0x04, 0x04, 0x03, 0x04, 0x04, 0x04, 0x03, 0x04, 
  0xf4, 0xf4, 0xf4, 0xf4, 0xf4, 0xf4, 0xf4, 0xf4, 0xf4, 0xf4, 0xf4, 0xf4, 0xf4, 0xf4, 0xf4, 0xf4, 0xf4, 0xf4, 0xf4, 0xf4, 0xf4, 0xf4, 0xf4, 0xf4, 0xf4, 0xf4, 0xf4, 0xf4, 0xf4, 0xf4, 0xf4, 0xf4, 0xf0, 0xbe, 0xf0, 0xc2, 0xe0, 0xca, 0xc5, 0xcf, 0x73, 0x3f, 0x33, 0x58, 0x54, 0x47, 0x48, 0x3d, 0x2f, 0x42, 0x83, 0xae, 0xbf, 0xbc, 0xb8, 0xaf, 0xc8, 0xd4, 0xdb, 0xd9, 0xe2, 0x02, 0xfb, 0x03, 0xf1, 0xfa, 0xf1, 0x02, 0x02, 0x02, 0x02, 0x02, 0xf6, 0x02, 0x02, 0x02, 0x02, 0x02, 0x02, 0x02, 0xe2, 0x02, 0xeb, 0x01, 0x01, 0xf4, 0xf4, 0x01, 0xe5, 0xf4, 0xf4, 0xf4, 0xf4, 0xf4, 0xf4, 0xf4, 0xe5, 0xf8, 0xe5, 0xf8, 0xe5, 0xf8, 0xe5, 0xf8, 0xf8, 0xf8, 0xf8, 0xf8, 0xf8, 0xf8, 0xf8, 0xf8, 0xf8, 0xf8, 0xf8, 0xf8, 0xf8, 0xf8, 0xf8, 0xf8, 0xf8, 0xf8, 0xf8, 0xf8, 0xf8, 0xf8, 0xf8, 0xf8, 0xf8, 0xf8, 0xf8, 0xf8, 0xf8, 0xf8, 0xf8, 0xf8, 0xf8, 0xf8, 0xf8, 0xe5, 0xf8, 0xf8, 0xf8, 0xf8, 0xf8, 0xf8, 0xe5, 0xf8, 0xe5, 0xf8, 0xe5, 0xf8, 0xf8, 0xe5, 0xf8, 0xe5, 0xf8, 0xf8, 0xf8, 0xf8, 0xf4, 0xf4, 0xf4, 0xf4, 0xf4, 0xf4, 0xf4, 0xf4, 0xf8, 0xe5, 0xf8, 0xf8, 0xf8, 0xf8, 0xf8, 0xf8, 0x01, 0x01, 0xf4, 0x01, 0xf4, 0x01, 0x01, 0x01, 0x01, 0x01, 0x01, 0x01, 0x01, 0x01, 0x01, 0x01, 0x01, 0x01, 0x01, 0x01, 0x01, 0xe1, 0x01, 0xe1, 0x01, 0xe1, 0x01, 0x01, 0x01, 0xe1, 0xe1, 0xe1, 0x01, 0x01, 0xe1, 0xe1, 0xe1, 0xe1, 0xe1, 0xeb, 0xe1, 0xeb, 0xe1, 0xeb, 0xeb, 0xf6, 0xeb, 0xf6, 0xeb, 0xf6, 0xf6, 0xeb, 0xf6, 0xf6, 0xf6, 0xf6, 0xf6, 0xf6, 0xf6, 0x02, 0x02, 0x02, 0x02, 0x02, 0x02, 0xf6, 0x02, 0x02, 0x02, 0x02, 0x02, 0x02, 0x02, 0x02, 0x02, 0x02, 0x02, 0xe2, 0x02, 0x02, 0x02, 0x02, 0x02, 0xe2, 0xe2, 0xe2, 0xe2, 0xe2, 0xe2, 0xe2, 0xe2, 0xe2, 0xec, 0xe2, 0xec, 0xec, 0xe2, 0xec, 0xe8, 0xec, 0xe8, 0xe8, 0xe8, 0x03, 0xec, 0xe8, 0xe8, 0xe8, 0x03, 0xe8, 0x03, 0xe8, 0xe8, 0xe8, 0xe8, 0xe8, 0x03, 0x03, 0x03, 0x03, 0x03, 0x03, 0x03, 0x03, 0xe8, 0x04, 0x03, 0x04, 0x03, 0x04, 0x03, 0x04, 0x03, 0x04, 0x03, 0x04, 0x03, 0x04, 0x04, 0x04, 0x04, 0x04, 0x04, 0x04, 
  0xf4, 0xf4, 0xf4, 0xf4, 0xf4, 0xf4, 0xf4, 0xf4, 0xf4, 0xf4, 0xf4, 0xf4, 0xf4, 0xf4, 0xf4, 0xf4, 0xf4, 0xf4, 0xf4, 0xf4, 0xf4, 0xf4, 0xf4, 0xf4, 0xf4, 0xf4, 0xf4, 0xf4, 0xf4, 0xf4, 0xf4, 0xf4, 0xee, 0xf0, 0xe5, 0xe0, 0xcd, 0xcd, 0xcc, 0x93, 0x5c, 0x56, 0x3d, 0x33, 0x47, 0x47, 0x2f, 0x1d, 0x47, 0x97, 0xb9, 0xbf, 0xc7, 0xbc, 0xb3, 0xc0, 0xd5, 0xda, 0x08, 0xd5, 0x02, 0x02, 0xf1, 0x02, 0xf1, 0xe2, 0xfa, 0xf1, 0xe2, 0x02, 0xe2, 0x02, 0x02, 0x02, 0xf6, 0x02, 0x02, 0x02, 0x02, 0xe2, 0x02, 0xf6, 0xe1, 0x01, 0xf4, 0xf4, 0xf4, 0x01, 0xf4, 0xf4, 0xf4, 0xf4, 0xf4, 0xf4, 0xf4, 0xf4, 0xf8, 0xf8, 0xf8, 0xf8, 0xf8, 0xf8, 0xf8, 0xe5, 0xf8, 0xe5, 0xf8, 0xe5, 0xf8, 0xe5, 0xf8, 0xe5, 0xf8, 0xe5, 0xf8, 0xe5, 0xf8, 0xe5, 0xf8, 0xe5, 0xf8, 0xe5, 0xf8, 0xe5, 0xf8, 0xe5, 0xf8, 0xe5, 0xf8, 0xe5, 0xf8, 0xe5, 0xf8, 0xe5, 0xf8, 0xe5, 0xf8, 0xe5, 0xf8, 0xf8, 0xe5, 0xf8, 0xe5, 0xf8, 0xe5, 0xf8, 0xf8, 0xf8, 0xf8, 0xf8, 0xf8, 0xe5, 0xf8, 0xf8, 0xf8, 0xf8, 0xe5, 0xf8, 0xe5, 0xf8, 0xf4, 0xf4, 0xf4, 0xf4, 0xf4, 0xf4, 0xf4, 0xf4, 0xf8, 0xf8, 0xe5, 0xf8, 0xe5, 0xf8, 0xe5, 0xf8, 0x01, 0xf4, 0x01, 0xf4, 0x01, 0xf4, 0x01, 0xf4, 0x01, 0x01, 0x01, 0x01, 0x01, 0x01, 0x01, 0x01, 0x01, 0x01, 0x01, 0x01, 0x01, 0x01, 0x01, 0x01, 0x01, 0x01, 0xe1, 0x01, 0xe1, 0xe1, 0xe1, 0xe1, 0x01, 0xe1, 0xe1, 0xe1, 0xe1, 0xe1, 0xeb, 0xe1, 0xeb, 0xe1, 0xeb, 0xe1, 0xf6, 0xeb, 0xf6, 0xeb, 0xf6, 0xeb, 0xeb, 0xf6, 0xeb, 0xf6, 0xf6, 0xf6, 0xf6, 0xf6, 0xf6, 0x02, 0xf6, 0x02, 0xf6, 0x02, 0xf6, 0x02, 0xf6, 0x02, 0x02, 0x02, 0x02, 0x02, 0x02, 0x02, 0x02, 0x02, 0x02, 0x02, 0xe2, 0x02, 0xe2, 0x02, 0xe2, 0xe2, 0xe2, 0xe2, 0xe2, 0xe2, 0xe2, 0xe2, 0xe2, 0xe2, 0xec, 0xec, 0xe2, 0xec, 0xec, 0xe2, 0xe8, 0xe8, 0xec, 0xe8, 0xe8, 0xe8, 0xe8, 0xec, 0xe8, 0xe8, 0xe8, 0xe8, 0xe8, 0x03, 0xe8, 0x03, 0xe8, 0x03, 0x03, 0x03, 0x03, 0x03, 0x03, 0x03, 0x03, 0x03, 0x03, 0x03, 0x03, 0x03, 0x03, 0x03, 0x03, 0x04, 0x04, 0x04, 0x04, 0x04, 0x04, 0x04, 0x03, 0x04, 0x04, 0x04, 0x04, 0x04, 
  0xf4, 0xf4, 0xf4, 0xf4, 0xf4, 0xf4, 0xf4, 0xf4, 0xf4, 0xf4, 0xf4, 0xf4, 0xf4, 0xf4, 0xf4, 0xf4, 0xf4, 0xf4, 0xf4, 0xf4, 0xf4, 0xf4, 0xf4, 0xf4, 0xf4, 0xf4, 0xf4, 0xf4, 0xf4, 0xf4, 0xf4, 0xf4, 0xee, 0xeb, 0xf4, 0xcb, 0xcd, 0xcf, 0xb6, 0x5c, 0x69, 0x4d, 0x47, 0x54, 0x2f, 0x1b, 0x51, 0x6b, 0xb9, 0xb2, 0xb8, 0xbf, 0xb6, 0xaf, 0xc6, 0x0a, 0xdb, 0x08, 0xd5, 0xf6, 0x02, 0xec, 0xf1, 0xf5, 0xf1, 0xfa, 0xf1, 0x02, 0x02, 0x02, 0x02, 0x02, 0xe2, 0xe2, 0x02, 0x02, 0xf6, 0xf6, 0x02, 0x02, 0xeb, 0xe1, 0x01, 0x01, 0xf4, 0xf4, 0xf8, 0x01, 0xf4, 0xf4, 0xf4, 0xf4, 0xf4, 0xf4, 0xf4, 0xf4, 0xe5, 0xf8, 0xe5, 0xf8, 0xe5, 0xf8, 0xe5, 0xf8, 0xf8, 0xf8, 0xf8, 0xf8, 0xf8, 0xf8, 0xf8, 0xf8, 0xf8, 0xf8, 0xf8, 0xf8, 0xf8, 0xf8, 0xf8, 0xf8, 0xf8, 0xf8, 0xf8, 0xf8, 0xf8, 0xf8, 0xf8, 0xf8, 0xf8, 0xf8, 0xf8, 0xf8, 0xf8, 0xf8, 0xf8, 0xf8, 0xf8, 0xf8, 0xf8, 0xe5, 0xf8, 0xf8, 0xf8, 0xf8, 0xf8, 0xf8, 0xe5, 0xf8, 0xe5, 0xf8, 0xe5, 0xf8, 0xf8, 0xe5, 0xf8, 0xe5, 0xf8, 0xf8, 0xf8, 0xf8, 0xf4, 0xf4, 0xf4, 0xf4, 0xf4, 0xf4, 0xf4, 0xf4, 0xf4, 0xf4, 0xf4, 0xf4, 0xf4, 0xf4, 0xf4, 0xf4, 0xf4, 0x01, 0xf4, 0x01, 0xf4, 0x01, 0xf4, 0x01, 0x01, 0x01, 0x01, 0x01, 0x01, 0x01, 0x01, 0x01, 0x01, 0x01, 0x01, 0x01, 0x01, 0xe1, 0x01, 0xe1, 0x01, 0xe1, 0x01, 0x01, 0x01, 0xe1, 0xe1, 0xe1, 0xe1, 0x01, 0xe1, 0xe1, 0xe1, 0xe1, 0xe1, 0xeb, 0xe1, 0xeb, 0xe1, 0xeb, 0xf6, 0xeb, 0xf6, 0xeb, 0xf6, 0xeb, 0xf6, 0xeb, 0xf6, 0xf6, 0xf6, 0xf6, 0xf6, 0xf6, 0xf6, 0xf6, 0x02, 0xf6, 0x02, 0xf6, 0x02, 0xf6, 0x02, 0x02, 0x02, 0x02, 0x02, 0x02, 0x02, 0x02, 0x02, 0x02, 0x02, 0xe2, 0x02, 0x02, 0x02, 0x02, 0x02, 0xe2, 0xe2, 0xe2, 0xe2, 0xe2, 0xe2, 0xe2, 0xe2, 0xe2, 0xec, 0xe2, 0xec, 0xec, 0xe2, 0xec, 0xe8, 0xec, 0xe8, 0xe8, 0xe8, 0x03, 0xec, 0xe8, 0xe8, 0xe8, 0x03, 0xe8, 0x03, 0xe8, 0xe8, 0xe8, 0xe8, 0xe8, 0x03, 0x03, 0x03, 0x03, 0x03, 0x03, 0x03, 0x03, 0xe8, 0x04, 0x03, 0x04, 0x03, 0x04, 0x03, 0x04, 0x03, 0x04, 0x03, 0x04, 0x03, 0x04, 0x04, 0x04, 0x04, 0x04, 0x04, 0x04, 
  0xf4, 0xf4, 0xf4, 0xf4, 0xf4, 0xf4, 0xf4, 0xf4, 0xf4, 0xf4, 0xf4, 0xf4, 0xf4, 0xf4, 0xf4, 0xf4, 0xf4, 0xf4, 0xf4, 0xf4, 0xf4, 0xf4, 0xf4, 0xf4, 0xf4, 0xf4, 0xf4, 0xf4, 0xf4, 0xf4, 0xf4, 0xf4, 0xf0, 0xf4, 0xe5, 0xcd, 0xbd, 0xcc, 0x7f, 0x38, 0x5d, 0x67, 0x4d, 0x26, 0x42, 0x42, 0x6e, 0xb8, 0xd6, 0xb8, 0xb7, 0xb3, 0xba, 0xd3, 0xdd, 0xd2, 0xd9, 0xd5, 0xf6, 0xd1, 0xf1, 0xe8, 0xfb, 0xf1, 0xfa, 0xf1, 0x02, 0xfa, 0xf1, 0xe2, 0x02, 0xe2, 0x02, 0x02, 0x02, 0x02, 0xf6, 0xf6, 0xf6, 0xf6, 0x01, 0xf4, 0xf4, 0xf4, 0xf8, 0xf4, 0xf4, 0x01, 0xf8, 0xf4, 0xf4, 0xf4, 0xf4, 0xf4, 0xf4, 0xf4, 0xf8, 0xf8, 0xf8, 0xf8, 0xf8, 0xf8, 0xf8, 0xe5, 0xf8, 0xe5, 0xf8, 0xe5, 0xf8, 0xe5, 0xf8, 0xe5, 0xf8, 0xe5, 0xf8, 0xe5, 0xf8, 0xe5, 0xf8, 0xe5, 0xf8, 0xe5, 0xf8, 0xe5, 0xf8, 0xe5, 0xf8, 0xe5, 0xf8, 0xe5, 0xf8, 0xe5, 0xf8, 0xe5, 0xf8, 0xe5, 0xf8, 0xe5, 0xf8, 0xf8, 0xe5, 0xf8, 0xe5, 0xf8, 0xe5, 0xf8, 0xf8, 0xf8, 0xf8, 0xf8, 0xf8, 0xe5, 0xf8, 0xf8, 0xf8, 0xf8, 0xe5, 0xf8, 0xe5, 0xf8, 0xf4, 0xf4, 0xf4, 0xf4, 0xf4, 0xf4, 0xf4, 0xf4, 0xf4, 0xf4, 0xf4, 0xf4, 0xf4, 0xf4, 0xf4, 0xf4, 0x01, 0xf4, 0x01, 0xf4, 0x01, 0xf4, 0x01, 0xf4, 0x01, 0x01, 0x01, 0x01, 0x01, 0x01, 0x01, 0x01, 0x01, 0x01, 0x01, 0x01, 0x01, 0x01, 0x01, 0x01, 0x01, 0x01, 0xe1, 0x01, 0xe1, 0xe1, 0xe1, 0xe1, 0x01, 0xe1, 0xe1, 0xe1, 0xe1, 0xe1, 0xeb, 0xe1, 0xeb, 0xe1, 0xeb, 0xe1, 0xeb, 0xf6, 0xeb, 0xf6, 0xeb, 0xf6, 0xeb, 0xf6, 0xeb, 0xf6, 0xf6, 0xf6, 0xf6, 0xf6, 0xf6, 0x02, 0xf6, 0x02, 0xf6, 0x02, 0xf6, 0x02, 0xf6, 0x02, 0x02, 0x02, 0x02, 0x02, 0x02, 0x02, 0x02, 0x02, 0x02, 0x02, 0xe2, 0x02, 0xe2, 0x02, 0xe2, 0xe2, 0xe2, 0xe2, 0xe2, 0xe2, 0xe2, 0xe2, 0xe2, 0xe2, 0xec, 0xec, 0xe2, 0xec, 0xec, 0xe2, 0xe8, 0xe8, 0xec, 0xe8, 0xe8, 0xe8, 0xe8, 0xec, 0xe8, 0xe8, 0xe8, 0xe8, 0xe8, 0x03, 0xe8, 0x03, 0xe8, 0x03, 0x03, 0x03, 0x03, 0x03, 0x03, 0x03, 0x03, 0x03, 0x03, 0x03, 0x03, 0x03, 0x03, 0x03, 0x03, 0x04, 0x04, 0x04, 0x04, 0x04, 0x04, 0x04, 0x03, 0x04, 0x04, 0x04, 0x04, 0x04, 
  0xf4, 0xf4, 0xf4, 0xf4, 0xf4, 0xf4, 0xf4, 0xf4, 0xf4, 0xf4, 0xf4, 0xf4, 0xf4, 0xf4, 0xf4, 0xf4, 0xf4, 0xf4, 0xf4, 0xf4, 0xf4, 0xf4, 0xf4, 0xf4, 0xf4, 0xf4, 0xf4, 0xf4, 0xf4, 0xf4, 0xf4, 0xf4, 0xf6, 0xc2, 0xc9, 0xcd, 0xca, 0xa0, 0x56, 0x4d, 0x43, 0x47, 0x37, 0x29, 0x42, 0x85, 0xb4, 0xbf, 0xb3, 0xc3, 0xc0, 0xc0, 0xda, 0xdd, 0xd2, 0xd5, 0xe2, 0x02, 0x02, 0xe2, 0xe8, 0xec, 0xe8, 0xfb, 0xf1, 0xfa, 0xec, 0x02, 0x02, 0x02, 0x02, 0xe2, 0x02, 0x02, 0x02, 0xe2, 0xf1, 0xfe, 0xf0, 0x01, 0xf4, 0xf4, 0xf8, 0xe5, 0xf8, 0xf4, 0xf4, 0xf4, 0xf4, 0xf4, 0xf4, 0xf4, 0xf4, 0xf4, 0xf4, 0xf4, 0xf4, 0xf4, 0xf4, 0xf4, 0xf4, 0xf4, 0xf4, 0xf4, 0xf4, 0xf4, 0xf4, 0xf4, 0xf4, 0xf4, 0xf4, 0xf4, 0xf8, 0xf8, 0xf8, 0xf8, 0xf8, 0xf8, 0xf8, 0xf8, 0xf8, 0xf8, 0xf8, 0xf8, 0xf8, 0xf8, 0xf8, 0xf8, 0xf8, 0xf8, 0xf8, 0xf8, 0xf8, 0xf8, 0xf8, 0xf8, 0xf8, 0xf8, 0xf8, 0xe5, 0xf8, 0xf8, 0xf8, 0xf8, 0xf4, 0xf4, 0xf4, 0xf4, 0xf4, 0xf4, 0xf4, 0xf4, 0xf8, 0xe5, 0xf8, 0xe5, 0xf8, 0xf8, 0xf8, 0xf8, 0xf4, 0xf4, 0xf4, 0xf4, 0xf4, 0xf4, 0xf4, 0xf4, 0xf4, 0xf4, 0xf4, 0xf4, 0xf4, 0xf4, 0xf4, 0xf4, 0xf4, 0x01, 0xf4, 0x01, 0xf4, 0x01, 0xf4, 0x01, 0x01, 0x01, 0x01, 0x01, 0x01, 0x01, 0x01, 0x01, 0x01, 0x01, 0x01, 0x01, 0x01, 0xe1, 0x01, 0xe1, 0x01, 0xe1, 0x01, 0x01, 0x01, 0xe1, 0xe1, 0xe1, 0xe1, 0x01, 0xe1, 0xe1, 0xe1, 0xe1, 0xe1, 0xeb, 0xe1, 0xeb, 0xe1, 0xeb, 0xf6, 0xeb, 0xf6, 0xeb, 0xf6, 0xeb, 0xf6, 0xeb, 0xf6, 0xf6, 0xf6, 0xf6, 0xf6, 0xf6, 0xf6, 0xf6, 0x02, 0xf6, 0x02, 0xf6, 0x02, 0xf6, 0x02, 0x02, 0x02, 0x02, 0x02, 0x02, 0x02, 0x02, 0x02, 0x02, 0x02, 0xe2, 0x02, 0x02, 0x02, 0x02, 0x02, 0xe2, 0xe2, 0xe2, 0xe2, 0xe2, 0xe2, 0xe2, 0xe2, 0xe2, 0xec, 0xe2, 0xec, 0xec, 0xe2, 0xec, 0xe8, 0xec, 0xe8, 0xe8, 0xe8, 0x03, 0xec, 0xe8, 0xe8, 0xe8, 0x03, 0xe8, 0x03, 0xe8, 0xe8, 0xe8, 0xe8, 0xe8, 0x03, 0x03, 0x03, 0x03, 0x03, 0x03, 0x03, 0x03, 0xe8, 0x04, 0x03, 0x04, 0x03, 0x04, 0x03, 0x04, 0x03, 0x04, 0x03, 0x04, 0x03, 0x04, 0x04, 0x04, 0x04, 0x04, 0x04, 0x04, 
  0xf4, 0xf4, 0xf4, 0xf4, 0xf4, 0xf4, 0xf4, 0xf4, 0xf4, 0xf4, 0xf4, 0xf4, 0xf4, 0xf4, 0xf4, 0xf4, 0xf4, 0xf4, 0xf4, 0xf4, 0xf4, 0xf4, 0xf4, 0xf4, 0xf4, 0xf4, 0xf4, 0xf4, 0xf4, 0xf4, 0xf4, 0xf4, 0xf4, 0xf8, 0xcb, 0xca, 0xc6, 0x62, 0x45, 0x4d, 0x1d, 0x39, 0x1d, 0x48, 0x91, 0xb4, 0xb4, 0xb8, 0xb6, 0xba, 0xca, 0xda, 0xdb, 0xd2, 0xd1, 0xde, 0x02, 0xe2, 0xec, 0x03, 0xec, 0xfa, 0x02, 0xe2, 0x02, 0xf1, 0x02, 0xe2, 0x02, 0xe2, 0x02, 0xe2, 0xf6, 0x02, 0x02, 0x02, 0x02, 0xf0, 0x01, 0xef, 0xf8, 0xf8, 0xe5, 0xf4, 0xf4, 0xf4, 0xf4, 0xf4, 0xf4, 0xf4, 0xf4, 0xf4, 0xf4, 0xf4, 0xf4, 0xf4, 0xf4, 0xf4, 0xf4, 0xf4, 0xf4, 0xf4, 0xf4, 0xf4, 0xf4, 0xf4, 0xf4, 0xf4, 0xf4, 0xf4, 0xf4, 0xf4, 0xf8, 0xe5, 0xf8, 0xe5, 0xf8, 0xe5, 0xf8, 0xe5, 0xf8, 0xe5, 0xf8, 0xe5, 0xf8, 0xe5, 0xf8, 0xe5, 0xf8, 0xe5, 0xf8, 0xe5, 0xf8, 0xe5, 0xf8, 0xe5, 0xf8, 0xe5, 0xf8, 0xf8, 0xe5, 0xf8, 0xe5, 0xf8, 0xf4, 0xf4, 0xf4, 0xf4, 0xf4, 0xf4, 0xf4, 0xf4, 0xf8, 0xf8, 0xf8, 0xf8, 0xe5, 0xf8, 0xe5, 0xf8, 0xf4, 0xf4, 0xf4, 0xf4, 0xf4, 0xf4, 0xf4, 0xf4, 0x01, 0x01, 0x01, 0x01, 0x01, 0x01, 0x01, 0x01, 0x01, 0xf4, 0x01, 0xf4, 0x01, 0xf4, 0x01, 0xf4, 0x01, 0x01, 0x01, 0x01, 0x01, 0x01, 0x01, 0x01, 0x01, 0x01, 0x01, 0x01, 0x01, 0x01, 0x01, 0x01, 0x01, 0x01, 0xe1, 0x01, 0xe1, 0xe1, 0xe1, 0xe1, 0x01, 0xe1, 0xe1, 0xe1, 0xe1, 0xe1, 0xeb, 0xe1, 0xeb, 0xe1, 0xeb, 0xe1, 0xeb, 0xf6, 0xeb, 0xf6, 0xeb, 0xf6, 0xeb, 0xf6, 0xeb, 0xf6, 0xf6, 0xf6, 0xf6, 0xf6, 0xf6, 0x02, 0xf6, 0x02, 0xf6, 0x02, 0xf6, 0x02, 0xf6, 0x02, 0x02, 0x02, 0x02, 0x02, 0x02, 0x02, 0x02, 0x02, 0x02, 0x02, 0xe2, 0x02, 0xe2, 0x02, 0xe2, 0xe2, 0xe2, 0xe2, 0xe2, 0xe2, 0xe2, 0xe2, 0xe2, 0xe2, 0xec, 0xec, 0xe2, 0xec, 0xec, 0xe2, 0xe8, 0xe8, 0xec, 0xe8, 0xe8, 0xe8, 0xe8, 0xec, 0xe8, 0xe8, 0xe8, 0xe8, 0xe8, 0x03, 0xe8, 0x03, 0xe8, 0x03, 0x03, 0x03, 0x03, 0x03, 0x03, 0x03, 0x03, 0x03, 0x03, 0x03, 0x03, 0x03, 0x03, 0x03, 0x03, 0x04, 0x04, 0x04, 0x04, 0x04, 0x04, 0x04, 0x03, 0x04, 0x04, 0x04, 0x04, 0x04, 
  0xf4, 0xf4, 0xf4, 0xf4, 0xf4, 0xf4, 0xf4, 0xf4, 0xf4, 0xf4, 0xf4, 0xf4, 0xf4, 0xf4, 0xf4, 0xf4, 0xf4, 0xf4, 0xf4, 0xf4, 0xf4, 0xf4, 0xf4, 0xf4, 0xf4, 0xf4, 0xf4, 0xf4, 0xf4, 0xf4, 0xf4, 0xf4, 0xc9, 0xf4, 0xcd, 0xbb, 0x93, 0x30, 0x43, 0x3c, 0x47, 0x28, 0x67, 0x9b, 0xb2, 0xb9, 0xbc, 0xb2, 0xba, 0xc6, 0xdd, 0xdb, 0x06, 0xdb, 0xde, 0xf3, 0xe8, 0xe2, 0xe2, 0xfb, 0xe8, 0x02, 0xd1, 0xfa, 0xe2, 0xfa, 0xe2, 0x02, 0xe2, 0x02, 0xe2, 0x02, 0xe2, 0x02, 0xf6, 0xf5, 0x01, 0xf0, 0xf8, 0xef, 0xf8, 0xf4, 0xf4, 0xf4, 0xf4, 0xf4, 0xf4, 0xf4, 0xf4, 0xf4, 0xf4, 0xf4, 0xf4, 0xf4, 0xf4, 0xf4, 0xf4, 0xf4, 0xf4, 0xf4, 0xf4, 0xf4, 0xf4, 0xf4, 0xf4, 0xf4, 0xf4, 0xf4, 0xf4, 0xf4, 0xf4, 0xf4, 0xe5, 0xf8, 0xf8, 0xf8, 0xf8, 0xf8, 0xf8, 0xf8, 0xf8, 0xf8, 0xf8, 0xf8, 0xf8, 0xf8, 0xf8, 0xf8, 0xf8, 0xf8, 0xf8, 0xf8, 0xf8, 0xf8, 0xf8, 0xf8, 0xf8, 0xf8, 0xf8, 0xe5, 0xf8, 0xf8, 0xf8, 0xf8, 0xf4, 0xf4, 0xf4, 0xf4, 0xf4, 0xf4, 0xf4, 0xf4, 0xf8, 0xe5, 0xf8, 0xe5, 0xf8, 0xf8, 0xf8, 0xf8, 0xf4, 0xf4, 0xf4, 0xf4, 0xf4, 0xf4, 0xf4, 0xf4, 0xf4, 0x01, 0xf4, 0x01, 0xf4, 0x01, 0xf4, 0x01, 0xf4, 0x01, 0xf4, 0x01, 0xf4, 0x01, 0xf4, 0x01, 0x01, 0x01, 0x01, 0x01, 0x01, 0x01, 0x01, 0x01, 0x01, 0x01, 0x01, 0x01, 0x01, 0xe1, 0x01, 0xe1, 0x01, 0xe1, 0x01, 0x01, 0x01, 0xe1, 0xe1, 0xe1, 0xe1, 0x01, 0xe1, 0xe1, 0xe1, 0xe1, 0xe1, 0xeb, 0xe1, 0xeb, 0xe1, 0xeb, 0xf6, 0xeb, 0xf6, 0xeb, 0xf6, 0xeb, 0xf6, 0xeb, 0xf6, 0xf6, 0xf6, 0xf6, 0xf6, 0xf6, 0xf6, 0xf6, 0x02, 0xf6, 0x02, 0xf6, 0x02, 0xf6, 0x02, 0x02, 0x02, 0x02, 0x02, 0x02, 0x02, 0x02, 0x02, 0x02, 0x02, 0xe2, 0x02, 0x02, 0x02, 0x02, 0x02, 0xe2, 0xe2, 0xe2, 0xe2, 0xe2, 0xe2, 0xe2, 0xe2, 0xe2, 0xec, 0xe2, 0xec, 0xec, 0xe2, 0xec, 0xe8, 0xec, 0xe8, 0xe8, 0xe8, 0x03, 0xec, 0xe8, 0xe8, 0xe8, 0x03, 0xe8, 0x03, 0xe8, 0xe8, 0xe8, 0xe8, 0xe8, 0x03, 0x03, 0x03, 0x03, 0x03, 0x03, 0x03, 0x03, 0xe8, 0x04, 0x03, 0x04, 0x03, 0x04, 0x03, 0x04, 0x03, 0x04, 0x03, 0x04, 0x03, 0x04, 0x04, 0x04, 0x04, 0x04, 0x04, 0x04, 
  0xf4, 0xf4, 0xf4, 0xf4, 0xf4, 0xf4, 0xf4, 0xf4, 0xf4, 0xf4, 0xf4, 0xf4, 0xf4, 0xf4, 0xf4, 0xf4, 0xf4, 0xf4, 0xf4, 0xf4, 0xf4, 0xf4, 0xf4, 0xf4, 0xf4, 0xf4, 0xf4, 0xf4, 0xf4, 0xf4, 0xf4, 0xf4, 0x01, 0x00, 0xd3, 0xb5, 0x3f, 0x43, 0x29, 0x32, 0x37, 0x6a, 0x9b, 0xb9, 0xb9, 0xae, 0xb2, 0xba, 0xda, 0x09, 0xd9, 0xd2, 0xd9, 0x02, 0xfe, 0x05, 0x03, 0xe2, 0xf6, 0xec, 0xe8, 0xe2, 0xe2, 0xe2, 0x02, 0x02, 0xf1, 0x02, 0x02, 0xe2, 0x02, 0xe2, 0xec, 0xe2, 0xeb, 0x01, 0xf4, 0xef, 0xf8, 0xf4, 0xf4, 0xf4, 0x01, 0x01, 0x01, 0xf4, 0xf4, 0xf8, 0xf4, 0xf4, 0xf4, 0xf4, 0xf4, 0xf4, 0xf4, 0xf4, 0xf4, 0xf4, 0xf4, 0xf4, 0xf4, 0xf4, 0xf4, 0xf4, 0xf4, 0xf4, 0xf4, 0xf4, 0xf4, 0xf4, 0xf4, 0xf4, 0xf8, 0xe5, 0xf8, 0xe5, 0xf8, 0xe5, 0xf8, 0xe5, 0xf8, 0xe5, 0xf8, 0xe5, 0xf8, 0xe5, 0xf8, 0xe5, 0xf8, 0xe5, 0xf8, 0xe5, 0xf8, 0xe5, 0xf8, 0xe5, 0xf8, 0xe5, 0xf8, 0xf8, 0xe5, 0xf8, 0xe5, 0xf8, 0xf4, 0xf4, 0xf4, 0xf4, 0xf4, 0xf4, 0xf4, 0xf4, 0xf8, 0xf8, 0xf8, 0xf8, 0xe5, 0xf8, 0xe5, 0xf8, 0xf4, 0xf4, 0xf4, 0xf4, 0xf4, 0xf4, 0xf4, 0xf4, 0x01, 0xf4, 0x01, 0xf4, 0x01, 0xf4, 0x01, 0xf4, 0x01, 0xf4, 0x01, 0xf4, 0x01, 0xf4, 0x01, 0xf4, 0x01, 0x01, 0x01, 0x01, 0x01, 0x01, 0x01, 0x01, 0x01, 0x01, 0x01, 0x01, 0x01, 0x01, 0x01, 0x01, 0x01, 0x01, 0xe1, 0x01, 0xe1, 0xe1, 0xe1, 0xe1, 0x01, 0xe1, 0xe1, 0xe1, 0xe1, 0xe1, 0xeb, 0xe1, 0xeb, 0xe1, 0xeb, 0xe1, 0xeb, 0xf6, 0xeb, 0xf6, 0xeb, 0xf6, 0xeb, 0xf6, 0xeb, 0xf6, 0xf6, 0xf6, 0xf6, 0xf6, 0xf6, 0x02, 0xf6, 0x02, 0xf6, 0x02, 0xf6, 0x02, 0xf6, 0x02, 0x02, 0x02, 0x02, 0x02, 0x02, 0x02, 0x02, 0x02, 0x02, 0x02, 0xe2, 0x02, 0xe2, 0x02, 0xe2, 0xe2, 0xe2, 0xe2, 0xe2, 0xe2, 0xe2, 0xe2, 0xe2, 0xe2, 0xec, 0xec, 0xe2, 0xec, 0xec, 0xe2, 0xe8, 0xe8, 0xec, 0xe8, 0xe8, 0xe8, 0xe8, 0xec, 0xe8, 0xe8, 0xe8, 0xe8, 0xe8, 0x03, 0xe8, 0x03, 0xe8, 0x03, 0x03, 0x03, 0x03, 0x03, 0x03, 0x03, 0x03, 0x03, 0x03, 0x03, 0x03, 0x03, 0x03, 0x03, 0x03, 0x04, 0x04, 0x04, 0x04, 0x04, 0x04, 0x04, 0x03, 0x04, 0x04, 0x04, 0x04, 0x04, 
  0x01, 0x01, 0x01, 0x01, 0x01, 0x01, 0x01, 0x01, 0x01, 0x01, 0x01, 0x01, 0x01, 0x01, 0x01, 0xf4, 0x01, 0xe0, 0x01, 0xf4, 0x01, 0x01, 0xf4, 0x01, 0xe1, 0xee, 0x01, 0x02, 0x01, 0x00, 0xc9, 0x01, 0x00, 0xc5, 0xc5, 0x7f, 0x30, 0x2f, 0x48, 0x2f, 0x80, 0xa5, 0xb9, 0xb9, 0xa9, 0xb2, 0xc6, 0xd8, 0xd9, 0xe9, 0x08, 0xe2, 0xe2, 0xe2, 0xec, 0xe2, 0xec, 0xec, 0xec, 0xec, 0xe2, 0xe2, 0xe2, 0xe2, 0x02, 0x02, 0x02, 0x02, 0xe2, 0x02, 0x02, 0x02, 0xf6, 0xeb, 0x01, 0xf4, 0xf8, 0xf8, 0xf4, 0x01, 0xf4, 0xf4, 0x01, 0xf4, 0x01, 0xf4, 0x01, 0x01, 0xf8, 0xf8, 0xf8, 0xf8, 0xf8, 0xf8, 0xf8, 0xf8, 0xf8, 0xf8, 0xf8, 0xf8, 0xf8, 0xf8, 0xf8, 0xf8, 0xf4, 0xf4, 0xf4, 0xf4, 0xf4, 0xf4, 0xf4, 0xf4, 0xf4, 0xf4, 0xf4, 0xf4, 0xf4, 0xf4, 0xf4, 0xf4, 0xf4, 0xf4, 0xf4, 0xf4, 0xf4, 0xf4, 0xf4, 0xf4, 0xf4, 0xf4, 0xf4, 0xf4, 0xf4, 0xf4, 0xf4, 0xf4, 0xf4, 0xf4, 0xf4, 0xf4, 0xf4, 0xf4, 0xf4, 0xf4, 0xf4, 0xf4, 0xf4, 0xf4, 0xf4, 0xf4, 0xf4, 0xf4, 0xf8, 0xe5, 0xf8, 0xe5, 0xf8, 0xf8, 0xf8, 0xf8, 0x01, 0x01, 0x01, 0x01, 0x01, 0x01, 0x01, 0x01, 0xf4, 0x01, 0xf4, 0x01, 0xf4, 0x01, 0xf4, 0x01, 0x01, 0x01, 0x01, 0x01, 0x01, 0x01, 0x01, 0x01, 0x01, 0x01, 0x01, 0x01, 0x01, 0x01, 0x01, 0x01, 0x01, 0x01, 0x01, 0x01, 0xe1, 0x01, 0xe1, 0x01, 0xeb, 0xe1, 0xe1, 0xe1, 0xe1, 0xe1, 0xe1, 0xe1, 0xeb, 0xeb, 0xe1, 0xeb, 0xeb, 0xeb, 0xe1, 0xeb, 0xf6, 0xeb, 0xf6, 0xeb, 0xf6, 0xf6, 0xf6, 0xf6, 0xeb, 0xf6, 0xf6, 0xf6, 0xf6, 0xf6, 0x02, 0x02, 0xf6, 0xf6, 0xf6, 0xf6, 0x02, 0xf6, 0x02, 0xf6, 0x02, 0xf6, 0x02, 0x02, 0xf6, 0x02, 0x02, 0x02, 0x02, 0x02, 0x02, 0x02, 0xe2, 0x02, 0xe2, 0xe2, 0xe2, 0xe2, 0xe2, 0xe2, 0xe2, 0xe2, 0xe2, 0xe2, 0xec, 0xec, 0xec, 0xec, 0xec, 0xe2, 0xec, 0xec, 0xec, 0xe8, 0xe8, 0xec, 0xe8, 0xec, 0xe8, 0xec, 0x03, 0xe8, 0x03, 0xe8, 0x03, 0xe8, 0x03, 0xe8, 0xe8, 0xe8, 0xe8, 0xe8, 0xe8, 0xe8, 0xe8, 0xe8, 0x03, 0x03, 0x03, 0x03, 0x04, 0x03, 0x04, 0x04, 0x03, 0x04, 0x03, 0x04, 0x03, 0x04, 0x03, 0x04, 0x03, 0x04, 0x04, 0x04, 0x04, 0x04, 0x04, 0x04, 
  0x01, 0xf4, 0x01, 0xf4, 0x01, 0xf4, 0x01, 0xf4, 0x01, 0xf4, 0x01, 0xf4, 0x01, 0xf4, 0x01, 0x01, 0xe0, 0x01, 0xe5, 0x01, 0xf4, 0x01, 0xf4, 0x01, 0xf0, 0xf4, 0xf4, 0xf4, 0xf4, 0xf4, 0x01, 0x01, 0xe0, 0xd5, 0x99, 0x36, 0x43, 0x33, 0x3d, 0x96, 0xaa, 0xb4, 0xb4, 0xb4, 0xb8, 0xc6, 0xd4, 0xda, 0xe9, 0xfb, 0x03, 0xec, 0xe2, 0xec, 0xe2, 0xec, 0xe2, 0xec, 0xe2, 0xec, 0xe2, 0xe2, 0xe2, 0xe2, 0x02, 0x02, 0x02, 0xe2, 0x02, 0x02, 0x02, 0x02, 0xeb, 0xe1, 0x01, 0xf4, 0xf4, 0xf4, 0x01, 0xf4, 0x01, 0x01, 0xf4, 0x01, 0xf4, 0x01, 0xf4, 0x01, 0xe5, 0xf8, 0xe5, 0xf8, 0xe5, 0xf8, 0xe5, 0xf8, 0xe5, 0xf8, 0xe5, 0xf8, 0xe5, 0xf8, 0xe5, 0xf8, 0xf4, 0xf4, 0xf4, 0xf4, 0xf4, 0xf4, 0xf4, 0xf4, 0xf4, 0xf4, 0xf4, 0xf4, 0xf4, 0xf4, 0xf4, 0xf4, 0xf4, 0xf4, 0xf4, 0xf4, 0xf4, 0xf4, 0xf4, 0xf4, 0xf4, 0xf4, 0xf4, 0xf4, 0xf4, 0xf4, 0xf4, 0xf4, 0xf4, 0xf4, 0xf4, 0xf4, 0xf4, 0xf4, 0xf4, 0xf4, 0xf4, 0xf4, 0xf4, 0xf4, 0xf4, 0xf4, 0xf4, 0xf4, 0xf8, 0xf8, 0xf8, 0xf8, 0xe5, 0xf8, 0xe5, 0xf8, 0x01, 0xf4, 0x01, 0xf4, 0x01, 0xf4, 0x01, 0xf4, 0x01, 0xf4, 0x01, 0xf4, 0x01, 0xf4, 0x01, 0xf4, 0x01, 0x01, 0x01, 0x01, 0x01, 0x01, 0x01, 0x01, 0x01, 0x01, 0x01, 0x01, 0x01, 0xe1, 0x01, 0xe1, 0x01, 0xe1, 0x01, 0xe1, 0x01, 0x01, 0x01, 0x01, 0xe1, 0xe1, 0xe1, 0xe1, 0xe1, 0xe1, 0xe1, 0xe1, 0xeb, 0xe1, 0xeb, 0xe1, 0xeb, 0xe1, 0xeb, 0xe1, 0xeb, 0xf6, 0xeb, 0xf6, 0xeb, 0xf6, 0xf6, 0xf6, 0xf6, 0xeb, 0xf6, 0xf6, 0xf6, 0xf6, 0x02, 0xf6, 0xf6, 0xf6, 0xf6, 0x02, 0xf6, 0x02, 0xf6, 0x02, 0xf6, 0x02, 0xf6, 0x02, 0x02, 0xf6, 0x02, 0xf6, 0x02, 0x02, 0x02, 0xe2, 0x02, 0xe2, 0xe2, 0xe2, 0xe2, 0xe2, 0xe2, 0xe2, 0xe2, 0xe2, 0xe2, 0xe2, 0xec, 0xe2, 0xec, 0xe2, 0xec, 0xec, 0xe2, 0xec, 0xe8, 0xec, 0xe8, 0xe8, 0xec, 0xe8, 0xec, 0xe8, 0xe8, 0xe8, 0xe8, 0xe8, 0xe8, 0xe8, 0xe8, 0x03, 0xe8, 0x03, 0xe8, 0x03, 0xe8, 0x03, 0xe8, 0x03, 0x03, 0x03, 0x03, 0x04, 0x03, 0x03, 0x04, 0x03, 0x04, 0x03, 0x03, 0x04, 0x04, 0x04, 0x04, 0x04, 0x04, 0x04, 0x03, 0x04, 0x04, 0x04, 0x04, 0x04, 
  0xf4, 0x01, 0xf4, 0x01, 0xf4, 0x01, 0xf4, 0x01, 0xf4, 0x01, 0xf4, 0x01, 0xf4, 0x01, 0x01, 0xf4, 0x01, 0xe0, 0x01, 0xe5, 0x01, 0x01, 0xf4, 0x01, 0xf4, 0xfe, 0x01, 0xc2, 0x01, 0xe1, 0xe5, 0xcb, 0xc5, 0xc6, 0x64, 0x38, 0x20, 0x5e, 0x9b, 0xb4, 0xb9, 0xb9, 0xb4, 0xb3, 0xc7, 0xd8, 0xda, 0xd2, 0x03, 0xe8, 0xe8, 0xe8, 0xec, 0xe2, 0xec, 0xe2, 0xec, 0xe2, 0xec, 0xec, 0xe2, 0xe2, 0xe2, 0xe2, 0xe2, 0xec, 0xe2, 0xe2, 0x02, 0x02, 0xf6, 0xeb, 0xe1, 0x01, 0x01, 0xf4, 0xf4, 0xf8, 0x01, 0x01, 0x01, 0xf4, 0x01, 0xf4, 0x01, 0xf4, 0x01, 0x01, 0xf4, 0xf4, 0xf4, 0xf4, 0xf4, 0xf4, 0xf4, 0xf4, 0xf4, 0xf4, 0xf4, 0xf4, 0xf4, 0xf4, 0xf4, 0xf4, 0xf4, 0xf4, 0xf4, 0xf4, 0xf4, 0xf4, 0xf4, 0xf4, 0xf4, 0xf4, 0xf4, 0xf4, 0xf4, 0xf4, 0xf4, 0xf4, 0xf4, 0xf4, 0xf4, 0xf4, 0xf4, 0xf4, 0xf4, 0xf4, 0xf4, 0xf4, 0xf4, 0xf4, 0xf4, 0xf4, 0xf4, 0xf4, 0xf4, 0xf4, 0xf4, 0xf4, 0xf4, 0xf4, 0xf4, 0xf4, 0xf4, 0xf4, 0xf4, 0xf4, 0xf4, 0xf4, 0xf4, 0xf4, 0xf4, 0xf4, 0xf4, 0xf4, 0xf4, 0xf4, 0xf4, 0xf4, 0xf4, 0x01, 0xf4, 0x01, 0xf4, 0x01, 0xf4, 0x01, 0xf4, 0x01, 0xf4, 0x01, 0xf4, 0x01, 0xf4, 0x01, 0x01, 0x01, 0x01, 0x01, 0x01, 0x01, 0x01, 0x01, 0x01, 0x01, 0x01, 0x01, 0xe1, 0x01, 0x01, 0x01, 0x01, 0x01, 0x01, 0x01, 0xe1, 0x01, 0xe1, 0x01, 0xe1, 0xe1, 0xe1, 0xe1, 0xe1, 0xe1, 0xe1, 0xe1, 0xe1, 0xeb, 0xe1, 0xeb, 0xe1, 0xeb, 0xe1, 0xeb, 0xf6, 0xeb, 0xf6, 0xeb, 0xf6, 0xf6, 0xf6, 0xf6, 0xeb, 0xf6, 0xf6, 0xf6, 0xf6, 0xf6, 0xf6, 0x02, 0xf6, 0xf6, 0xf6, 0xf6, 0x02, 0xf6, 0x02, 0xf6, 0x02, 0xf6, 0x02, 0x02, 0xf6, 0x02, 0xf6, 0x02, 0x02, 0x02, 0xe2, 0x02, 0x02, 0x02, 0xe2, 0xe2, 0xe2, 0xe2, 0xe2, 0xe2, 0xe2, 0xe2, 0xe2, 0xe2, 0xe2, 0xec, 0xe2, 0xec, 0xec, 0xe2, 0xec, 0xec, 0xec, 0xe8, 0xe8, 0xec, 0xe8, 0xec, 0xe8, 0xec, 0x03, 0xe8, 0x03, 0xe8, 0x03, 0xe8, 0x03, 0xe8, 0xe8, 0xe8, 0xe8, 0xe8, 0xe8, 0xe8, 0xe8, 0xe8, 0x03, 0x03, 0x03, 0x03, 0x04, 0x03, 0x04, 0x04, 0x03, 0x04, 0x03, 0x04, 0x03, 0x04, 0x03, 0x04, 0x03, 0x04, 0x04, 0x04, 0x04, 0x04, 0x04, 0x04, 
  0x01, 0xf4, 0x01, 0xf4, 0x01, 0xf4, 0x01, 0xf4, 0x01, 0xf4, 0x01, 0xf4, 0x01, 0xf4, 0x01, 0x01, 0xe0, 0x01, 0xe0, 0x01, 0xe5, 0x01, 0xf4, 0x01, 0xf3, 0xeb, 0xf4, 0xf8, 0xe1, 0x01, 0x00, 0xca, 0xcc, 0x86, 0x3b, 0x38, 0x6b, 0xa5, 0xb4, 0xb9, 0xae, 0xb4, 0xbf, 0xc8, 0xd6, 0xd9, 0xd9, 0xd1, 0x03, 0xe8, 0xe8, 0xec, 0xe8, 0xec, 0xe2, 0xec, 0xe2, 0xec, 0xe2, 0xec, 0xe2, 0xe2, 0xe2, 0xe2, 0xe2, 0xec, 0xec, 0xe2, 0x02, 0xf6, 0xeb, 0x01, 0x01, 0x01, 0xf4, 0xf4, 0xf4, 0x01, 0x01, 0x01, 0x01, 0x01, 0xf4, 0x01, 0xf4, 0x01, 0xf4, 0x01, 0xf8, 0xf4, 0xf4, 0xf4, 0xf4, 0xf4, 0xf4, 0xf4, 0xf4, 0xf4, 0xf4, 0xf4, 0xf4, 0xf4, 0xf4, 0xf4, 0xf4, 0xf4, 0xf4, 0xf4, 0xf4, 0xf4, 0xf4, 0xf4, 0xf4, 0xf4, 0xf4, 0xf4, 0xf4, 0xf4, 0xf4, 0xf4, 0xf4, 0xf4, 0xf4, 0xf4, 0xf4, 0xf4, 0xf4, 0xf4, 0xf4, 0xf4, 0xf4, 0xf4, 0xf4, 0xf4, 0xf4, 0xf4, 0xf4, 0xf4, 0xf4, 0xf4, 0xf4, 0xf4, 0xf4, 0xf4, 0xf4, 0xf4, 0xf4, 0xf4, 0xf4, 0xf4, 0xf4, 0xf4, 0xf4, 0xf4, 0xf4, 0xf4, 0xf4, 0xf4, 0xf4, 0xf4, 0x01, 0xf4, 0x01, 0xf4, 0x01, 0xf4, 0x01, 0xf4, 0x01, 0xf4, 0x01, 0xf4, 0x01, 0xf4, 0x01, 0xf4, 0x01, 0x01, 0x01, 0x01, 0x01, 0x01, 0x01, 0x01, 0x01, 0x01, 0x01, 0x01, 0x01, 0xe1, 0x01, 0xe1, 0x01, 0xe1, 0x01, 0xe1, 0x01, 0x01, 0x01, 0xe1, 0xe1, 0xe1, 0xe1, 0xe1, 0xe1, 0xe1, 0xe1, 0xe1, 0xeb, 0xe1, 0xeb, 0xe1, 0xeb, 0xe1, 0xeb, 0xe1, 0xeb, 0xf6, 0xeb, 0xf6, 0xeb, 0xf6, 0xf6, 0xf6, 0xf6, 0xeb, 0xf6, 0xf6, 0xf6, 0xf6, 0x02, 0xf6, 0xf6, 0xf6, 0xf6, 0x02, 0xf6, 0x02, 0xf6, 0x02, 0xf6, 0x02, 0xf6, 0x02, 0x02, 0xf6, 0x02, 0xf6, 0x02, 0x02, 0x02, 0xe2, 0x02, 0xe2, 0xe2, 0xe2, 0xe2, 0xe2, 0xe2, 0xe2, 0xe2, 0xe2, 0xe2, 0xe2, 0xec, 0xe2, 0xec, 0xe2, 0xec, 0xec, 0xe2, 0xec, 0xe8, 0xec, 0xe8, 0xe8, 0xec, 0xe8, 0xec, 0xe8, 0xe8, 0xe8, 0xe8, 0xe8, 0xe8, 0xe8, 0xe8, 0x03, 0xe8, 0x03, 0xe8, 0x03, 0xe8, 0x03, 0xe8, 0x03, 0x03, 0x03, 0x03, 0x04, 0x03, 0x03, 0x04, 0x03, 0x04, 0x03, 0x03, 0x04, 0x04, 0x04, 0x04, 0x04, 0x04, 0x04, 0x03, 0x04, 0x04, 0x04, 0x04, 0x04, 
  0xf4, 0x01, 0xf4, 0x01, 0xf4, 0x01, 0xf4, 0x01, 0xf4, 0x01, 0xf4, 0x01, 0xf4, 0x01, 0x01, 0xf4, 0x01, 0xe5, 0x01, 0xe5, 0x01, 0xf4, 0x01, 0xf4, 0xf4, 0x01, 0xc9, 0x01, 0xe1, 0xcd, 0xe0, 0xcd, 0xaf, 0x4d, 0x18, 0x7e, 0xa9, 0xb4, 0xc7, 0xae, 0xaf, 0xbc, 0xd6, 0xdc, 0x09, 0xd9, 0xfb, 0xfb, 0xfb, 0xe8, 0xec, 0xe8, 0xe8, 0xec, 0xe8, 0xe2, 0xec, 0xe2, 0xec, 0xec, 0xe2, 0xe2, 0xe2, 0xe2, 0xe2, 0xe2, 0xe2, 0x02, 0xf6, 0xeb, 0x01, 0x01, 0xf4, 0xf4, 0xf4, 0xf4, 0xf4, 0x01, 0x01, 0x01, 0x01, 0xf4, 0x01, 0xf4, 0x01, 0xf4, 0x01, 0x01, 0xf4, 0xf4, 0xf4, 0xf4, 0xf4, 0xf4, 0xf4, 0xf4, 0xf4, 0xf4, 0xf4, 0xf4, 0xf4, 0xf4, 0xf4, 0xf4, 0xf4, 0xf4, 0xf4, 0xf4, 0xf4, 0xf4, 0xf4, 0xf4, 0xf4, 0xf4, 0xf4, 0xf4, 0xf4, 0xf4, 0xf4, 0xf4, 0xf4, 0xf4, 0xf4, 0xf4, 0xf4, 0xf4, 0xf4, 0xf4, 0xf4, 0xf4, 0xf4, 0xf4, 0xf4, 0xf4, 0xf4, 0xf4, 0xf4, 0xf4, 0xf4, 0xf4, 0xf4, 0xf4, 0xf4, 0xf4, 0xf4, 0xf4, 0xf4, 0xf4, 0xf4, 0xf4, 0xf4, 0xf4, 0xf4, 0xf4, 0xf4, 0xf4, 0xf4, 0xf4, 0xf4, 0xf4, 0xf4, 0x01, 0xf4, 0x01, 0xf4, 0x01, 0xf4, 0x01, 0xf4, 0x01, 0xf4, 0x01, 0xf4, 0x01, 0xf4, 0x01, 0x01, 0x01, 0x01, 0x01, 0x01, 0x01, 0x01, 0x01, 0x01, 0x01, 0x01, 0x01, 0xe1, 0x01, 0x01, 0x01, 0x01, 0x01, 0x01, 0x01, 0xe1, 0x01, 0xe1, 0x01, 0xe1, 0xe1, 0xe1, 0xe1, 0xe1, 0xe1, 0xe1, 0xe1, 0xe1, 0xeb, 0xe1, 0xeb, 0xe1, 0xeb, 0xe1, 0xeb, 0xf6, 0xeb, 0xf6, 0xeb, 0xf6, 0xf6, 0xf6, 0xf6, 0xeb, 0xf6, 0xf6, 0xf6, 0xf6, 0xf6, 0xf6, 0x02, 0xf6, 0xf6, 0xf6, 0xf6, 0x02, 0xf6, 0x02, 0xf6, 0x02, 0xf6, 0x02, 0x02, 0xf6, 0x02, 0xf6, 0x02, 0x02, 0x02, 0xe2, 0x02, 0x02, 0x02, 0xe2, 0xe2, 0xe2, 0xe2, 0xe2, 0xe2, 0xe2, 0xe2, 0xe2, 0xe2, 0xe2, 0xec, 0xe2, 0xec, 0xec, 0xe2, 0xec, 0xec, 0xec, 0xe8, 0xe8, 0xec, 0xe8, 0xec, 0xe8, 0xec, 0x03, 0xe8, 0x03, 0xe8, 0x03, 0xe8, 0x03, 0xe8, 0xe8, 0xe8, 0xe8, 0xe8, 0xe8, 0xe8, 0xe8, 0xe8, 0x03, 0x03, 0x03, 0x03, 0x04, 0x03, 0x04, 0x04, 0x03, 0x04, 0x03, 0x04, 0x03, 0x04, 0x03, 0x04, 0x03, 0x04, 0x04, 0x04, 0x04, 0x04, 0x04, 0x04, 
  0x01, 0xf4, 0x01, 0xf4, 0x01, 0xf4, 0x01, 0xf4, 0x01, 0xf4, 0x01, 0xf4, 0x01, 0xf4, 0x01, 0x01, 0xe5, 0x01, 0xe5, 0x01, 0xe5, 0x01, 0xf4, 0x01, 0xeb, 0xe5, 0xc9, 0x01, 0xe0, 0x01, 0xcd, 0xc5, 0x75, 0x1c, 0x91, 0xae, 0xb4, 0xb9, 0xaf, 0xb2, 0xcc, 0xd4, 0xda, 0xd9, 0x08, 0xfa, 0xfb, 0xfb, 0xec, 0xec, 0xe8, 0xe8, 0xe8, 0xe8, 0xec, 0xec, 0xe2, 0xec, 0xe2, 0xec, 0xe2, 0xe2, 0xe2, 0xe2, 0xe2, 0x02, 0xf6, 0xf6, 0xe1, 0x01, 0x01, 0xf8, 0xf4, 0xf4, 0xf4, 0x01, 0x01, 0xf4, 0x01, 0xf4, 0x01, 0x01, 0xf4, 0x01, 0xf4, 0x01, 0xf4, 0x01, 0xf4, 0x01, 0x01, 0x01, 0x01, 0x01, 0x01, 0x01, 0x01, 0x01, 0x01, 0x01, 0x01, 0x01, 0x01, 0x01, 0xf4, 0xf4, 0xf4, 0xf4, 0xf4, 0xf4, 0xf4, 0xf4, 0xf4, 0xf4, 0xf4, 0xf4, 0xf4, 0xf4, 0xf4, 0xf4, 0xf4, 0xf4, 0xf4, 0xf4, 0xf4, 0xf4, 0xf4, 0xf4, 0xf4, 0xf4, 0xf4, 0xf4, 0xf4, 0xf4, 0xf4, 0xf4, 0xf4, 0xf4, 0xf4, 0xf4, 0xf4, 0xf4, 0xf4, 0xf4, 0xf4, 0xf4, 0xf4, 0xf4, 0xf4, 0xf4, 0xf4, 0xf4, 0x01, 0x01, 0x01, 0x01, 0x01, 0x01, 0x01, 0x01, 0x01, 0xf4, 0x01, 0xf4, 0x01, 0xf4, 0x01, 0xf4, 0x01, 0xf4, 0x01, 0xf4, 0x01, 0xf4, 0x01, 0xf4, 0x01, 0x01, 0x01, 0x01, 0x01, 0x01, 0x01, 0x01, 0x01, 0x01, 0x01, 0x01, 0x01, 0xe1, 0x01, 0xe1, 0x01, 0xe1, 0x01, 0xe1, 0x01, 0x01, 0x01, 0xe1, 0xe1, 0xe1, 0xe1, 0xe1, 0xe1, 0xe1, 0xe1, 0xe1, 0xeb, 0xe1, 0xeb, 0xe1, 0xeb, 0xe1, 0xeb, 0xe1, 0xeb, 0xf6, 0xeb, 0xf6, 0xeb, 0xf6, 0xf6, 0xf6, 0xf6, 0xeb, 0xf6, 0xf6, 0xf6, 0xf6, 0x02, 0xf6, 0xf6, 0xf6, 0xf6, 0x02, 0xf6, 0x02, 0xf6, 0x02, 0xf6, 0x02, 0xf6, 0x02, 0x02, 0xf6, 0x02, 0xf6, 0x02, 0x02, 0x02, 0xe2, 0x02, 0xe2, 0xe2, 0xe2, 0xe2, 0xe2, 0xe2, 0xe2, 0xe2, 0xe2, 0xe2, 0xe2, 0xec, 0xe2, 0xec, 0xe2, 0xec, 0xec, 0xe2, 0xec, 0xe8, 0xec, 0xe8, 0xe8, 0xec, 0xe8, 0xec, 0xe8, 0xe8, 0xe8, 0xe8, 0xe8, 0xe8, 0xe8, 0xe8, 0x03, 0xe8, 0x03, 0xe8, 0x03, 0xe8, 0x03, 0xe8, 0x03, 0x03, 0x03, 0x03, 0x04, 0x03, 0x03, 0x04, 0x03, 0x04, 0x03, 0x03, 0x04, 0x04, 0x04, 0x04, 0x04, 0x04, 0x04, 0x03, 0x04, 0x04, 0x04, 0x04, 0x04, 
  0xf4, 0x01, 0xf4, 0x01, 0xf4, 0x01, 0xf4, 0x01, 0xf4, 0x01, 0xf4, 0x01, 0xf4, 0x01, 0x01, 0xf4, 0x01, 0xf4, 0xf4, 0xf4, 0xf4, 0x01, 0x01, 0xf4, 0xeb, 0x00, 0xe1, 0xe0, 0xc2, 0xe7, 0xc2, 0x99, 0x50, 0x9b, 0xb4, 0xb9, 0xbf, 0xaf, 0xaf, 0xcc, 0xda, 0xd9, 0xd7, 0xe2, 0xfa, 0xfa, 0xfa, 0xfb, 0xec, 0xe2, 0xe8, 0xe8, 0x03, 0xe8, 0xe8, 0xe2, 0xec, 0xe2, 0xec, 0xec, 0xe2, 0xe2, 0xe2, 0xe2, 0x02, 0x02, 0xf6, 0x01, 0x01, 0xf4, 0xf4, 0xf4, 0xf4, 0xf4, 0x01, 0xf4, 0x01, 0xf4, 0xf4, 0xf4, 0x01, 0xf4, 0x01, 0xf4, 0x01, 0xf4, 0x01, 0xf4, 0x01, 0x01, 0xf4, 0x01, 0xf4, 0x01, 0xf4, 0x01, 0xf4, 0x01, 0xf4, 0x01, 0xf4, 0x01, 0xf4, 0x01, 0xf4, 0xf4, 0xf4, 0xf4, 0xf4, 0xf4, 0xf4, 0xf4, 0xf4, 0xf4, 0xf4, 0xf4, 0xf4, 0xf4, 0xf4, 0xf4, 0xf4, 0xf4, 0xf4, 0xf4, 0xf4, 0xf4, 0xf4, 0xf4, 0xf4, 0xf4, 0xf4, 0xf4, 0xf4, 0xf4, 0xf4, 0xf4, 0xf4, 0xf4, 0xf4, 0xf4, 0xf4, 0xf4, 0xf4, 0xf4, 0xf4, 0xf4, 0xf4, 0xf4, 0xf4, 0xf4, 0xf4, 0xf4, 0xf4, 0x01, 0xf4, 0x01, 0xf4, 0x01, 0xf4, 0x01, 0xf4, 0x01, 0xf4, 0x01, 0xf4, 0x01, 0xf4, 0x01, 0xf4, 0x01, 0xf4, 0x01, 0xf4, 0x01, 0xf4, 0x01, 0x01, 0x01, 0x01, 0x01, 0x01, 0x01, 0x01, 0x01, 0x01, 0x01, 0x01, 0x01, 0xe1, 0x01, 0x01, 0x01, 0x01, 0x01, 0x01, 0x01, 0xe1, 0x01, 0xe1, 0x01, 0xe1, 0xe1, 0xe1, 0xe1, 0xe1, 0xe1, 0xe1, 0xe1, 0xe1, 0xeb, 0xe1, 0xeb, 0xe1, 0xeb, 0xe1, 0xeb, 0xf6, 0xeb, 0xf6, 0xeb, 0xf6, 0xf6, 0xf6, 0xf6, 0xeb, 0xf6, 0xf6, 0xf6, 0xf6, 0xf6, 0xf6, 0x02, 0xf6, 0xf6, 0xf6, 0xf6, 0x02, 0xf6, 0x02, 0xf6, 0x02, 0xf6, 0x02, 0x02, 0xf6, 0x02, 0xf6, 0x02, 0x02, 0x02, 0xe2, 0x02, 0x02, 0x02, 0xe2, 0xe2, 0xe2, 0xe2, 0xe2, 0xe2, 0xe2, 0xe2, 0xe2, 0xe2, 0xe2, 0xec, 0xe2, 0xec, 0xec, 0xe2, 0xec, 0xec, 0xec, 0xe8, 0xe8, 0xec, 0xe8, 0xec, 0xe8, 0xec, 0x03, 0xe8, 0x03, 0xe8, 0x03, 0xe8, 0x03, 0xe8, 0xe8, 0xe8, 0xe8, 0xe8, 0xe8, 0xe8, 0xe8, 0xe8, 0x03, 0x03, 0x03, 0x03, 0x04, 0x03, 0x04, 0x04, 0x03, 0x04, 0x03, 0x04, 0x03, 0x04, 0x03, 0x04, 0x03, 0x04, 0x04, 0x04, 0x04, 0x04, 0x04, 0x04, 
  0x01, 0xf4, 0x01, 0xf4, 0x01, 0xf4, 0x01, 0xf4, 0x01, 0xf4, 0x01, 0xf4, 0x01, 0xf4, 0x01, 0x01, 0xe5, 0x01, 0xe5, 0x01, 0xe5, 0x01, 0xf4, 0x01, 0xf4, 0xc2, 0x02, 0xcd, 0xbe, 0xd3, 0xb5, 0x6f, 0xa9, 0xb4, 0xae, 0xbf, 0xa9, 0xba, 0xcc, 0xd3, 0xd9, 0xe9, 0x03, 0x03, 0x03, 0xe8, 0x03, 0x03, 0xf1, 0xec, 0xec, 0x03, 0xe8, 0x03, 0xec, 0xec, 0xe2, 0xec, 0xe2, 0xec, 0xe2, 0xe2, 0xe2, 0xe2, 0x02, 0x02, 0xe1, 0x01, 0xf8, 0xf8, 0xf4, 0xf4, 0xf4, 0xf4, 0x01, 0x01, 0xf4, 0xf4, 0xf8, 0xf8, 0x01, 0x01, 0xf4, 0x01, 0xf4, 0x01, 0xf4, 0x01, 0xf4, 0x01, 0x01, 0xf4, 0x01, 0xf4, 0x01, 0xf4, 0x01, 0xf4, 0x01, 0xf4, 0x01, 0xf4, 0x01, 0xf4, 0xf4, 0xf4, 0xf4, 0xf4, 0xf4, 0xf4, 0xf4, 0xf4, 0xf4, 0xf4, 0xf4, 0xf4, 0xf4, 0xf4, 0xf4, 0xf4, 0xf4, 0xf4, 0xf4, 0xf4, 0xf4, 0xf4, 0xf4, 0xf4, 0xf4, 0xf4, 0xf4, 0xf4, 0xf4, 0xf4, 0xf4, 0xf4, 0xf4, 0xf4, 0xf4, 0xf4, 0xf4, 0xf4, 0xf4, 0xf4, 0xf4, 0xf4, 0xf4, 0xf4, 0xf4, 0xf4, 0xf4, 0xf4, 0x01, 0xf4, 0x01, 0xf4, 0x01, 0xf4, 0x01, 0xf4, 0x01, 0xf4, 0x01, 0xf4, 0x01, 0xf4, 0x01, 0xf4, 0x01, 0xf4, 0x01, 0xf4, 0x01, 0xf4, 0x01, 0xf4, 0x01, 0x01, 0x01, 0x01, 0x01, 0x01, 0x01, 0x01, 0x01, 0x01, 0x01, 0x01, 0x01, 0xe1, 0x01, 0xe1, 0x01, 0xe1, 0x01, 0xe1, 0x01, 0x01, 0x01, 0xe1, 0xe1, 0xe1, 0xe1, 0xe1, 0xe1, 0xe1, 0xe1, 0xe1, 0xeb, 0xe1, 0xeb, 0xe1, 0xeb, 0xe1, 0xeb, 0xe1, 0xeb, 0xf6, 0xeb, 0xf6, 0xeb, 0xf6, 0xf6, 0xf6, 0xf6, 0xeb, 0xf6, 0xf6, 0xf6, 0xf6, 0x02, 0xf6, 0xf6, 0xf6, 0xf6, 0x02, 0xf6, 0x02, 0xf6, 0x02, 0xf6, 0x02, 0xf6, 0x02, 0x02, 0xf6, 0x02, 0xf6, 0x02, 0x02, 0x02, 0xe2, 0x02, 0xe2, 0xe2, 0xe2, 0xe2, 0xe2, 0xe2, 0xe2, 0xe2, 0xe2, 0xe2, 0xe2, 0xec, 0xe2, 0xec, 0xe2, 0xec, 0xec, 0xe2, 0xec, 0xe8, 0xec, 0xe8, 0xe8, 0xec, 0xe8, 0xec, 0xe8, 0xe8, 0xe8, 0xe8, 0xe8, 0xe8, 0xe8, 0xe8, 0x03, 0xe8, 0x03, 0xe8, 0x03, 0xe8, 0x03, 0xe8, 0x03, 0x03, 0x03, 0x03, 0x04, 0x03, 0x03, 0x04, 0x03, 0x04, 0x03, 0x03, 0x04, 0x04, 0x04, 0x04, 0x04, 0x04, 0x04, 0x03, 0x04, 0x04, 0x04, 0x04, 0x04, 
  0x01, 0x01, 0x01, 0x01, 0x01, 0x01, 0x01, 0x01, 0x01, 0x01, 0x01, 0x01, 0x01, 0x01, 0x01, 0x01, 0x01, 0x01, 0x01, 0x01, 0x01, 0x01, 0x01, 0x01, 0xe6, 0xe1, 0xe0, 0xe1, 0xe0, 0xbe, 0xb5, 0xad, 0xb8, 0xb9, 0xb4, 0xb2, 0xbc, 0xc6, 0xd3, 0xd5, 0xe9, 0xe8, 0xe8, 0xe8, 0xec, 0x03, 0xe8, 0xe8, 0x03, 0xe8, 0xe8, 0xe8, 0xec, 0xe8, 0xe2, 0xec, 0xe8, 0xe8, 0xec, 0xe2, 0xe2, 0xe2, 0x02, 0x02, 0x01, 0x01, 0x01, 0x01, 0x01, 0x01, 0x01, 0x01, 0x01, 0xf4, 0x01, 0xf4, 0x01, 0x01, 0x01, 0xf4, 0x01, 0xf4, 0x01, 0xf4, 0x01, 0xf4, 0x01, 0xf4, 0x01, 0x01, 0xf4, 0x01, 0xf4, 0x01, 0xf4, 0x01, 0xf4, 0x01, 0xf4, 0x01, 0xf4, 0x01, 0xf4, 0x01, 0x01, 0x01, 0x01, 0x01, 0x01, 0x01, 0x01, 0x01, 0x01, 0x01, 0x01, 0x01, 0x01, 0x01, 0x01, 0x01, 0x01, 0x01, 0x01, 0x01, 0x01, 0x01, 0x01, 0x01, 0x01, 0x01, 0x01, 0x01, 0x01, 0x01, 0x01, 0x01, 0x01, 0x01, 0x01, 0x01, 0x01, 0x01, 0x01, 0x01, 0x01, 0x01, 0x01, 0x01, 0x01, 0x01, 0x01, 0x01, 0xf4, 0xf4, 0xf4, 0xf4, 0xf4, 0xf4, 0xf4, 0xf4, 0xf4, 0x01, 0xf4, 0x01, 0xf4, 0x01, 0xf4, 0x01, 0x01, 0x01, 0x01, 0x01, 0x01, 0x01, 0x01, 0x01, 0x01, 0x01, 0x01, 0x01, 0x01, 0x01, 0x01, 0x01, 0x01, 0x01, 0x01, 0x01, 0xe1, 0x01, 0x01, 0x01, 0xe1, 0xe1, 0xe1, 0xe1, 0xe1, 0xeb, 0xe1, 0xe1, 0xe1, 0xeb, 0xeb, 0xeb, 0xeb, 0xeb, 0xeb, 0xeb, 0xe1, 0xeb, 0xe1, 0xeb, 0xf6, 0xeb, 0xf6, 0xeb, 0xf6, 0xeb, 0xf6, 0xeb, 0xf6, 0xf6, 0xf6, 0xf6, 0xf6, 0xf6, 0xf6, 0x02, 0x02, 0x02, 0xf6, 0x02, 0x02, 0x02, 0xf6, 0x02, 0x02, 0x02, 0x02, 0x02, 0x02, 0x02, 0x02, 0x02, 0x02, 0x02, 0x02, 0x02, 0x02, 0x02, 0xe2, 0x02, 0x02, 0x02, 0xe2, 0xe2, 0xe2, 0xe2, 0xe2, 0xe2, 0xec, 0xec, 0xec, 0xec, 0xe2, 0xec, 0xe2, 0xec, 0xec, 0xe2, 0xec, 0xe2, 0xec, 0xe2, 0xe8, 0xec, 0xe8, 0xe8, 0xe8, 0x03, 0xe8, 0x03, 0xe8, 0x03, 0x03, 0x03, 0x03, 0x03, 0x03, 0x03, 0x03, 0x03, 0x03, 0x03, 0x03, 0x03, 0x03, 0x04, 0x03, 0x03, 0x03, 0x04, 0x03, 0x04, 0x03, 0x04, 0x04, 0x04, 0x03, 0x04, 0x03, 0x04, 0x03, 0x04, 0x04, 0x04, 0x04, 0x04, 0x04, 0x04, 
  0x01, 0x01, 0x01, 0x01, 0x01, 0x01, 0x01, 0x01, 0x01, 0x01, 0x01, 0x01, 0x01, 0x01, 0x01, 0x01, 0x01, 0x01, 0x01, 0x01, 0x01, 0x01, 0x01, 0x01, 0x01, 0x01, 0x01, 0xcd, 0xe6, 0xe0, 0xbe, 0xbb, 0xb2, 0xb3, 0xbc, 0xc0, 0xc8, 0xcd, 0xd5, 0x08, 0xe8, 0xe8, 0xe8, 0xe8, 0xe9, 0xf1, 0xe9, 0xe8, 0x03, 0xe8, 0xe8, 0xec, 0xe8, 0xec, 0xec, 0xe2, 0xec, 0xec, 0xe8, 0xec, 0xec, 0x02, 0x02, 0xf6, 0x01, 0x01, 0x01, 0x01, 0x01, 0x01, 0x01, 0x01, 0x01, 0x01, 0xf4, 0x01, 0xf4, 0x01, 0xf4, 0x01, 0xf4, 0x01, 0xf4, 0x01, 0xf4, 0x01, 0xf4, 0x01, 0xf4, 0x01, 0x01, 0xf4, 0x01, 0xf4, 0x01, 0xf4, 0x01, 0xf4, 0x01, 0xf4, 0x01, 0xf4, 0x01, 0xf4, 0x01, 0xf4, 0x01, 0xf4, 0x01, 0xf4, 0x01, 0xf4, 0x01, 0xf4, 0x01, 0xf4, 0x01, 0xf4, 0x01, 0xf4, 0x01, 0xf4, 0x01, 0xf4, 0x01, 0xf4, 0x01, 0xf4, 0x01, 0xf4, 0x01, 0xf4, 0x01, 0xf4, 0x01, 0xf4, 0x01, 0xf4, 0x01, 0xf4, 0x01, 0xf4, 0x01, 0xf4, 0x01, 0xf4, 0x01, 0xf4, 0x01, 0xf4, 0x01, 0xf4, 0xf4, 0xf4, 0xf4, 0xf4, 0xf4, 0xf4, 0xf4, 0xf4, 0x01, 0xf4, 0x01, 0xf4, 0x01, 0xf4, 0x01, 0xf4, 0x01, 0x01, 0x01, 0x01, 0x01, 0x01, 0x01, 0x01, 0x01, 0x01, 0x01, 0x01, 0x01, 0x01, 0x01, 0x01, 0x01, 0xe1, 0x01, 0xe1, 0x01, 0xe1, 0x01, 0xe1, 0xe1, 0xe1, 0xe1, 0xe1, 0xe1, 0xe1, 0xe1, 0xe1, 0xeb, 0xe1, 0xeb, 0xe1, 0xeb, 0xe1, 0xeb, 0xe1, 0xeb, 0xe1, 0xeb, 0xe1, 0xeb, 0xf6, 0xeb, 0xf6, 0xeb, 0xf6, 0xeb, 0xf6, 0xeb, 0xf6, 0xf6, 0xf6, 0xf6, 0xf6, 0xf6, 0x02, 0xf6, 0x02, 0x02, 0xf6, 0x02, 0xf6, 0x02, 0xf6, 0x02, 0x02, 0x02, 0x02, 0x02, 0x02, 0x02, 0x02, 0x02, 0x02, 0xe2, 0x02, 0x02, 0x02, 0x02, 0xe2, 0x02, 0xe2, 0xe2, 0xe2, 0xe2, 0xe2, 0xe2, 0xe2, 0xec, 0xe2, 0xec, 0xe2, 0xec, 0xe2, 0xec, 0xe2, 0xec, 0xec, 0xe2, 0xec, 0xe2, 0xec, 0xe8, 0xe8, 0xec, 0xe8, 0xe8, 0xe8, 0xe8, 0xe8, 0xe8, 0xe8, 0x03, 0x03, 0x03, 0x03, 0x03, 0x03, 0x03, 0x03, 0x03, 0x03, 0x03, 0x03, 0x03, 0x03, 0x03, 0x04, 0x03, 0x03, 0x03, 0x03, 0x04, 0x04, 0x03, 0x04, 0x04, 0x04, 0x04, 0x04, 0x04, 0x04, 0x03, 0x04, 0x04, 0x04, 0x04, 0x04, 
  0x01, 0x01, 0x01, 0x01, 0x01, 0x01, 0x01, 0x01, 0x01, 0x01, 0x01, 0x01, 0x01, 0x01, 0x01, 0x01, 0x01, 0x01, 0x01, 0x01, 0x01, 0x01, 0x01, 0x01, 0x01, 0xc9, 0x01, 0x01, 0xe6, 0xcd, 0xe7, 0xcd, 0xb7, 0xbc, 0xc3, 0xc8, 0xce, 0xd2, 0xe2, 0xe3, 0xe8, 0xe8, 0xe8, 0xe8, 0xe8, 0xe8, 0xe9, 0xe8, 0xe8, 0x03, 0xec, 0xe8, 0xec, 0xe8, 0xe2, 0xec, 0xe2, 0xe2, 0xec, 0xe8, 0xe2, 0x02, 0xeb, 0x01, 0x01, 0x01, 0x01, 0x01, 0x01, 0x01, 0x01, 0x01, 0x01, 0xf4, 0x01, 0xf4, 0x01, 0xf4, 0x01, 0xf4, 0x01, 0xf4, 0x01, 0xf4, 0x01, 0xf4, 0x01, 0xf4, 0x01, 0x01, 0xf4, 0x01, 0xf4, 0x01, 0xf4, 0x01, 0xf4, 0x01, 0xf4, 0x01, 0xf4, 0x01, 0xf4, 0x01, 0xf4, 0x01, 0xf4, 0x01, 0xf4, 0x01, 0xf4, 0x01, 0xf4, 0x01, 0xf4, 0x01, 0xf4, 0x01, 0xf4, 0x01, 0xf4, 0x01, 0xf4, 0x01, 0xf4, 0x01, 0xf4, 0x01, 0xf4, 0x01, 0xf4, 0x01, 0xf4, 0x01, 0xf4, 0x01, 0xf4, 0x01, 0xf4, 0x01, 0xf4, 0x01, 0xf4, 0x01, 0xf4, 0x01, 0xf4, 0x01, 0xf4, 0x01, 0xf4, 0x01, 0xf4, 0xf4, 0xf4, 0xf4, 0xf4, 0xf4, 0xf4, 0xf4, 0xf4, 0x01, 0xf4, 0x01, 0xf4, 0x01, 0xf4, 0x01, 0x01, 0x01, 0x01, 0x01, 0x01, 0x01, 0x01, 0x01, 0x01, 0x01, 0x01, 0x01, 0x01, 0x01, 0x01, 0x01, 0xe1, 0x01, 0x01, 0x01, 0x01, 0x01, 0x01, 0x01, 0xe1, 0xe1, 0xe1, 0xe1, 0xe1, 0xe1, 0xe1, 0xe1, 0xe1, 0xeb, 0xe1, 0xeb, 0xe1, 0xeb, 0xe1, 0xeb, 0xe1, 0xeb, 0xe1, 0xeb, 0xf6, 0xeb, 0xf6, 0xeb, 0xf6, 0xeb, 0xf6, 0xeb, 0xf6, 0xf6, 0xf6, 0xf6, 0xf6, 0xf6, 0xf6, 0xf6, 0x02, 0x02, 0xf6, 0x02, 0xf6, 0x02, 0xf6, 0x02, 0x02, 0x02, 0x02, 0x02, 0x02, 0x02, 0x02, 0x02, 0x02, 0xe2, 0x02, 0x02, 0x02, 0x02, 0xe2, 0x02, 0x02, 0x02, 0xe2, 0xe2, 0xe2, 0xe2, 0xe2, 0xe2, 0xe2, 0xec, 0xe2, 0xec, 0xe2, 0xec, 0xe2, 0xec, 0xec, 0xe2, 0xec, 0xe2, 0xec, 0xec, 0xe8, 0xec, 0xe8, 0xec, 0x03, 0xe8, 0x03, 0xe8, 0x03, 0xe8, 0x03, 0x03, 0x03, 0x03, 0x03, 0x03, 0x03, 0x03, 0x03, 0x03, 0x03, 0x03, 0x03, 0x04, 0x03, 0x03, 0x03, 0x04, 0x03, 0x04, 0x03, 0x04, 0x04, 0x04, 0x03, 0x04, 0x03, 0x04, 0x03, 0x04, 0x04, 0x04, 0x04, 0x04, 0x04, 0x04, 
  0x01, 0x01, 0x01, 0x01, 0x01, 0x01, 0x01, 0x01, 0x01, 0x01, 0x01, 0x01, 0x01, 0x01, 0x01, 0x01, 0x01, 0x01, 0x01, 0x01, 0x01, 0x01, 0x01, 0x01, 0x01, 0x01, 0xf4, 0xcb, 0xe1, 0xd1, 0xe2, 0xd5, 0xc4, 0xc4, 0x07, 0x07, 0xd1, 0xd2, 0x03, 0x03, 0x03, 0xe8, 0xe8, 0xe8, 0xe9, 0xec, 0xe9, 0xec, 0xe9, 0xec, 0xe8, 0xec, 0xe8, 0xec, 0xec, 0xe2, 0xec, 0xec, 0xec, 0x02, 0x02, 0xe1, 0x01, 0x01, 0x01, 0x01, 0x01, 0x01, 0x01, 0x01, 0x01, 0x01, 0x01, 0x01, 0x01, 0x01, 0x01, 0x01, 0x01, 0x01, 0x01, 0x01, 0x01, 0x01, 0x01, 0x01, 0x01, 0x01, 0x01, 0xf4, 0x01, 0xf4, 0x01, 0xf4, 0x01, 0xf4, 0x01, 0xf4, 0x01, 0xf4, 0x01, 0xf4, 0x01, 0xf4, 0x01, 0xf4, 0x01, 0xf4, 0x01, 0xf4, 0x01, 0xf4, 0x01, 0xf4, 0x01, 0xf4, 0x01, 0xf4, 0x01, 0xf4, 0x01, 0xf4, 0x01, 0xf4, 0x01, 0xf4, 0x01, 0xf4, 0x01, 0xf4, 0x01, 0xf4, 0x01, 0xf4, 0x01, 0xf4, 0x01, 0xf4, 0x01, 0xf4, 0x01, 0xf4, 0x01, 0xf4, 0x01, 0xf4, 0x01, 0xf4, 0x01, 0xf4, 0x01, 0xf4, 0x01, 0x01, 0x01, 0x01, 0x01, 0x01, 0x01, 0x01, 0x01, 0x01, 0x01, 0x01, 0x01, 0x01, 0x01, 0x01, 0x01, 0x01, 0x01, 0x01, 0x01, 0x01, 0x01, 0x01, 0x01, 0x01, 0x01, 0x01, 0x01, 0x01, 0x01, 0x01, 0x01, 0xe1, 0x01, 0xe1, 0x01, 0xe1, 0x01, 0xe1, 0xe1, 0xe1, 0xe1, 0xe1, 0xe1, 0xe1, 0xe1, 0xe1, 0xeb, 0xe1, 0xeb, 0xe1, 0xeb, 0xe1, 0xeb, 0xe1, 0xeb, 0xe1, 0xeb, 0xe1, 0xeb, 0xf6, 0xeb, 0xf6, 0xeb, 0xf6, 0xeb, 0xf6, 0xeb, 0xf6, 0xf6, 0xf6, 0xf6, 0xf6, 0xf6, 0x02, 0xf6, 0x02, 0x02, 0xf6, 0x02, 0xf6, 0x02, 0xf6, 0x02, 0x02, 0x02, 0x02, 0x02, 0x02, 0x02, 0x02, 0x02, 0x02, 0xe2, 0x02, 0x02, 0x02, 0x02, 0xe2, 0x02, 0xe2, 0xe2, 0xe2, 0xe2, 0xe2, 0xe2, 0xe2, 0xec, 0xe2, 0xec, 0xe2, 0xec, 0xe2, 0xec, 0xe2, 0xec, 0xec, 0xe2, 0xec, 0xe2, 0xec, 0xe8, 0xe8, 0xec, 0xe8, 0xe8, 0xe8, 0xe8, 0xe8, 0xe8, 0x03, 0x03, 0x03, 0x03, 0x03, 0x03, 0x03, 0x03, 0x03, 0x03, 0x03, 0x03, 0x03, 0x03, 0x03, 0x03, 0x04, 0x03, 0x03, 0x03, 0x03, 0x04, 0x04, 0x03, 0x04, 0x04, 0x04, 0x04, 0x04, 0x04, 0x04, 0x03, 0x04, 0x04, 0x04, 0x04, 0x04, 
  0x01, 0x01, 0x01, 0x01, 0x01, 0x01, 0x01, 0x01, 0x01, 0x01, 0x01, 0x01, 0x01, 0x01, 0x01, 0x01, 0x01, 0x01, 0x01, 0x01, 0x01, 0x01, 0x01, 0x01, 0x01, 0x01, 0x01, 0x01, 0x01, 0xd2, 0xe8, 0x03, 0xd5, 0xd2, 0xcb, 0xcd, 0xd1, 0xe8, 0x03, 0x03, 0xe8, 0x03, 0xe8, 0xe8, 0xe8, 0xe8, 0xe9, 0xe8, 0xe8, 0x03, 0xe8, 0xe8, 0xec, 0xe8, 0xe2, 0xec, 0xe8, 0xe2, 0x02, 0xeb, 0xe1, 0x01, 0x01, 0x01, 0x01, 0x01, 0x01, 0x01, 0x01, 0x01, 0x01, 0x01, 0x01, 0x01, 0x01, 0x01, 0x01, 0x01, 0x01, 0x01, 0x01, 0x01, 0x01, 0x01, 0x01, 0x01, 0x01, 0x01, 0xf4, 0x01, 0xf4, 0x01, 0xf4, 0x01, 0xf4, 0x01, 0xf4, 0x01, 0xf4, 0x01, 0xf4, 0x01, 0xf4, 0x01, 0xf4, 0x01, 0xf4, 0x01, 0xf4, 0x01, 0xf4, 0x01, 0xf4, 0x01, 0xf4, 0x01, 0xf4, 0x01, 0xf4, 0x01, 0xf4, 0x01, 0xf4, 0x01, 0xf4, 0x01, 0xf4, 0x01, 0xf4, 0x01, 0xf4, 0x01, 0xf4, 0x01, 0xf4, 0x01, 0xf4, 0x01, 0xf4, 0x01, 0xf4, 0x01, 0xf4, 0x01, 0xf4, 0x01, 0xf4, 0x01, 0xf4, 0x01, 0xf4, 0x01, 0xf4, 0x01, 0xf4, 0x01, 0xf4, 0x01, 0xf4, 0x01, 0x01, 0x01, 0x01, 0x01, 0x01, 0x01, 0x01, 0x01, 0x01, 0x01, 0x01, 0x01, 0x01, 0x01, 0x01, 0x01, 0x01, 0x01, 0x01, 0x01, 0x01, 0x01, 0x01, 0x01, 0xe1, 0x01, 0x01, 0x01, 0x01, 0x01, 0x01, 0x01, 0xe1, 0xe1, 0xe1, 0xe1, 0xe1, 0xe1, 0xe1, 0xe1, 0xe1, 0xeb, 0xe1, 0xeb, 0xe1, 0xeb, 0xe1, 0xeb, 0xe1, 0xeb, 0xe1, 0xeb, 0xf6, 0xeb, 0xf6, 0xeb, 0xf6, 0xeb, 0xf6, 0xeb, 0xf6, 0xf6, 0xf6, 0xf6, 0xf6, 0xf6, 0xf6, 0xf6, 0x02, 0x02, 0xf6, 0x02, 0xf6, 0x02, 0xf6, 0x02, 0x02, 0x02, 0x02, 0x02, 0x02, 0x02, 0x02, 0x02, 0x02, 0xe2, 0x02, 0x02, 0x02, 0x02, 0xe2, 0x02, 0x02, 0x02, 0xe2, 0xe2, 0xe2, 0xe2, 0xe2, 0xe2, 0xe2, 0xec, 0xe2, 0xec, 0xe2, 0xec, 0xe2, 0xec, 0xec, 0xe2, 0xec, 0xe2, 0xec, 0xec, 0xe8, 0xec, 0xe8, 0xec, 0x03, 0xe8, 0x03, 0xe8, 0x03, 0xe8, 0x03, 0x03, 0x03, 0x03, 0x03, 0x03, 0x03, 0x03, 0x03, 0x03, 0x03, 0x03, 0x03, 0x04, 0x03, 0x03, 0x03, 0x04, 0x03, 0x04, 0x03, 0x04, 0x04, 0x04, 0x03, 0x04, 0x03, 0x04, 0x03, 0x04, 0x04, 0x04, 0x04, 0x04, 0x04, 0x04, 
  0x01, 0x01, 0x01, 0x01, 0x01, 0x01, 0x01, 0x01, 0x01, 0x01, 0x01, 0x01, 0x01, 0x01, 0x01, 0x01, 0x01, 0xe0, 0x01, 0x01, 0x01, 0x01, 0x01, 0x01, 0xe1, 0x01, 0x01, 0xe1, 0x02, 0xec, 0x08, 0x03, 0xd1, 0x01, 0x01, 0xe6, 0x03, 0xed, 0x03, 0xfb, 0xe8, 0xfb, 0xe8, 0xe8, 0x03, 0xe8, 0xe8, 0xe8, 0x03, 0xe8, 0xec, 0xe8, 0xe8, 0xec, 0xec, 0xe2, 0xec, 0x02, 0xeb, 0xe1, 0xf4, 0x01, 0x01, 0x01, 0x01, 0x01, 0x01, 0x01, 0x01, 0x01, 0x01, 0x01, 0x01, 0x01, 0x01, 0x01, 0x01, 0x01, 0x01, 0x01, 0x01, 0x01, 0x01, 0x01, 0x01, 0x01, 0x01, 0x01, 0x01, 0xf4, 0x01, 0xf4, 0x01, 0xf4, 0x01, 0xf4, 0x01, 0xf4, 0x01, 0xf4, 0x01, 0xf4, 0x01, 0xf4, 0x01, 0xf4, 0x01, 0xf4, 0x01, 0xf4, 0x01, 0xf4, 0x01, 0xf4, 0x01, 0xf4, 0x01, 0xf4, 0x01, 0xf4, 0x01, 0xf4, 0x01, 0xf4, 0x01, 0xf4, 0x01, 0xf4, 0x01, 0xf4, 0x01, 0xf4, 0x01, 0xf4, 0x01, 0xf4, 0x01, 0xf4, 0x01, 0xf4, 0x01, 0xf4, 0x01, 0xf4, 0x01, 0xf4, 0x01, 0xf4, 0x01, 0xf4, 0x01, 0xf4, 0x01, 0xf4, 0x01, 0xf4, 0x01, 0xf4, 0x01, 0xf4, 0x01, 0x01, 0x01, 0x01, 0x01, 0x01, 0x01, 0x01, 0x01, 0x01, 0x01, 0x01, 0x01, 0x01, 0x01, 0x01, 0x01, 0x01, 0x01, 0x01, 0x01, 0x01, 0x01, 0x01, 0x01, 0xe1, 0x01, 0xe1, 0x01, 0xe1, 0x01, 0xe1, 0xe1, 0xe1, 0xe1, 0xe1, 0xe1, 0xe1, 0xe1, 0xe1, 0xeb, 0xe1, 0xeb, 0xe1, 0xeb, 0xe1, 0xeb, 0xe1, 0xeb, 0xe1, 0xeb, 0xe1, 0xeb, 0xf6, 0xeb, 0xf6, 0xeb, 0xf6, 0xeb, 0xf6, 0xeb, 0xf6, 0xf6, 0xf6, 0xf6, 0xf6, 0xf6, 0x02, 0xf6, 0x02, 0x02, 0xf6, 0x02, 0xf6, 0x02, 0xf6, 0x02, 0x02, 0x02, 0x02, 0x02, 0x02, 0x02, 0x02, 0x02, 0x02, 0xe2, 0x02, 0x02, 0x02, 0x02, 0xe2, 0x02, 0xe2, 0xe2, 0xe2, 0xe2, 0xe2, 0xe2, 0xe2, 0xec, 0xe2, 0xec, 0xe2, 0xec, 0xe2, 0xec, 0xe2, 0xec, 0xec, 0xe2, 0xec, 0xe2, 0xec, 0xe8, 0xe8, 0xec, 0xe8, 0xe8, 0xe8, 0xe8, 0xe8, 0xe8, 0x03, 0x03, 0x03, 0x03, 0x03, 0x03, 0x03, 0x03, 0x03, 0x03, 0x03, 0x03, 0x03, 0x03, 0x03, 0x03, 0x04, 0x03, 0x03, 0x03, 0x03, 0x04, 0x04, 0x03, 0x04, 0x04, 0x04, 0x04, 0x04, 0x04, 0x04, 0x03, 0x04, 0x04, 0x04, 0x04, 0x04, 
  0x01, 0x01, 0x01, 0x01, 0x01, 0x01, 0x01, 0x01, 0x01, 0x01, 0x01, 0x01, 0x01, 0x01, 0x01, 0x01, 0x01, 0x01, 0x01, 0x01, 0x01, 0x01, 0x01, 0x01, 0xf0, 0xf4, 0xe1, 0xfe, 0xe8, 0xfb, 0xe2, 0xf6, 0x01, 0xe0, 0x01, 0xe6, 0xe8, 0x04, 0x03, 0xfb, 0xfb, 0x03, 0xfb, 0xfb, 0x03, 0xfb, 0x03, 0xe8, 0xe8, 0xe8, 0xe8, 0xe8, 0xec, 0xe8, 0xe2, 0xec, 0xf6, 0xeb, 0xe1, 0x01, 0x01, 0x01, 0x01, 0x01, 0x01, 0x01, 0x01, 0x01, 0x01, 0x01, 0x01, 0x01, 0x01, 0x01, 0x01, 0x01, 0x01, 0x01, 0x01, 0x01, 0x01, 0x01, 0x01, 0x01, 0x01, 0x01, 0x01, 0x01, 0xf4, 0x01, 0xf4, 0x01, 0xf4, 0x01, 0xf4, 0x01, 0xf4, 0x01, 0xf4, 0x01, 0xf4, 0x01, 0xf4, 0x01, 0xf4, 0x01, 0xf4, 0x01, 0xf4, 0x01, 0xf4, 0x01, 0xf4, 0x01, 0xf4, 0x01, 0xf4, 0x01, 0xf4, 0x01, 0xf4, 0x01, 0xf4, 0x01, 0xf4, 0x01, 0xf4, 0x01, 0xf4, 0x01, 0xf4, 0x01, 0xf4, 0x01, 0xf4, 0x01, 0xf4, 0x01, 0xf4, 0x01, 0xf4, 0x01, 0xf4, 0x01, 0xf4, 0x01, 0xf4, 0x01, 0xf4, 0x01, 0xf4, 0x01, 0x01, 0x01, 0x01, 0x01, 0x01, 0x01, 0x01, 0x01, 0x01, 0x01, 0x01, 0x01, 0x01, 0x01, 0x01, 0x01, 0x01, 0x01, 0x01, 0x01, 0x01, 0x01, 0x01, 0x01, 0x01, 0x01, 0x01, 0x01, 0x01, 0x01, 0x01, 0x01, 0xe1, 0x01, 0x01, 0x01, 0x01, 0x01, 0x01, 0x01, 0xe1, 0xe1, 0xe1, 0xe1, 0xe1, 0xe1, 0xe1, 0xe1, 0xe1, 0xeb, 0xe1, 0xeb, 0xe1, 0xeb, 0xe1, 0xeb, 0xe1, 0xeb, 0xe1, 0xeb, 0xf6, 0xeb, 0xf6, 0xeb, 0xf6, 0xeb, 0xf6, 0xeb, 0xf6, 0xf6, 0xf6, 0xf6, 0xf6, 0xf6, 0xf6, 0xf6, 0x02, 0x02, 0xf6, 0x02, 0xf6, 0x02, 0xf6, 0x02, 0x02, 0x02, 0x02, 0x02, 0x02, 0x02, 0x02, 0x02, 0x02, 0xe2, 0x02, 0x02, 0x02, 0x02, 0xe2, 0x02, 0x02, 0x02, 0xe2, 0xe2, 0xe2, 0xe2, 0xe2, 0xe2, 0xe2, 0xec, 0xe2, 0xec, 0xe2, 0xec, 0xe2, 0xec, 0xec, 0xe2, 0xec, 0xe2, 0xec, 0xec, 0xe8, 0xec, 0xe8, 0xec, 0x03, 0xe8, 0x03, 0xe8, 0x03, 0xe8, 0x03, 0x03, 0x03, 0x03, 0x03, 0x03, 0x03, 0x03, 0x03, 0x03, 0x03, 0x03, 0x03, 0x04, 0x03, 0x03, 0x03, 0x04, 0x03, 0x04, 0x03, 0x04, 0x04, 0x04, 0x03, 0x04, 0x03, 0x04, 0x03, 0x04, 0x04, 0x04, 0x04, 0x04, 0x04, 0x04, 
  0x01, 0x01, 0x01, 0x01, 0x01, 0x01, 0x01, 0x01, 0x01, 0x01, 0x01, 0x01, 0x01, 0x01, 0x01, 0x01, 0x01, 0x01, 0x01, 0x01, 0x01, 0x01, 0x01, 0x01, 0x01, 0x01, 0xf0, 0x02, 0xfb, 0xe8, 0xfe, 0x00, 0x01, 0xe6, 0xe5, 0xe7, 0xf5, 0xe8, 0x03, 0x04, 0xfb, 0xfb, 0xfb, 0x03, 0xfb, 0xfb, 0x03, 0xfb, 0x03, 0xe8, 0xe8, 0xec, 0xe8, 0xec, 0xec, 0xe2, 0xe1, 0xe1, 0x01, 0x01, 0x01, 0x01, 0x01, 0x01, 0x01, 0x01, 0x01, 0x01, 0x01, 0x01, 0x01, 0x01, 0x01, 0x01, 0x01, 0x01, 0x01, 0x01, 0x01, 0x01, 0x01, 0x01, 0x01, 0x01, 0x01, 0x01, 0x01, 0xe1, 0x01, 0xf4, 0x01, 0xf4, 0x01, 0xf4, 0x01, 0xf4, 0x01, 0xf4, 0x01, 0xf4, 0x01, 0xf4, 0x01, 0xf4, 0x01, 0xf4, 0x01, 0xf4, 0x01, 0xf4, 0x01, 0xf4, 0x01, 0xf4, 0x01, 0xf4, 0x01, 0xf4, 0x01, 0xf4, 0x01, 0xf4, 0x01, 0xf4, 0x01, 0xf4, 0x01, 0xf4, 0x01, 0xf4, 0x01, 0xf4, 0x01, 0xf4, 0x01, 0xf4, 0x01, 0xf4, 0x01, 0xf4, 0x01, 0xf4, 0x01, 0xf4, 0x01, 0xf4, 0x01, 0xf4, 0x01, 0xf4, 0x01, 0xf4, 0x01, 0x01, 0x01, 0x01, 0x01, 0x01, 0x01, 0x01, 0x01, 0x01, 0x01, 0x01, 0x01, 0x01, 0x01, 0x01, 0x01, 0x01, 0x01, 0x01, 0x01, 0x01, 0x01, 0x01, 0x01, 0x01, 0x01, 0x01, 0x01, 0x01, 0x01, 0x01, 0x01, 0xe1, 0x01, 0xe1, 0x01, 0xe1, 0x01, 0xe1, 0xe1, 0xe1, 0xe1, 0xe1, 0xe1, 0xe1, 0xe1, 0xe1, 0xeb, 0xe1, 0xeb, 0xe1, 0xeb, 0xe1, 0xeb, 0xe1, 0xeb, 0xe1, 0xeb, 0xe1, 0xeb, 0xf6, 0xeb, 0xf6, 0xeb, 0xf6, 0xeb, 0xf6, 0xeb, 0xf6, 0xf6, 0xf6, 0xf6, 0xf6, 0xf6, 0x02, 0xf6, 0x02, 0x02, 0xf6, 0x02, 0xf6, 0x02, 0xf6, 0x02, 0x02, 0x02, 0x02, 0x02, 0x02, 0x02, 0x02, 0x02, 0x02, 0xe2, 0x02, 0x02, 0x02, 0x02, 0xe2, 0x02, 0xe2, 0xe2, 0xe2, 0xe2, 0xe2, 0xe2, 0xe2, 0xec, 0xe2, 0xec, 0xe2, 0xec, 0xe2, 0xec, 0xe2, 0xec, 0xec, 0xe2, 0xec, 0xe2, 0xec, 0xe8, 0xe8, 0xec, 0xe8, 0xe8, 0xe8, 0xe8, 0xe8, 0xe8, 0x03, 0x03, 0x03, 0x03, 0x03, 0x03, 0x03, 0x03, 0x03, 0x03, 0x03, 0x03, 0x03, 0x03, 0x03, 0x03, 0x04, 0x03, 0x03, 0x03, 0x03, 0x04, 0x04, 0x03, 0x04, 0x04, 0x04, 0x04, 0x04, 0x04, 0x04, 0x03, 0x04, 0x04, 0x04, 0x04, 0x04, 
  0x01, 0x01, 0x01, 0x01, 0x01, 0x01, 0x01, 0x01, 0x01, 0x01, 0x01, 0x01, 0x01, 0x01, 0xe1, 0x01, 0xe1, 0x01, 0xe1, 0x01, 0xe1, 0x01, 0xe1, 0x01, 0xf4, 0xe1, 0xe2, 0x02, 0xf6, 0xe1, 0x01, 0xeb, 0xeb, 0xe6, 0xf0, 0x01, 0xeb, 0x02, 0xe8, 0x03, 0xe8, 0x03, 0x03, 0xe8, 0xec, 0xe8, 0x03, 0x03, 0xe8, 0xe8, 0x03, 0x03, 0xe8, 0x02, 0xe1, 0x01, 0x01, 0x01, 0xe1, 0x01, 0xe1, 0x01, 0x01, 0x01, 0x01, 0x01, 0x01, 0x01, 0x01, 0x01, 0x01, 0x01, 0x01, 0x01, 0x01, 0x01, 0x01, 0x01, 0x01, 0x01, 0x01, 0x01, 0x01, 0x01, 0x01, 0x01, 0x01, 0x01, 0x01, 0x01, 0x01, 0x01, 0x01, 0x01, 0x01, 0x01, 0x01, 0x01, 0x01, 0x01, 0x01, 0x01, 0x01, 0x01, 0x01, 0x01, 0x01, 0x01, 0x01, 0x01, 0x01, 0x01, 0x01, 0x01, 0x01, 0x01, 0x01, 0x01, 0x01, 0x01, 0x01, 0x01, 0x01, 0x01, 0x01, 0x01, 0x01, 0x01, 0x01, 0x01, 0x01, 0x01, 0x01, 0x01, 0x01, 0x01, 0x01, 0x01, 0x01, 0x01, 0x01, 0x01, 0x01, 0x01, 0x01, 0x01, 0x01, 0x01, 0x01, 0x01, 0x01, 0x01, 0x01, 0x01, 0x01, 0x01, 0x01, 0x01, 0x01, 0x01, 0x01, 0x01, 0x01, 0x01, 0x01, 0xe1, 0x01, 0xe1, 0x01, 0x01, 0x01, 0x01, 0x01, 0x01, 0x01, 0x01, 0x01, 0x01, 0x01, 0x01, 0x01, 0xe1, 0xe1, 0xe1, 0xe1, 0xe1, 0xe1, 0xe1, 0xe1, 0xe1, 0xe1, 0xe1, 0xe1, 0xe1, 0xe1, 0xeb, 0xeb, 0xeb, 0xeb, 0xeb, 0xe1, 0xeb, 0xe1, 0xeb, 0xeb, 0xf6, 0xeb, 0xf6, 0xeb, 0xf6, 0xeb, 0xf6, 0xeb, 0xf6, 0xeb, 0xf6, 0xf6, 0xf6, 0xf6, 0xf6, 0xf6, 0xf6, 0xf6, 0xf6, 0x02, 0x02, 0x02, 0xf6, 0x02, 0x02, 0xf6, 0x02, 0xf6, 0x02, 0xf6, 0x02, 0x02, 0x02, 0x02, 0x02, 0x02, 0x02, 0x02, 0x02, 0x02, 0xe2, 0x02, 0xe2, 0x02, 0xe2, 0x02, 0xe2, 0xe2, 0xe2, 0xe2, 0xe2, 0xe2, 0xe2, 0xe2, 0xe2, 0xe2, 0xec, 0xe2, 0xec, 0xe2, 0xec, 0xec, 0xe8, 0xe8, 0xec, 0x03, 0xe8, 0xe8, 0xe8, 0xec, 0xe8, 0x03, 0xe8, 0x03, 0xe8, 0x03, 0xe8, 0x03, 0xe8, 0x03, 0x03, 0x03, 0x03, 0x03, 0x03, 0x03, 0x03, 0x03, 0x03, 0x03, 0x04, 0x03, 0x04, 0x03, 0x03, 0x03, 0x04, 0x03, 0x04, 0x03, 0x04, 0x04, 0x04, 0x03, 0x04, 0x03, 0x04, 0x03, 0x04, 0x04, 0x04, 0x03, 0x04, 0x04, 0x04, 
  0x01, 0xe1, 0x01, 0xe1, 0x01, 0xe1, 0x01, 0xe1, 0x01, 0xe1, 0x01, 0xe1, 0x01, 0xe1, 0x01, 0x01, 0x01, 0xe1, 0x01, 0x01, 0x01, 0x01, 0x01, 0xe1, 0xf4, 0xeb, 0xf6, 0x02, 0xeb, 0x01, 0x01, 0xe1, 0xe1, 0x01, 0x01, 0xe1, 0xe1, 0xf6, 0x02, 0xe8, 0xe8, 0x03, 0x03, 0x03, 0xe8, 0xec, 0x03, 0x03, 0xe8, 0xec, 0x03, 0xec, 0xe2, 0xf6, 0xe1, 0x01, 0x01, 0xe1, 0x01, 0x01, 0x01, 0xe1, 0x01, 0xe1, 0x01, 0x01, 0x01, 0x01, 0x01, 0x01, 0x01, 0x01, 0x01, 0x01, 0x01, 0x01, 0x01, 0x01, 0x01, 0x01, 0x01, 0x01, 0x01, 0x01, 0x01, 0x01, 0x01, 0x01, 0x01, 0x01, 0x01, 0x01, 0x01, 0x01, 0x01, 0x01, 0x01, 0x01, 0x01, 0x01, 0x01, 0x01, 0x01, 0x01, 0x01, 0x01, 0x01, 0x01, 0x01, 0x01, 0x01, 0x01, 0x01, 0x01, 0x01, 0x01, 0x01, 0x01, 0x01, 0x01, 0x01, 0x01, 0x01, 0x01, 0x01, 0x01, 0x01, 0x01, 0x01, 0x01, 0x01, 0x01, 0x01, 0x01, 0x01, 0x01, 0x01, 0x01, 0x01, 0x01, 0x01, 0x01, 0x01, 0x01, 0x01, 0x01, 0x01, 0x01, 0x01, 0x01, 0x01, 0x01, 0x01, 0x01, 0x01, 0x01, 0x01, 0x01, 0x01, 0x01, 0x01, 0x01, 0x01, 0x01, 0x01, 0x01, 0x01, 0x01, 0xe1, 0x01, 0xe1, 0x01, 0xe1, 0x01, 0xe1, 0x01, 0xe1, 0x01, 0xe1, 0x01, 0xe1, 0xe1, 0xe1, 0xe1, 0xe1, 0xe1, 0xe1, 0xe1, 0xe1, 0xe1, 0xe1, 0xe1, 0xe1, 0xe1, 0xe1, 0xeb, 0xe1, 0xeb, 0xe1, 0xeb, 0xeb, 0xe1, 0xeb, 0xe1, 0xf6, 0xeb, 0xf6, 0xeb, 0xf6, 0xeb, 0xf6, 0xeb, 0xf6, 0xeb, 0xf6, 0xeb, 0xf6, 0xf6, 0xf6, 0xf6, 0xf6, 0xf6, 0xf6, 0xf6, 0x02, 0xf6, 0x02, 0x02, 0xf6, 0x02, 0x02, 0xf6, 0x02, 0xf6, 0x02, 0xf6, 0x02, 0x02, 0x02, 0x02, 0x02, 0xe2, 0x02, 0xe2, 0x02, 0x02, 0x02, 0x02, 0x02, 0x02, 0xe2, 0xe2, 0xe2, 0xe2, 0xe2, 0xe2, 0xe2, 0xe2, 0xe2, 0xe2, 0xec, 0xe2, 0xec, 0xe2, 0xec, 0xe2, 0xe8, 0xec, 0xe8, 0xe8, 0xe8, 0x03, 0xec, 0xe8, 0xe8, 0xe8, 0xe8, 0xe8, 0xe8, 0xe8, 0xe8, 0xe8, 0xe8, 0x03, 0x03, 0x03, 0x03, 0x03, 0x03, 0x03, 0x03, 0x03, 0x03, 0x03, 0x04, 0x03, 0x03, 0x03, 0x03, 0x04, 0x03, 0x03, 0x03, 0x03, 0x04, 0x04, 0x03, 0x04, 0x04, 0x04, 0x04, 0x04, 0x04, 0x04, 0x03, 0x04, 0x04, 0x04, 0x03, 0x04, 
  0xe1, 0x01, 0x01, 0x01, 0x01, 0x01, 0x01, 0x01, 0x01, 0x01, 0x01, 0x01, 0x01, 0x01, 0xe1, 0x01, 0xe1, 0x01, 0xe1, 0x01, 0xe1, 0x01, 0xe1, 0x01, 0x01, 0xe1, 0xf6, 0xeb, 0x01, 0x01, 0x01, 0xe1, 0x01, 0x01, 0x01, 0x01, 0x01, 0xe1, 0xeb, 0xf6, 0xe8, 0xe8, 0x03, 0x03, 0xe8, 0x03, 0xe8, 0x04, 0xec, 0xe8, 0xec, 0x02, 0x02, 0xeb, 0x01, 0x01, 0xe1, 0x01, 0xe1, 0x01, 0xe1, 0x01, 0x01, 0x01, 0x01, 0x01, 0x01, 0x01, 0x01, 0x01, 0x01, 0x01, 0x01, 0x01, 0x01, 0x01, 0x01, 0x01, 0x01, 0x01, 0x01, 0x01, 0x01, 0x01, 0x01, 0x01, 0x01, 0x01, 0x01, 0x01, 0x01, 0x01, 0x01, 0x01, 0x01, 0x01, 0x01, 0x01, 0x01, 0x01, 0x01, 0x01, 0x01, 0x01, 0x01, 0x01, 0x01, 0x01, 0x01, 0x01, 0x01, 0x01, 0x01, 0x01, 0x01, 0x01, 0x01, 0x01, 0x01, 0x01, 0x01, 0x01, 0x01, 0x01, 0x01, 0x01, 0x01, 0x01, 0x01, 0x01, 0x01, 0x01, 0x01, 0x01, 0x01, 0x01, 0x01, 0x01, 0x01, 0x01, 0x01, 0x01, 0x01, 0x01, 0x01, 0x01, 0x01, 0x01, 0x01, 0x01, 0x01, 0x01, 0x01, 0x01, 0x01, 0x01, 0x01, 0x01, 0x01, 0x01, 0x01, 0x01, 0x01, 0x01, 0x01, 0xe1, 0x01, 0xe1, 0x01, 0x01, 0x01, 0x01, 0x01, 0x01, 0x01, 0x01, 0x01, 0x01, 0x01, 0x01, 0x01, 0xe1, 0xe1, 0xe1, 0xe1, 0xe1, 0xe1, 0xe1, 0xe1, 0xe1, 0xe1, 0xe1, 0xe1, 0xe1, 0xe1, 0xe1, 0xeb, 0xe1, 0xeb, 0xeb, 0xe1, 0xeb, 0xe1, 0xeb, 0xeb, 0xf6, 0xeb, 0xf6, 0xeb, 0xf6, 0xeb, 0xf6, 0xeb, 0xf6, 0xeb, 0xf6, 0xf6, 0xf6, 0xf6, 0xf6, 0xf6, 0xf6, 0xf6, 0xf6, 0xf6, 0x02, 0x02, 0xf6, 0x02, 0x02, 0xf6, 0x02, 0xf6, 0x02, 0xf6, 0x02, 0x02, 0x02, 0x02, 0x02, 0xe2, 0x02, 0x02, 0x02, 0x02, 0xe2, 0x02, 0xe2, 0x02, 0xe2, 0x02, 0xe2, 0xe2, 0xe2, 0xe2, 0xe2, 0xe2, 0xe2, 0xe2, 0xe2, 0xe2, 0xec, 0xe2, 0xec, 0xe2, 0xec, 0xec, 0xe8, 0xe8, 0xec, 0x03, 0xe8, 0xe8, 0xec, 0xe8, 0xe8, 0x03, 0xe8, 0x03, 0xe8, 0x03, 0xe8, 0x03, 0xe8, 0x03, 0x03, 0x03, 0x03, 0x03, 0x03, 0x03, 0x03, 0x03, 0x03, 0x03, 0x04, 0x03, 0x04, 0x03, 0x03, 0x03, 0x04, 0x03, 0x04, 0x03, 0x04, 0x04, 0x04, 0x03, 0x04, 0x03, 0x04, 0x03, 0x04, 0x04, 0x04, 0x03, 0x04, 0x04, 0x04, 
  0x01, 0xe1, 0x01, 0xe1, 0x01, 0xe1, 0x01, 0xe1, 0x01, 0xe1, 0x01, 0xe1, 0x01, 0xe1, 0x01, 0x01, 0x01, 0x01, 0x01, 0x01, 0x01, 0x01, 0x01, 0x01, 0x01, 0x01, 0xe1, 0x01, 0x01, 0xf8, 0x01, 0x01, 0x01, 0x01, 0x01, 0x01, 0xe1, 0x01, 0xe1, 0x01, 0xec, 0xe8, 0xe8, 0x03, 0xe8, 0xe8, 0x03, 0x03, 0xe8, 0xec, 0x02, 0xf6, 0xeb, 0x01, 0xe1, 0x01, 0x01, 0x01, 0x01, 0x01, 0x01, 0xe1, 0x01, 0xe1, 0x01, 0x01, 0x01, 0x01, 0x01, 0x01, 0x01, 0x01, 0x01, 0x01, 0x01, 0x01, 0x01, 0x01, 0x01, 0x01, 0x01, 0x01, 0x01, 0x01, 0x01, 0x01, 0x01, 0x01, 0x01, 0x01, 0x01, 0x01, 0x01, 0x01, 0x01, 0x01, 0x01, 0x01, 0x01, 0x01, 0x01, 0x01, 0x01, 0x01, 0x01, 0x01, 0x01, 0x01, 0x01, 0x01, 0x01, 0x01, 0x01, 0x01, 0x01, 0x01, 0x01, 0x01, 0x01, 0x01, 0x01, 0x01, 0x01, 0x01, 0x01, 0x01, 0x01, 0x01, 0x01, 0x01, 0x01, 0x01, 0x01, 0x01, 0x01, 0x01, 0x01, 0x01, 0x01, 0x01, 0x01, 0x01, 0x01, 0x01, 0x01, 0x01, 0x01, 0x01, 0x01, 0x01, 0x01, 0x01, 0x01, 0x01, 0x01, 0x01, 0x01, 0x01, 0x01, 0x01, 0x01, 0x01, 0x01, 0x01, 0x01, 0x01, 0x01, 0x01, 0xe1, 0x01, 0xe1, 0x01, 0xe1, 0x01, 0xe1, 0x01, 0xe1, 0x01, 0xe1, 0x01, 0xe1, 0xe1, 0xe1, 0xe1, 0xe1, 0xe1, 0xe1, 0xe1, 0xe1, 0xe1, 0xe1, 0xe1, 0xe1, 0xe1, 0xe1, 0xeb, 0xe1, 0xeb, 0xe1, 0xeb, 0xeb, 0xe1, 0xeb, 0xe1, 0xf6, 0xeb, 0xf6, 0xeb, 0xf6, 0xeb, 0xf6, 0xeb, 0xf6, 0xeb, 0xf6, 0xeb, 0xf6, 0xf6, 0xf6, 0xf6, 0xf6, 0xf6, 0xf6, 0xf6, 0x02, 0xf6, 0x02, 0x02, 0xf6, 0x02, 0x02, 0xf6, 0x02, 0xf6, 0x02, 0xf6, 0x02, 0x02, 0x02, 0x02, 0x02, 0xe2, 0x02, 0xe2, 0x02, 0x02, 0x02, 0x02, 0x02, 0x02, 0xe2, 0xe2, 0xe2, 0xe2, 0xe2, 0xe2, 0xe2, 0xe2, 0xe2, 0xe2, 0xec, 0xe2, 0xec, 0xe2, 0xec, 0xe2, 0xe8, 0xec, 0xe8, 0xe8, 0xe8, 0x03, 0xec, 0xe8, 0xec, 0x03, 0xe8, 0xe8, 0xe8, 0xe8, 0xe8, 0xe8, 0xe8, 0x03, 0x03, 0x03, 0x03, 0x03, 0x03, 0x03, 0x03, 0x03, 0x03, 0x03, 0x04, 0x03, 0x03, 0x03, 0x03, 0x04, 0x03, 0x03, 0x03, 0x03, 0x04, 0x04, 0x03, 0x04, 0x04, 0x04, 0x04, 0x04, 0x04, 0x04, 0x03, 0x04, 0x04, 0x04, 0x03, 0x04, 
};

const lv_img_dsc_t new_dd_tricks = {
 LV_IMG_CF_INDEXED_8BIT,
   0,
  0,
  320,
  180,
   58624,
   new_dd_tricks_map,
};
